ISO-10303-21;
HEADER;
FILE_DESCRIPTION (( 'STEP AP214' ),
    '1' );
FILE_NAME ('FrontWingBuggy.STEP',
    '2024-04-28T11:48:14',
    ( '' ),
    ( '' ),
    'SwSTEP 2.0',
    'SolidWorks 2022',
    '' );
FILE_SCHEMA (( 'AUTOMOTIVE_DESIGN' ));
ENDSEC;

DATA;
#1 = DIRECTION ( 'NONE',  ( -2.937503844654690540E-16, 0.000000000000000000, 1.000000000000000000 ) ) ;
#2 = CARTESIAN_POINT ( 'NONE',  ( 65.49999999999997158, -20.60000000000001563, -105.7000000000000881 ) ) ;
#3 = ORIENTED_EDGE ( 'NONE', *, *, #2220, .T. ) ;
#4 = EDGE_CURVE ( 'NONE', #1625, #832, #1368, .T. ) ;
#5 = ORIENTED_EDGE ( 'NONE', *, *, #3001, .F. ) ;
#6 = VERTEX_POINT ( 'NONE', #2058 ) ;
#7 = DIRECTION ( 'NONE',  ( 0.000000000000000000, 1.000000000000000000, 0.000000000000000000 ) ) ;
#8 = ORIENTED_EDGE ( 'NONE', *, *, #1120, .T. ) ;
#9 = VECTOR ( 'NONE', #1452, 1000.000000000000000 ) ;
#10 = EDGE_CURVE ( 'NONE', #2748, #2877, #679, .T. ) ;
#11 = ORIENTED_EDGE ( 'NONE', *, *, #2215, .T. ) ;
#12 = CARTESIAN_POINT ( 'NONE',  ( -50.49999999999997868, -20.60000000000001563, 0.000000000000000000 ) ) ;
#13 = CIRCLE ( 'NONE', #2637, 1.750000000000001554 ) ;
#14 = FACE_OUTER_BOUND ( 'NONE', #71, .T. ) ;
#15 = AXIS2_PLACEMENT_3D ( 'NONE', #1081, #2471, #2456 ) ;
#16 = ORIENTED_EDGE ( 'NONE', *, *, #1340, .F. ) ;
#17 = AXIS2_PLACEMENT_3D ( 'NONE', #2325, #2522, #524 ) ;
#18 = DIRECTION ( 'NONE',  ( 1.000000000000000000, 0.000000000000000000, -3.083952846180988308E-16 ) ) ;
#19 = DIRECTION ( 'NONE',  ( 1.040834085586083310E-14, 0.000000000000000000, 1.000000000000000000 ) ) ;
#20 = VECTOR ( 'NONE', #37, 1000.000000000000000 ) ;
#21 = ORIENTED_EDGE ( 'NONE', *, *, #877, .F. ) ;
#22 = LINE ( 'NONE', #2574, #2189 ) ;
#23 = ORIENTED_EDGE ( 'NONE', *, *, #1055, .F. ) ;
#24 = ORIENTED_EDGE ( 'NONE', *, *, #80, .F. ) ;
#25 = CARTESIAN_POINT ( 'NONE',  ( -30.49999999999992895, -47.12997571504072880, -122.5284271247462300 ) ) ;
#26 = ORIENTED_EDGE ( 'NONE', *, *, #2419, .F. ) ;
#27 = EDGE_CURVE ( 'NONE', #514, #2748, #2542, .T. ) ;
#28 = ORIENTED_EDGE ( 'NONE', *, *, #865, .T. ) ;
#29 = LINE ( 'NONE', #2993, #2684 ) ;
#30 = ADVANCED_FACE ( 'NONE', ( #410 ), #2237, .F. ) ;
#31 = PLANE ( 'NONE',  #2786 ) ;
#32 = LINE ( 'NONE', #725, #2385 ) ;
#33 = ORIENTED_EDGE ( 'NONE', *, *, #1231, .T. ) ;
#34 = EDGE_LOOP ( 'NONE', ( #2673, #2017, #1355, #1385 ) ) ;
#35 = DIRECTION ( 'NONE',  ( 0.000000000000000000, 0.000000000000000000, 1.000000000000000000 ) ) ;
#36 = ORIENTED_EDGE ( 'NONE', *, *, #2096, .T. ) ;
#37 = DIRECTION ( 'NONE',  ( 1.000000000000000000, 0.000000000000000000, 2.885194970439601952E-16 ) ) ;
#38 = VERTEX_POINT ( 'NONE', #821 ) ;
#39 = DIRECTION ( 'NONE',  ( 0.000000000000000000, 0.000000000000000000, -1.000000000000000000 ) ) ;
#40 = LINE ( 'NONE', #2157, #2937 ) ;
#41 = EDGE_CURVE ( 'NONE', #1767, #1589, #2876, .T. ) ;
#42 = EDGE_CURVE ( 'NONE', #571, #460, #1579, .T. ) ;
#43 = EDGE_LOOP ( 'NONE', ( #2006, #118, #2728, #2776 ) ) ;
#44 = CARTESIAN_POINT ( 'NONE',  ( 75.09999999999995168, -47.12997571504072880, -75.10000000000006537 ) ) ;
#45 = LINE ( 'NONE', #2396, #1754 ) ;
#46 = EDGE_CURVE ( 'NONE', #368, #696, #293, .T. ) ;
#47 = ORIENTED_EDGE ( 'NONE', *, *, #46, .F. ) ;
#48 = ORIENTED_EDGE ( 'NONE', *, *, #359, .T. ) ;
#49 = VERTEX_POINT ( 'NONE', #771 ) ;
#50 = ORIENTED_EDGE ( 'NONE', *, *, #2083, .T. ) ;
#51 = CARTESIAN_POINT ( 'NONE',  ( 68.49999999999997158, 1.602373713730178828E-30, -105.7000000000000881 ) ) ;
#52 = SURFACE_SIDE_STYLE ('',( #565 ) ) ;
#53 = DIRECTION ( 'NONE',  ( 7.501506923142942002E-16, -0.000000000000000000, 1.000000000000000000 ) ) ;
#54 = ORIENTED_EDGE ( 'NONE', *, *, #2236, .T. ) ;
#55 = LINE ( 'NONE', #990, #643 ) ;
#56 = AXIS2_PLACEMENT_3D ( 'NONE', #2720, #1773, #867 ) ;
#57 = EDGE_CURVE ( 'NONE', #1550, #2701, #1266, .T. ) ;
#58 = PLANE ( 'NONE',  #2971 ) ;
#59 = VECTOR ( 'NONE', #898, 1000.000000000000000 ) ;
#60 = VECTOR ( 'NONE', #216, 1000.000000000000000 ) ;
#61 = ORIENTED_EDGE ( 'NONE', *, *, #1450, .F. ) ;
#62 = CARTESIAN_POINT ( 'NONE',  ( 50.49999999999997868, -20.60000000000001563, 0.000000000000000000 ) ) ;
#63 = EDGE_CURVE ( 'NONE', #2571, #1524, #861, .T. ) ;
#64 = AXIS2_PLACEMENT_3D ( 'NONE', #645, #1827, #200 ) ;
#65 = AXIS2_PLACEMENT_3D ( 'NONE', #272, #91, #1200 ) ;
#66 = LINE ( 'NONE', #332, #109 ) ;
#67 = CIRCLE ( 'NONE', #2140, 2.000000000000001776 ) ;
#68 = VERTEX_POINT ( 'NONE', #1399 ) ;
#69 = DIRECTION ( 'NONE',  ( -1.000000000000000000, 0.000000000000000000, -2.885194970439601459E-16 ) ) ;
#70 = FACE_OUTER_BOUND ( 'NONE', #717, .T. ) ;
#71 = EDGE_LOOP ( 'NONE', ( #26, #23, #2404, #1692 ) ) ;
#72 = FACE_OUTER_BOUND ( 'NONE', #2131, .T. ) ;
#73 = DIRECTION ( 'NONE',  ( 0.000000000000000000, 1.000000000000000000, 0.000000000000000000 ) ) ;
#74 = LINE ( 'NONE', #1003, #2478 ) ;
#75 = LINE ( 'NONE', #1697, #2327 ) ;
#76 = ORIENTED_EDGE ( 'NONE', *, *, #1069, .F. ) ;
#77 = LINE ( 'NONE', #2826, #1611 ) ;
#78 = CARTESIAN_POINT ( 'NONE',  ( 25.49999999999992895, -26.10000000000002629, -133.8566243270258838 ) ) ;
#79 = VECTOR ( 'NONE', #218, 1000.000000000000114 ) ;
#80 = EDGE_CURVE ( 'NONE', #1101, #2635, #2627, .T. ) ;
#81 = FACE_OUTER_BOUND ( 'NONE', #671, .T. ) ;
#82 = ORIENTED_EDGE ( 'NONE', *, *, #84, .F. ) ;
#83 = CARTESIAN_POINT ( 'NONE',  ( -68.49999999999997158, -32.00000000000000000, -110.7000000000001734 ) ) ;
#84 = EDGE_CURVE ( 'NONE', #905, #261, #125, .T. ) ;
#85 = FACE_OUTER_BOUND ( 'NONE', #1430, .T. ) ;
#86 = ORIENTED_EDGE ( 'NONE', *, *, #1345, .F. ) ;
#87 = PLANE ( 'NONE',  #2436 ) ;
#88 = CARTESIAN_POINT ( 'NONE',  ( -68.49999999999998579, -21.67303296707959603, -149.1187127865819946 ) ) ;
#89 = DIRECTION ( 'NONE',  ( 1.000000000000000000, 0.000000000000000000, 0.000000000000000000 ) ) ;
#90 = ORIENTED_EDGE ( 'NONE', *, *, #2894, .T. ) ;
#91 = DIRECTION ( 'NONE',  ( 0.000000000000000000, 1.000000000000000000, 0.000000000000000000 ) ) ;
#92 = CARTESIAN_POINT ( 'NONE',  ( -65.50000000000001421, -18.05000000000001137, -144.4827935137480779 ) ) ;
#93 = LINE ( 'NONE', #2654, #2586 ) ;
#94 = CYLINDRICAL_SURFACE ( 'NONE', #1522, 2.000000000000001776 ) ;
#95 = DIRECTION ( 'NONE',  ( 0.000000000000000000, 1.000000000000000000, 0.000000000000000000 ) ) ;
#96 = ORIENTED_EDGE ( 'NONE', *, *, #2911, .F. ) ;
#97 = EDGE_CURVE ( 'NONE', #2526, #1781, #555, .T. ) ;
#98 = CARTESIAN_POINT ( 'NONE',  ( 65.49999999999998579, -30.21207867750534604, -150.8000000000000114 ) ) ;
#99 = ORIENTED_EDGE ( 'NONE', *, *, #1784, .F. ) ;
#100 = CARTESIAN_POINT ( 'NONE',  ( -65.49999999999997158, -22.80000000000001492, -141.0000000000000000 ) ) ;
#101 = EDGE_CURVE ( 'NONE', #539, #719, #1844, .T. ) ;
#102 = DIRECTION ( 'NONE',  ( 2.180683970394119782E-16, -0.7071067811865511255, 0.7071067811865440200 ) ) ;
#103 = LINE ( 'NONE', #2665, #799 ) ;
#104 = CYLINDRICAL_SURFACE ( 'NONE', #1220, 2.000000000000001776 ) ;
#105 = VECTOR ( 'NONE', #537, 1000.000000000000000 ) ;
#106 = DIRECTION ( 'NONE',  ( 2.773103077685025230E-16, -0.4375293894172972986, 0.8992041110872031062 ) ) ;
#107 = DIRECTION ( 'NONE',  ( 0.000000000000000000, 1.000000000000000000, 0.000000000000000000 ) ) ;
#108 = DIRECTION ( 'NONE',  ( 0.000000000000000000, 0.000000000000000000, -1.000000000000000000 ) ) ;
#109 = VECTOR ( 'NONE', #1010, 1000.000000000000000 ) ;
#110 = AXIS2_PLACEMENT_3D ( 'NONE', #804, #983, #1236 ) ;
#111 = CARTESIAN_POINT ( 'NONE',  ( -142.5000000000000568, -21.55000000000001492, -144.1426279727570545 ) ) ;
#112 = ORIENTED_EDGE ( 'NONE', *, *, #1735, .F. ) ;
#113 = VECTOR ( 'NONE', #2213, 1000.000000000000000 ) ;
#114 = VECTOR ( 'NONE', #2602, 1000.000000000000000 ) ;
#115 = CARTESIAN_POINT ( 'NONE',  ( -68.49999999999998579, 1.602373713730178828E-30, -153.7999999999999829 ) ) ;
#116 = PRESENTATION_LAYER_ASSIGNMENT (  '', '', ( #2741 ) ) ;
#117 = CIRCLE ( 'NONE', #2141, 1.750000000000001554 ) ;
#118 = ORIENTED_EDGE ( 'NONE', *, *, #2796, .T. ) ;
#119 = FACE_OUTER_BOUND ( 'NONE', #2947, .T. ) ;
#120 = EDGE_CURVE ( 'NONE', #1601, #2500, #74, .T. ) ;
#121 = VERTEX_POINT ( 'NONE', #2895 ) ;
#122 = DIRECTION ( 'NONE',  ( -3.469446951953611033E-15, 0.000000000000000000, 1.000000000000000000 ) ) ;
#123 = EDGE_CURVE ( 'NONE', #231, #288, #469, .T. ) ;
#124 = FILL_AREA_STYLE ('',( #2008 ) ) ;
#125 = LINE ( 'NONE', #2650, #1317 ) ;
#126 = PLANE ( 'NONE',  #1229 ) ;
#127 = CARTESIAN_POINT ( 'NONE',  ( 35.49999999999993605, -99.83410035229775303, -91.28622164017204454 ) ) ;
#128 = CARTESIAN_POINT ( 'NONE',  ( -68.49999999999998579, -10.15197879029933148, -136.0308564657625254 ) ) ;
#129 = ORIENTED_EDGE ( 'NONE', *, *, #1888, .F. ) ;
#130 = DIRECTION ( 'NONE',  ( -2.937503844654690540E-16, 0.000000000000000000, 1.000000000000000000 ) ) ;
#131 = DIRECTION ( 'NONE',  ( -1.000000000000000000, 0.000000000000000000, 0.000000000000000000 ) ) ;
#132 = FACE_OUTER_BOUND ( 'NONE', #2595, .T. ) ;
#133 = CARTESIAN_POINT ( 'NONE',  ( 50.49999999999997868, -28.60000000000001563, 0.000000000000000000 ) ) ;
#134 = ORIENTED_EDGE ( 'NONE', *, *, #2400, .F. ) ;
#135 = ORIENTED_EDGE ( 'NONE', *, *, #810, .F. ) ;
#136 = CARTESIAN_POINT ( 'NONE',  ( -142.5000000000000568, -18.05000000000001137, -144.4827935137481063 ) ) ;
#137 = DIRECTION ( 'NONE',  ( -0.7071067811865479058, 0.000000000000000000, 0.7071067811865470176 ) ) ;
#138 = DIRECTION ( 'NONE',  ( -2.643388153869420015E-15, 0.000000000000000000, -1.000000000000000000 ) ) ;
#139 = LINE ( 'NONE', #608, #253 ) ;
#140 = FACE_OUTER_BOUND ( 'NONE', #2102, .T. ) ;
#141 = EDGE_CURVE ( 'NONE', #864, #2262, #1502, .T. ) ;
#142 = CARTESIAN_POINT ( 'NONE',  ( -35.49999999999993605, -28.60000000000001563, -138.1867513459480676 ) ) ;
#143 = CARTESIAN_POINT ( 'NONE',  ( -68.49999999999997158, 38.79045674254164311, -79.72158903496227822 ) ) ;
#144 = ORIENTED_EDGE ( 'NONE', *, *, #1211, .T. ) ;
#145 = FACE_OUTER_BOUND ( 'NONE', #2007, .T. ) ;
#146 = FACE_OUTER_BOUND ( 'NONE', #2073, .T. ) ;
#147 = EDGE_CURVE ( 'NONE', #904, #2678, #1967, .T. ) ;
#148 = PLANE ( 'NONE',  #1523 ) ;
#149 = ORIENTED_EDGE ( 'NONE', *, *, #2313, .T. ) ;
#150 = CARTESIAN_POINT ( 'NONE',  ( 50.49999999999997868, -22.60000000000001563, -114.2000000000000881 ) ) ;
#151 = ORIENTED_EDGE ( 'NONE', *, *, #331, .F. ) ;
#152 = EDGE_LOOP ( 'NONE', ( #700, #1459, #876, #2465 ) ) ;
#153 = FACE_OUTER_BOUND ( 'NONE', #2562, .T. ) ;
#154 = CARTESIAN_POINT ( 'NONE',  ( 44.60000000000000853, -27.60000000000001208, -44.59999999999987352 ) ) ;
#155 = DIRECTION ( 'NONE',  ( 0.000000000000000000, 1.000000000000000000, 0.000000000000000000 ) ) ;
#156 = DIRECTION ( 'NONE',  ( 0.000000000000000000, 1.000000000000000000, 0.000000000000000000 ) ) ;
#157 = DIRECTION ( 'NONE',  ( 0.000000000000000000, 0.000000000000000000, -1.000000000000000000 ) ) ;
#158 = CARTESIAN_POINT ( 'NONE',  ( 50.49999999999997868, -52.78677324489567013, -114.2000000000000881 ) ) ;
#159 = ADVANCED_FACE ( 'NONE', ( #2158 ), #325, .T. ) ;
#160 = FACE_OUTER_BOUND ( 'NONE', #1093, .T. ) ;
#161 = EDGE_CURVE ( 'NONE', #329, #1173, #2310, .T. ) ;
#162 = VECTOR ( 'NONE', #858, 1000.000000000000000 ) ;
#163 = CIRCLE ( 'NONE', #1609, 2.000000000000001776 ) ;
#164 = ORIENTED_EDGE ( 'NONE', *, *, #123, .T. ) ;
#165 = AXIS2_PLACEMENT_3D ( 'NONE', #254, #1833, #1408 ) ;
#166 = VERTEX_POINT ( 'NONE', #1727 ) ;
#167 = ORIENTED_EDGE ( 'NONE', *, *, #355, .T. ) ;
#168 = PRESENTATION_LAYER_ASSIGNMENT (  '', '', ( #694 ) ) ;
#169 = VECTOR ( 'NONE', #1547, 1000.000000000000000 ) ;
#170 = DIRECTION ( 'NONE',  ( -0.7071067811865471286, 0.000000000000000000, -0.7071067811865480168 ) ) ;
#171 = DIRECTION ( 'NONE',  ( 1.000000000000000000, 0.000000000000000000, 2.885194970439601952E-16 ) ) ;
#172 = DIRECTION ( 'NONE',  ( -0.000000000000000000, -1.000000000000000000, -0.000000000000000000 ) ) ;
#173 = LINE ( 'NONE', #1762, #593 ) ;
#174 = EDGE_CURVE ( 'NONE', #288, #1563, #433, .T. ) ;
#175 = EDGE_CURVE ( 'NONE', #2494, #1614, #238, .T. ) ;
#176 = EDGE_CURVE ( 'NONE', #988, #1929, #1312, .T. ) ;
#177 = ORIENTED_EDGE ( 'NONE', *, *, #2707, .F. ) ;
#178 = ORIENTED_EDGE ( 'NONE', *, *, #84, .T. ) ;
#179 = ADVANCED_FACE ( 'NONE', ( #757 ), #1682, .T. ) ;
#180 = CARTESIAN_POINT ( 'NONE',  ( 65.50000000000000000, -23.60000000000000853, -135.2999999999999829 ) ) ;
#181 = CARTESIAN_POINT ( 'NONE',  ( 30.49999999999993250, -28.60000000000001563, -125.2000000000000313 ) ) ;
#182 = CARTESIAN_POINT ( 'NONE',  ( -65.49999999999995737, 48.47289887546962461, -25.77349751206043749 ) ) ;
#183 = DIRECTION ( 'NONE',  ( 0.000000000000000000, 0.000000000000000000, 1.000000000000000000 ) ) ;
#184 = CARTESIAN_POINT ( 'NONE',  ( 65.49999999999998579, 114.4343466423975002, -150.8000000000000398 ) ) ;
#185 = ORIENTED_EDGE ( 'NONE', *, *, #2290, .F. ) ;
#186 = LINE ( 'NONE', #2449, #205 ) ;
#187 = VERTEX_POINT ( 'NONE', #2020 ) ;
#188 = EDGE_LOOP ( 'NONE', ( #277, #2501, #1389, #2872, #2209, #2804 ) ) ;
#189 = ORIENTED_EDGE ( 'NONE', *, *, #576, .T. ) ;
#190 = EDGE_CURVE ( 'NONE', #2412, #413, #2469, .T. ) ;
#191 = CARTESIAN_POINT ( 'NONE',  ( 30.49999999999992184, -28.60000000000001563, -122.5284271247462300 ) ) ;
#192 = LINE ( 'NONE', #2976, #2081 ) ;
#193 = EDGE_CURVE ( 'NONE', #2098, #1540, #383, .T. ) ;
#194 = CARTESIAN_POINT ( 'NONE',  ( -142.5000000000000568, -18.17742825450812205, -145.1383550522259327 ) ) ;
#195 = ORIENTED_EDGE ( 'NONE', *, *, #1636, .F. ) ;
#196 = DIRECTION ( 'NONE',  ( 1.000000000000000000, -1.245997829096082429E-16, 1.797473334843339644E-32 ) ) ;
#197 = PLANE ( 'NONE',  #2034 ) ;
#198 = ORIENTED_EDGE ( 'NONE', *, *, #902, .F. ) ;
#199 = ORIENTED_EDGE ( 'NONE', *, *, #1088, .F. ) ;
#200 = DIRECTION ( 'NONE',  ( 0.000000000000000000, 0.000000000000000000, 1.000000000000000000 ) ) ;
#201 = EDGE_LOOP ( 'NONE', ( #475, #1248, #2480, #1041 ) ) ;
#202 = AXIS2_PLACEMENT_3D ( 'NONE', #1922, #743, #2616 ) ;
#203 = AXIS2_PLACEMENT_3D ( 'NONE', #222, #943, #1841 ) ;
#204 = AXIS2_PLACEMENT_3D ( 'NONE', #1489, #2634, #2411 ) ;
#205 = VECTOR ( 'NONE', #1777, 1000.000000000000000 ) ;
#206 = EDGE_CURVE ( 'NONE', #2762, #594, #356, .T. ) ;
#207 = DIRECTION ( 'NONE',  ( 1.000000000000000000, 0.000000000000000000, 2.885194970439601952E-16 ) ) ;
#208 = FACE_OUTER_BOUND ( 'NONE', #1443, .T. ) ;
#209 = VECTOR ( 'NONE', #320, 1000.000000000000000 ) ;
#210 = AXIS2_PLACEMENT_3D ( 'NONE', #1628, #2255, #2563 ) ;
#211 = EDGE_CURVE ( 'NONE', #1478, #2892, #730, .T. ) ;
#212 = LINE ( 'NONE', #881, #598 ) ;
#213 = COLOUR_RGB ( '',0.7921568627450980005, 0.8196078431372548767, 0.9333333333333333481 ) ;
#214 = VECTOR ( 'NONE', #2125, 1000.000000000000000 ) ;
#215 = LINE ( 'NONE', #2624, #2232 ) ;
#216 = DIRECTION ( 'NONE',  ( -1.000000000000000000, 0.000000000000000000, 3.083952846180988308E-16 ) ) ;
#217 = CARTESIAN_POINT ( 'NONE',  ( -50.49999999999997868, -20.60000000000001563, -105.7000000000001023 ) ) ;
#218 = DIRECTION ( 'NONE',  ( 0.7071067811865479058, 0.000000000000000000, -0.7071067811865470176 ) ) ;
#219 = ORIENTED_EDGE ( 'NONE', *, *, #1339, .F. ) ;
#220 = ORIENTED_EDGE ( 'NONE', *, *, #300, .T. ) ;
#221 = ORIENTED_EDGE ( 'NONE', *, *, #331, .T. ) ;
#222 = CARTESIAN_POINT ( 'NONE',  ( -68.49999999999998579, -28.99999999999995737, -153.7999999999999829 ) ) ;
#223 = DIRECTION ( 'NONE',  ( 0.000000000000000000, 1.000000000000000000, 0.000000000000000000 ) ) ;
#224 = ORIENTED_EDGE ( 'NONE', *, *, #1075, .T. ) ;
#225 = LINE ( 'NONE', #2814, #1087 ) ;
#226 = EDGE_CURVE ( 'NONE', #2635, #669, #2708, .T. ) ;
#227 = PLANE ( 'NONE',  #2129 ) ;
#228 = ADVANCED_FACE ( 'NONE', ( #2719 ), #2961, .F. ) ;
#229 = ORIENTED_EDGE ( 'NONE', *, *, #931, .T. ) ;
#230 = ORIENTED_EDGE ( 'NONE', *, *, #1856, .T. ) ;
#231 = VERTEX_POINT ( 'NONE', #2212 ) ;
#232 = DIRECTION ( 'NONE',  ( 7.488772063015238216E-17, 0.9700687829192463640, -0.2428303037216977822 ) ) ;
#233 = CARTESIAN_POINT ( 'NONE',  ( -65.49999999999995737, 59.09999999999986642, -59.09999999999909903 ) ) ;
#234 = EDGE_LOOP ( 'NONE', ( #2197, #2453, #1941, #2475 ) ) ;
#235 = LINE ( 'NONE', #1602, #941 ) ;
#236 = DIRECTION ( 'NONE',  ( 0.000000000000000000, -1.442597485219800976E-16, -1.000000000000000000 ) ) ;
#237 = ADVANCED_FACE ( 'NONE', ( #153 ), #630, .F. ) ;
#238 = LINE ( 'NONE', #566, #435 ) ;
#239 = ORIENTED_EDGE ( 'NONE', *, *, #2759, .T. ) ;
#240 = CARTESIAN_POINT ( 'NONE',  ( -64.99999999999994316, -22.60000000000001563, -109.2000000000000881 ) ) ;
#241 = EDGE_CURVE ( 'NONE', #1976, #1677, #2938, .T. ) ;
#242 = DIRECTION ( 'NONE',  ( 1.000000000000000000, 0.000000000000000000, 2.885194970439601952E-16 ) ) ;
#243 = ORIENTED_EDGE ( 'NONE', *, *, #1264, .T. ) ;
#244 = LINE ( 'NONE', #953, #2085 ) ;
#245 = VECTOR ( 'NONE', #1284, 1000.000000000000000 ) ;
#246 = ORIENTED_EDGE ( 'NONE', *, *, #101, .T. ) ;
#247 = PLANE ( 'NONE',  #982 ) ;
#248 = AXIS2_PLACEMENT_3D ( 'NONE', #780, #1702, #1722 ) ;
#249 = VECTOR ( 'NONE', #1565, 1000.000000000000000 ) ;
#250 = DIRECTION ( 'NONE',  ( 1.000000000000000000, 0.000000000000000000, 0.000000000000000000 ) ) ;
#251 = CIRCLE ( 'NONE', #2590, 2.000000000000001776 ) ;
#252 = ORIENTED_EDGE ( 'NONE', *, *, #685, .T. ) ;
#253 = VECTOR ( 'NONE', #567, 1000.000000000000000 ) ;
#254 = CARTESIAN_POINT ( 'NONE',  ( 68.49999999999997158, -26.99999999999991473, -105.7000000000000881 ) ) ;
#255 = DIRECTION ( 'NONE',  ( -0.000000000000000000, -1.000000000000000000, -0.000000000000000000 ) ) ;
#256 = AXIS2_PLACEMENT_3D ( 'NONE', #1282, #1500, #618 ) ;
#257 = VECTOR ( 'NONE', #2333, 1000.000000000000000 ) ;
#258 = VERTEX_POINT ( 'NONE', #1067 ) ;
#259 = EDGE_CURVE ( 'NONE', #2555, #2847, #370, .T. ) ;
#260 = DIRECTION ( 'NONE',  ( -6.546126324440819108E-16, 0.000000000000000000, 1.000000000000000000 ) ) ;
#261 = VERTEX_POINT ( 'NONE', #2675 ) ;
#262 = ORIENTED_EDGE ( 'NONE', *, *, #1231, .F. ) ;
#263 = CYLINDRICAL_SURFACE ( 'NONE', #2389, 2.000000000000001776 ) ;
#264 = ORIENTED_EDGE ( 'NONE', *, *, #2254, .F. ) ;
#265 = EDGE_CURVE ( 'NONE', #1172, #1118, #1121, .T. ) ;
#266 = EDGE_CURVE ( 'NONE', #1190, #1886, #1979, .T. ) ;
#267 = VERTEX_POINT ( 'NONE', #621 ) ;
#268 = LINE ( 'NONE', #446, #2828 ) ;
#269 = EDGE_CURVE ( 'NONE', #951, #2393, #878, .T. ) ;
#270 = AXIS2_PLACEMENT_3D ( 'NONE', #806, #2423, #2859 ) ;
#271 = DIRECTION ( 'NONE',  ( -0.000000000000000000, 0.000000000000000000, 1.000000000000000000 ) ) ;
#272 = CARTESIAN_POINT ( 'NONE',  ( 30.49999999999992184, -47.12997571504072880, -122.5284271247462300 ) ) ;
#273 = CARTESIAN_POINT ( 'NONE',  ( -65.49999999999998579, -32.00000000000000711, -146.3747394397509254 ) ) ;
#274 = PLANE ( 'NONE',  #2973 ) ;
#275 = EDGE_LOOP ( 'NONE', ( #2329, #2046, #965, #981 ) ) ;
#276 = ORIENTED_EDGE ( 'NONE', *, *, #1009, .T. ) ;
#277 = ORIENTED_EDGE ( 'NONE', *, *, #2352, .F. ) ;
#278 = ADVANCED_FACE ( 'NONE', ( #1545 ), #2443, .F. ) ;
#279 = DIRECTION ( 'NONE',  ( -3.273063162220402652E-16, -0.8660254037844391517, 0.4999999999999989453 ) ) ;
#280 = ADVANCED_FACE ( 'NONE', ( #1755 ), #2486, .F. ) ;
#281 = CARTESIAN_POINT ( 'NONE',  ( -25.49999999999992895, -47.12997571504072880, -135.2999999999999829 ) ) ;
#282 = ORIENTED_EDGE ( 'NONE', *, *, #1207, .T. ) ;
#283 = LINE ( 'NONE', #1241, #347 ) ;
#284 = CARTESIAN_POINT ( 'NONE',  ( 39.30000000000009663, -26.60000000000001208, -131.2585481156725962 ) ) ;
#285 = ORIENTED_EDGE ( 'NONE', *, *, #560, .T. ) ;
#286 = CARTESIAN_POINT ( 'NONE',  ( 39.30000000000009663, -26.10000000000002629, -133.8566243270258838 ) ) ;
#287 = EDGE_LOOP ( 'NONE', ( #1092, #2989, #2170, #581 ) ) ;
#288 = VERTEX_POINT ( 'NONE', #180 ) ;
#289 = DIRECTION ( 'NONE',  ( 0.000000000000000000, 0.3746065934159165112, 0.9271838545667855369 ) ) ;
#290 = LINE ( 'NONE', #2356, #944 ) ;
#291 = EDGE_CURVE ( 'NONE', #319, #905, #1367, .T. ) ;
#292 = PRESENTATION_STYLE_ASSIGNMENT (( #1451 ) ) ;
#293 = LINE ( 'NONE', #1918, #658 ) ;
#294 = CARTESIAN_POINT ( 'NONE',  ( -142.5000000000000568, -23.29560471257145693, -148.4631512481041682 ) ) ;
#295 = VERTEX_POINT ( 'NONE', #1347 ) ;
#296 = DIRECTION ( 'NONE',  ( 2.465190328815661892E-32, 1.000000000000000000, -7.602530730928908144E-48 ) ) ;
#297 = AXIS2_PLACEMENT_3D ( 'NONE', #2725, #1113, #1305 ) ;
#298 = VECTOR ( 'NONE', #2623, 1000.000000000000000 ) ;
#299 = CARTESIAN_POINT ( 'NONE',  ( 6.243972382727714370E-30, 114.4343466423975002, -150.8000000000000398 ) ) ;
#300 = EDGE_CURVE ( 'NONE', #1842, #2969, #2455, .T. ) ;
#301 = VECTOR ( 'NONE', #1776, 1000.000000000000000 ) ;
#302 = CARTESIAN_POINT ( 'NONE',  ( 68.49999999999994316, -21.55000000000001847, 2.017315848641881928E-14 ) ) ;
#303 = VECTOR ( 'NONE', #2041, 1000.000000000000000 ) ;
#304 = FACE_OUTER_BOUND ( 'NONE', #1020, .T. ) ;
#305 =( GEOMETRIC_REPRESENTATION_CONTEXT ( 3 ) GLOBAL_UNCERTAINTY_ASSIGNED_CONTEXT ( ( #2468 ) ) GLOBAL_UNIT_ASSIGNED_CONTEXT ( ( #2466, #554, #2223 ) ) REPRESENTATION_CONTEXT ( 'NONE', 'WORKASPACE' ) );
#306 = ORIENTED_EDGE ( 'NONE', *, *, #1780, .T. ) ;
#307 = CARTESIAN_POINT ( 'NONE',  ( 65.49999999999995737, 48.47289887546967435, -25.77349751206049078 ) ) ;
#308 = ORIENTED_EDGE ( 'NONE', *, *, #359, .F. ) ;
#309 = FACE_OUTER_BOUND ( 'NONE', #964, .T. ) ;
#310 = CARTESIAN_POINT ( 'NONE',  ( -65.50000000000001421, -21.55000000000001847, -142.2426406871193194 ) ) ;
#311 = CARTESIAN_POINT ( 'NONE',  ( -142.5000000000000568, -18.05000000000001492, -142.2426406871193478 ) ) ;
#312 = LINE ( 'NONE', #281, #790 ) ;
#313 = CARTESIAN_POINT ( 'NONE',  ( 30.49999999999992184, -27.60000000000001208, -122.5284271247462300 ) ) ;
#314 = LINE ( 'NONE', #1242, #1265 ) ;
#315 = ORIENTED_EDGE ( 'NONE', *, *, #1835, .T. ) ;
#316 = ADVANCED_FACE ( 'NONE', ( #2342 ), #1425, .T. ) ;
#317 = LINE ( 'NONE', #2177, #2535 ) ;
#318 = ADVANCED_FACE ( 'NONE', ( #1405 ), #2303, .F. ) ;
#319 = VERTEX_POINT ( 'NONE', #2320 ) ;
#320 = DIRECTION ( 'NONE',  ( -1.000000000000000000, 0.000000000000000000, 0.000000000000000000 ) ) ;
#321 = DIRECTION ( 'NONE',  ( 0.000000000000000000, 1.982541115402063335E-15, 1.000000000000000000 ) ) ;
#322 = EDGE_LOOP ( 'NONE', ( #54, #2730, #2661, #2089 ) ) ;
#323 = FACE_OUTER_BOUND ( 'NONE', #2914, .T. ) ;
#324 = DIRECTION ( 'NONE',  ( 0.000000000000000000, 1.000000000000000000, 0.000000000000000000 ) ) ;
#325 = PLANE ( 'NONE',  #885 ) ;
#326 = FACE_OUTER_BOUND ( 'NONE', #2928, .T. ) ;
#327 = FACE_OUTER_BOUND ( 'NONE', #504, .T. ) ;
#328 = PLANE ( 'NONE',  #1224 ) ;
#329 = VERTEX_POINT ( 'NONE', #1379 ) ;
#330 = LINE ( 'NONE', #1257, #595 ) ;
#331 = EDGE_CURVE ( 'NONE', #1899, #768, #1182, .T. ) ;
#332 = CARTESIAN_POINT ( 'NONE',  ( -65.49999999999997158, -31.00000000000000000, -105.7000000000000881 ) ) ;
#333 = EDGE_LOOP ( 'NONE', ( #1638, #784, #1424, #2018 ) ) ;
#334 = EDGE_CURVE ( 'NONE', #2253, #1172, #2565, .T. ) ;
#335 = EDGE_LOOP ( 'NONE', ( #819, #862, #149, #2750, #2450, #1853, #955, #1202, #382 ) ) ;
#336 = LINE ( 'NONE', #1484, #2382 ) ;
#337 = DIRECTION ( 'NONE',  ( 0.000000000000000000, 0.000000000000000000, 1.000000000000000000 ) ) ;
#338 = CARTESIAN_POINT ( 'NONE',  ( 65.49999999999991473, -21.55000000000001847, -142.2426406871192910 ) ) ;
#339 = DIRECTION ( 'NONE',  ( -1.000000000000000000, 0.000000000000000000, 0.000000000000000000 ) ) ;
#340 = CARTESIAN_POINT ( 'NONE',  ( -65.49999999999998579, -10.15197879029933148, -136.0308564657625254 ) ) ;
#341 = VECTOR ( 'NONE', #2782, 1000.000000000000000 ) ;
#342 = VECTOR ( 'NONE', #764, 1000.000000000000000 ) ;
#343 = VECTOR ( 'NONE', #1274, 1000.000000000000114 ) ;
#344 = CARTESIAN_POINT ( 'NONE',  ( -68.49999999999998579, -32.00000000000000711, -146.3747394397508970 ) ) ;
#345 = ORIENTED_EDGE ( 'NONE', *, *, #746, .T. ) ;
#346 = VECTOR ( 'NONE', #1492, 1000.000000000000114 ) ;
#347 = VECTOR ( 'NONE', #1699, 1000.000000000000114 ) ;
#348 = ADVANCED_FACE ( 'NONE', ( #2809 ), #247, .T. ) ;
#349 = DIRECTION ( 'NONE',  ( 0.000000000000000000, 1.000000000000000000, -0.000000000000000000 ) ) ;
#350 = VECTOR ( 'NONE', #1626, 1000.000000000000000 ) ;
#351 = CIRCLE ( 'NONE', #202, 1.750000000000001554 ) ;
#352 = ORIENTED_EDGE ( 'NONE', *, *, #1989, .T. ) ;
#353 = EDGE_LOOP ( 'NONE', ( #2028, #1679, #863, #2147, #617, #550, #1750, #2800, #2547, #2166 ) ) ;
#354 = DIRECTION ( 'NONE',  ( 1.000000000000000000, 0.000000000000000000, 2.885194970439601952E-16 ) ) ;
#355 = EDGE_CURVE ( 'NONE', #1415, #603, #1829, .T. ) ;
#356 = LINE ( 'NONE', #1299, #2429 ) ;
#357 = CARTESIAN_POINT ( 'NONE',  ( 30.49999999999993250, -47.12997571504072880, -129.2000000000000455 ) ) ;
#358 = CARTESIAN_POINT ( 'NONE',  ( -50.49999999999997868, -22.60000000000000853, -108.7000000000001165 ) ) ;
#359 = EDGE_CURVE ( 'NONE', #915, #1375, #268, .T. ) ;
#360 = DIRECTION ( 'NONE',  ( 0.000000000000000000, 0.000000000000000000, 1.000000000000000000 ) ) ;
#361 = LINE ( 'NONE', #2953, #451 ) ;
#362 = ORIENTED_EDGE ( 'NONE', *, *, #176, .T. ) ;
#363 = FACE_OUTER_BOUND ( 'NONE', #1072, .T. ) ;
#364 = LINE ( 'NONE', #2026, #640 ) ;
#365 = ORIENTED_EDGE ( 'NONE', *, *, #1378, .F. ) ;
#366 = ORIENTED_EDGE ( 'NONE', *, *, #1933, .F. ) ;
#367 = VERTEX_POINT ( 'NONE', #2095 ) ;
#368 = VERTEX_POINT ( 'NONE', #1618 ) ;
#369 = EDGE_CURVE ( 'NONE', #1613, #459, #1814, .T. ) ;
#370 = LINE ( 'NONE', #1079, #2226 ) ;
#371 = CARTESIAN_POINT ( 'NONE',  ( 68.49999999999997158, -26.99999999999991473, -105.7000000000000881 ) ) ;
#372 = CARTESIAN_POINT ( 'NONE',  ( -53.00000000000000711, -28.60000000000001563, -130.2000000000001023 ) ) ;
#373 = CARTESIAN_POINT ( 'NONE',  ( 65.49999999999997158, -32.00000000000000000, -105.7000000000000881 ) ) ;
#374 = EDGE_CURVE ( 'NONE', #2970, #1281, #2751, .T. ) ;
#375 = DIRECTION ( 'NONE',  ( 1.000000000000000000, -0.000000000000000000, 0.000000000000000000 ) ) ;
#376 = DIRECTION ( 'NONE',  ( 0.000000000000000000, 0.000000000000000000, 1.000000000000000000 ) ) ;
#377 = ORIENTED_EDGE ( 'NONE', *, *, #1583, .F. ) ;
#378 = CARTESIAN_POINT ( 'NONE',  ( -68.49999999999994316, 34.78419867295181689, -14.05372850853316891 ) ) ;
#379 = EDGE_LOOP ( 'NONE', ( #2670, #1063, #2060, #2426 ) ) ;
#380 = APPLICATION_CONTEXT ( 'automotive_design' ) ;
#381 = ORIENTED_EDGE ( 'NONE', *, *, #2295, .F. ) ;
#382 = ORIENTED_EDGE ( 'NONE', *, *, #2622, .T. ) ;
#383 = LINE ( 'NONE', #2010, #2322 ) ;
#384 = LINE ( 'NONE', #357, #441 ) ;
#385 = LINE ( 'NONE', #1286, #1897 ) ;
#386 = ADVANCED_FACE ( 'NONE', ( #1871 ), #661, .F. ) ;
#387 = CARTESIAN_POINT ( 'NONE',  ( -25.49999999999992539, -28.60000000000001563, -138.1867513459480676 ) ) ;
#388 = ORIENTED_EDGE ( 'NONE', *, *, #536, .T. ) ;
#389 = CARTESIAN_POINT ( 'NONE',  ( -35.49999999999993605, -47.12997571504072880, 0.000000000000000000 ) ) ;
#390 = ADVANCED_FACE ( 'NONE', ( #2551 ), #1588, .T. ) ;
#391 = VECTOR ( 'NONE', #279, 1000.000000000000227 ) ;
#392 = AXIS2_PLACEMENT_3D ( 'NONE', #1004, #2613, #2159 ) ;
#393 = VECTOR ( 'NONE', #2997, 1000.000000000000114 ) ;
#394 = COLOUR_RGB ( '',0.7921568627450980005, 0.8196078431372548767, 0.9333333333333333481 ) ;
#395 = EDGE_LOOP ( 'NONE', ( #47, #474, #2315, #2984 ) ) ;
#396 = VECTOR ( 'NONE', #591, 999.9999999999998863 ) ;
#397 = VERTEX_POINT ( 'NONE', #1858 ) ;
#398 =( NAMED_UNIT ( * ) PLANE_ANGLE_UNIT ( ) SI_UNIT ( $, .RADIAN. ) );
#399 = ORIENTED_EDGE ( 'NONE', *, *, #995, .F. ) ;
#400 = CIRCLE ( 'NONE', #2789, 1.750000000000001554 ) ;
#401 = CARTESIAN_POINT ( 'NONE',  ( -30.50000000000002487, -47.12997571504072880, -127.2000000000000313 ) ) ;
#402 = CARTESIAN_POINT ( 'NONE',  ( -64.99999999999994316, -28.60000000000001563, -109.2000000000000881 ) ) ;
#403 = FACE_OUTER_BOUND ( 'NONE', #676, .T. ) ;
#404 = DIRECTION ( 'NONE',  ( 1.000000000000000000, -4.542510484243382359E-33, -3.083952846180988308E-16 ) ) ;
#405 = LINE ( 'NONE', #194, #1138 ) ;
#406 = CARTESIAN_POINT ( 'NONE',  ( 65.50000000000000000, -19.80000000000001492, -144.4827935137480495 ) ) ;
#407 = ORIENTED_EDGE ( 'NONE', *, *, #422, .F. ) ;
#408 = FACE_OUTER_BOUND ( 'NONE', #335, .T. ) ;
#409 = EDGE_CURVE ( 'NONE', #1357, #1878, #2273, .T. ) ;
#410 = FACE_OUTER_BOUND ( 'NONE', #705, .T. ) ;
#411 = EDGE_CURVE ( 'NONE', #1524, #988, #673, .T. ) ;
#412 = ORIENTED_EDGE ( 'NONE', *, *, #2307, .F. ) ;
#413 = VERTEX_POINT ( 'NONE', #2050 ) ;
#414 = DIRECTION ( 'NONE',  ( 0.000000000000000000, 1.000000000000000000, 0.000000000000000000 ) ) ;
#415 = ORIENTED_EDGE ( 'NONE', *, *, #1431, .T. ) ;
#416 = DIRECTION ( 'NONE',  ( 2.885194970439601459E-16, 1.442597485219800730E-16, 1.000000000000000000 ) ) ;
#417 = DIRECTION ( 'NONE',  ( -3.994651572012803526E-32, -1.000000000000000000, 1.442597485219800976E-16 ) ) ;
#418 = CARTESIAN_POINT ( 'NONE',  ( 68.49999999999997158, 38.79045674254164311, -79.72158903496227822 ) ) ;
#419 = LINE ( 'NONE', #2712, #162 ) ;
#420 = CARTESIAN_POINT ( 'NONE',  ( -35.49999999999993605, -27.60000000000001208, -130.1038475772933509 ) ) ;
#421 = DIRECTION ( 'NONE',  ( 0.000000000000000000, -0.000000000000000000, -1.000000000000000000 ) ) ;
#422 = EDGE_CURVE ( 'NONE', #1251, #1540, #29, .T. ) ;
#423 = ORIENTED_EDGE ( 'NONE', *, *, #464, .F. ) ;
#424 = ORIENTED_EDGE ( 'NONE', *, *, #269, .F. ) ;
#425 = DIRECTION ( 'NONE',  ( 1.000000000000000000, 0.000000000000000000, 0.000000000000000000 ) ) ;
#426 = ORIENTED_EDGE ( 'NONE', *, *, #2312, .T. ) ;
#427 = ADVANCED_FACE ( 'NONE', ( #2062 ), #3006, .F. ) ;
#428 = CARTESIAN_POINT ( 'NONE',  ( -44.60000000000000853, -47.12997571504072880, -44.59999999999987352 ) ) ;
#429 = FACE_OUTER_BOUND ( 'NONE', #1077, .T. ) ;
#430 = ORIENTED_EDGE ( 'NONE', *, *, #536, .F. ) ;
#431 = LINE ( 'NONE', #900, #1037 ) ;
#432 = CARTESIAN_POINT ( 'NONE',  ( 68.50000000000000000, -23.29560471257147469, -148.4631512481041398 ) ) ;
#433 = LINE ( 'NONE', #2369, #9 ) ;
#434 = ORIENTED_EDGE ( 'NONE', *, *, #175, .F. ) ;
#435 = VECTOR ( 'NONE', #985, 1000.000000000000000 ) ;
#436 = CYLINDRICAL_SURFACE ( 'NONE', #2683, 1.750000000000001554 ) ;
#437 = VERTEX_POINT ( 'NONE', #2387 ) ;
#438 = LINE ( 'NONE', #1388, #741 ) ;
#439 = ORIENTED_EDGE ( 'NONE', *, *, #409, .T. ) ;
#440 = LINE ( 'NONE', #2777, #2641 ) ;
#441 = VECTOR ( 'NONE', #631, 1000.000000000000000 ) ;
#442 = VECTOR ( 'NONE', #2735, 1000.000000000000000 ) ;
#443 = VECTOR ( 'NONE', #1045, 1000.000000000000000 ) ;
#444 = AXIS2_PLACEMENT_3D ( 'NONE', #2787, #2308, #2584 ) ;
#445 = ADVANCED_FACE ( 'NONE', ( #2893 ), #1664, .F. ) ;
#446 = CARTESIAN_POINT ( 'NONE',  ( 35.49999999999993605, -23.60000000000001208, 0.000000000000000000 ) ) ;
#447 = CARTESIAN_POINT ( 'NONE',  ( -65.49999999999998579, -22.60000000000001563, 0.000000000000000000 ) ) ;
#448 = AXIS2_PLACEMENT_3D ( 'NONE', #707, #2343, #2051 ) ;
#449 = VECTOR ( 'NONE', #171, 1000.000000000000000 ) ;
#450 = CYLINDRICAL_SURFACE ( 'NONE', #1366, 2.000000000000001776 ) ;
#451 = VECTOR ( 'NONE', #2492, 1000.000000000000000 ) ;
#452 = EDGE_CURVE ( 'NONE', #2222, #1793, #2598, .T. ) ;
#453 = DIRECTION ( 'NONE',  ( 0.000000000000000000, 1.000000000000000000, 0.000000000000000000 ) ) ;
#454 = ORIENTED_EDGE ( 'NONE', *, *, #1585, .F. ) ;
#455 = DIRECTION ( 'NONE',  ( -3.994651572012803526E-32, -1.000000000000000000, 1.442597485219800976E-16 ) ) ;
#456 = FACE_BOUND ( 'NONE', #619, .T. ) ;
#457 = CARTESIAN_POINT ( 'NONE',  ( -65.49999999999994316, 31.53905518196782509, -12.74260543157729053 ) ) ;
#458 = DIRECTION ( 'NONE',  ( 1.000000000000000000, 0.000000000000000000, 2.885194970439601952E-16 ) ) ;
#459 = VERTEX_POINT ( 'NONE', #754 ) ;
#460 = VERTEX_POINT ( 'NONE', #1680 ) ;
#461 = ORIENTED_EDGE ( 'NONE', *, *, #2531, .T. ) ;
#462 = ORIENTED_EDGE ( 'NONE', *, *, #2756, .T. ) ;
#463 = DIRECTION ( 'NONE',  ( -1.000000000000000000, -0.000000000000000000, -0.000000000000000000 ) ) ;
#464 = EDGE_CURVE ( 'NONE', #2865, #2597, #564, .T. ) ;
#465 = DIRECTION ( 'NONE',  ( 0.000000000000000000, 1.000000000000000000, 0.000000000000000000 ) ) ;
#466 = CARTESIAN_POINT ( 'NONE',  ( 53.99999999999995026, -52.78677324489567013, -124.2000000000000881 ) ) ;
#467 = CARTESIAN_POINT ( 'NONE',  ( 35.49999999999993605, -23.60000000000001208, -138.1867513459480676 ) ) ;
#468 = ADVANCED_FACE ( 'NONE', ( #72 ), #87, .F. ) ;
#469 = LINE ( 'NONE', #1253, #1753 ) ;
#470 = ORIENTED_EDGE ( 'NONE', *, *, #869, .T. ) ;
#471 = CARTESIAN_POINT ( 'NONE',  ( 25.50000000000001421, -28.60000000000001563, -1.669262212732409770E-14 ) ) ;
#472 = ORIENTED_EDGE ( 'NONE', *, *, #2987, .F. ) ;
#473 = DIRECTION ( 'NONE',  ( -3.994651572012803526E-32, -1.000000000000000000, 1.442597485219800976E-16 ) ) ;
#474 = ORIENTED_EDGE ( 'NONE', *, *, #2816, .F. ) ;
#475 = ORIENTED_EDGE ( 'NONE', *, *, #2120, .T. ) ;
#476 = DIRECTION ( 'NONE',  ( 0.000000000000000000, 1.000000000000000000, 0.000000000000000000 ) ) ;
#477 = LINE ( 'NONE', #1831, #1848 ) ;
#478 = VERTEX_POINT ( 'NONE', #518 ) ;
#479 = ADVANCED_FACE ( 'NONE', ( #309 ), #1900, .F. ) ;
#480 = PLANE ( 'NONE',  #17 ) ;
#481 = DIRECTION ( 'NONE',  ( 0.000000000000000000, -1.000000000000000000, 0.000000000000000000 ) ) ;
#482 = EDGE_CURVE ( 'NONE', #562, #6, #1931, .T. ) ;
#483 = ADVANCED_FACE ( 'NONE', ( #323 ), #2873, .F. ) ;
#484 = LINE ( 'NONE', #1413, #257 ) ;
#485 = EDGE_LOOP ( 'NONE', ( #1765, #1166, #1000, #2218 ) ) ;
#486 = ORIENTED_EDGE ( 'NONE', *, *, #2066, .F. ) ;
#487 = LINE ( 'NONE', #1174, #992 ) ;
#488 = EDGE_LOOP ( 'NONE', ( #2239, #2195, #1189, #2840 ) ) ;
#489 = VECTOR ( 'NONE', #854, 1000.000000000000000 ) ;
#490 = VECTOR ( 'NONE', #491, 1000.000000000000000 ) ;
#491 = DIRECTION ( 'NONE',  ( 2.465190328815661892E-32, 1.000000000000000000, -7.602530730928908144E-48 ) ) ;
#492 = CIRCLE ( 'NONE', #2182, 1.750000000000001554 ) ;
#493 = AXIS2_PLACEMENT_3D ( 'NONE', #1910, #2605, #108 ) ;
#494 = VECTOR ( 'NONE', #1294, 1000.000000000000000 ) ;
#495 = ORIENTED_EDGE ( 'NONE', *, *, #2092, .T. ) ;
#496 = CIRCLE ( 'NONE', #1328, 5.000000000000004441 ) ;
#497 = LINE ( 'NONE', #1383, #393 ) ;
#498 = CARTESIAN_POINT ( 'NONE',  ( -50.49999999999997868, -26.99999999999991473, -105.7000000000001023 ) ) ;
#499 = VECTOR ( 'NONE', #728, 1000.000000000000000 ) ;
#500 = VECTOR ( 'NONE', #2134, 1000.000000000000000 ) ;
#501 = EDGE_CURVE ( 'NONE', #803, #796, #2406, .T. ) ;
#502 = VERTEX_POINT ( 'NONE', #1726 ) ;
#503 = CARTESIAN_POINT ( 'NONE',  ( 53.99999999999995026, -52.78677324489567013, -114.2000000000000881 ) ) ;
#504 = EDGE_LOOP ( 'NONE', ( #2805, #1279, #1386, #82 ) ) ;
#505 = CARTESIAN_POINT ( 'NONE',  ( 65.49999999999994316, 0.000000000000000000, 1.893286493148214150E-14 ) ) ;
#506 = ADVANCED_FACE ( 'NONE', ( #2367 ), #1709, .F. ) ;
#507 = ORIENTED_EDGE ( 'NONE', *, *, #190, .F. ) ;
#508 = CARTESIAN_POINT ( 'NONE',  ( 65.49999999999997158, -31.00000000000000000, -105.7000000000000881 ) ) ;
#509 = CARTESIAN_POINT ( 'NONE',  ( 25.49999999999995737, -99.83410035229775303, -91.28622164017204454 ) ) ;
#510 = ORIENTED_EDGE ( 'NONE', *, *, #1592, .T. ) ;
#511 = LINE ( 'NONE', #1006, #1421 ) ;
#512 = DIRECTION ( 'NONE',  ( -1.000000000000000000, 0.000000000000000000, -2.885194970439601459E-16 ) ) ;
#513 = CARTESIAN_POINT ( 'NONE',  ( -50.49999999999997868, 114.4343466423975144, -1.719734727837564683E-14 ) ) ;
#514 = VERTEX_POINT ( 'NONE', #1263 ) ;
#515 = EDGE_CURVE ( 'NONE', #1767, #1613, #1001, .T. ) ;
#516 = CARTESIAN_POINT ( 'NONE',  ( -142.5000000000000568, -21.67303296707959603, -150.8687127865820514 ) ) ;
#517 = ORIENTED_EDGE ( 'NONE', *, *, #825, .F. ) ;
#518 = CARTESIAN_POINT ( 'NONE',  ( -30.50000000000002487, -28.60000000000001563, -129.2000000000000455 ) ) ;
#519 = CARTESIAN_POINT ( 'NONE',  ( 65.49999999999998579, -22.80000000000001492, -143.8996525863348950 ) ) ;
#520 = EDGE_CURVE ( 'NONE', #1571, #1118, #2230, .T. ) ;
#521 = DIRECTION ( 'NONE',  ( 0.000000000000000000, 0.000000000000000000, 1.000000000000000000 ) ) ;
#522 = DIRECTION ( 'NONE',  ( 1.000000000000000000, 0.000000000000000000, 2.885194970439601952E-16 ) ) ;
#523 = ORIENTED_EDGE ( 'NONE', *, *, #2739, .T. ) ;
#524 = DIRECTION ( 'NONE',  ( -1.000000000000000000, 0.000000000000000000, 0.000000000000000000 ) ) ;
#525 = DIRECTION ( 'NONE',  ( 5.204170427930416550E-15, 0.000000000000000000, -1.000000000000000000 ) ) ;
#526 = LINE ( 'NONE', #1458, #2781 ) ;
#527 = ORIENTED_EDGE ( 'NONE', *, *, #2685, .T. ) ;
#528 = DIRECTION ( 'NONE',  ( -1.000000000000000000, 0.000000000000000000, -6.546126324440819108E-16 ) ) ;
#529 = DIRECTION ( 'NONE',  ( 0.000000000000000000, 1.000000000000000000, 0.000000000000000000 ) ) ;
#530 = VERTEX_POINT ( 'NONE', #100 ) ;
#531 = CARTESIAN_POINT ( 'NONE',  ( 65.49999999999997158, -32.00000000000000000, -110.7000000000001165 ) ) ;
#532 = ORIENTED_EDGE ( 'NONE', *, *, #557, .F. ) ;
#533 = DIRECTION ( 'NONE',  ( 0.000000000000000000, 0.000000000000000000, -1.000000000000000000 ) ) ;
#534 = PLANE ( 'NONE',  #1275 ) ;
#535 = AXIS2_PLACEMENT_3D ( 'NONE', #1471, #1168, #1052 ) ;
#536 = EDGE_CURVE ( 'NONE', #1454, #437, #2355, .T. ) ;
#537 = DIRECTION ( 'NONE',  ( 1.000000000000000000, 0.000000000000000000, 0.000000000000000000 ) ) ;
#538 = DIRECTION ( 'NONE',  ( 2.675106193868892374E-16, 0.3746065934159165112, 0.9271838545667855369 ) ) ;
#539 = VERTEX_POINT ( 'NONE', #2184 ) ;
#540 = CARTESIAN_POINT ( 'NONE',  ( 68.49999999999997158, -29.99999999999995737, -108.7000000000001023 ) ) ;
#541 = VECTOR ( 'NONE', #271, 1000.000000000000000 ) ;
#542 = CARTESIAN_POINT ( 'NONE',  ( -35.49999999999993605, -28.60000000000001563, -124.7000000000000313 ) ) ;
#543 = ADVANCED_FACE ( 'NONE', ( #2663 ), #968, .T. ) ;
#544 = AXIS2_PLACEMENT_3D ( 'NONE', #649, #1315, #2033 ) ;
#545 = VECTOR ( 'NONE', #1916, 1000.000000000000000 ) ;
#546 = ORIENTED_EDGE ( 'NONE', *, *, #1966, .T. ) ;
#547 = CARTESIAN_POINT ( 'NONE',  ( -65.50000000000001421, -21.55000000000001492, -144.1426279727570261 ) ) ;
#548 = AXIS2_PLACEMENT_3D ( 'NONE', #2150, #1911, #1879 ) ;
#549 = FACE_OUTER_BOUND ( 'NONE', #2760, .T. ) ;
#550 = ORIENTED_EDGE ( 'NONE', *, *, #2833, .F. ) ;
#551 = CARTESIAN_POINT ( 'NONE',  ( -65.49999999999997158, -30.21207867750531761, -150.8000000000000114 ) ) ;
#552 = ORIENTED_EDGE ( 'NONE', *, *, #2756, .F. ) ;
#553 = DIRECTION ( 'NONE',  ( 1.000000000000000000, 0.000000000000000000, 3.083952846180988308E-16 ) ) ;
#554 =( NAMED_UNIT ( * ) PLANE_ANGLE_UNIT ( ) SI_UNIT ( $, .RADIAN. ) );
#555 = LINE ( 'NONE', #2612, #1411 ) ;
#556 = DIRECTION ( 'NONE',  ( -0.7071067811865471286, 0.000000000000000000, 0.7071067811865480168 ) ) ;
#557 = EDGE_CURVE ( 'NONE', #2366, #2729, #1885, .T. ) ;
#558 = CARTESIAN_POINT ( 'NONE',  ( -68.49999999999998579, -19.60000000000005116, -153.7999999999999829 ) ) ;
#559 = ORIENTED_EDGE ( 'NONE', *, *, #1400, .F. ) ;
#560 = EDGE_CURVE ( 'NONE', #2942, #1478, #2080, .T. ) ;
#561 = CARTESIAN_POINT ( 'NONE',  ( -65.49999999999995737, 39.34999999999993037, -39.34999999999951115 ) ) ;
#562 = VERTEX_POINT ( 'NONE', #779 ) ;
#563 = ORIENTED_EDGE ( 'NONE', *, *, #174, .F. ) ;
#564 = LINE ( 'NONE', #2118, #391 ) ;
#565 = SURFACE_STYLE_FILL_AREA ( #124 ) ;
#566 = CARTESIAN_POINT ( 'NONE',  ( 25.49999999999992895, -47.12997571504072880, -135.2999999999999829 ) ) ;
#567 = DIRECTION ( 'NONE',  ( 0.000000000000000000, 0.000000000000000000, -1.000000000000000000 ) ) ;
#568 = DIRECTION ( 'NONE',  ( -1.000000000000000000, 0.000000000000000000, 9.251858538542963939E-16 ) ) ;
#569 = ADVANCED_FACE ( 'NONE', ( #2636 ), #2378, .T. ) ;
#570 = DIRECTION ( 'NONE',  ( -1.000000000000000000, -1.232595164407830946E-32, 3.083952846180987815E-16 ) ) ;
#571 = VERTEX_POINT ( 'NONE', #1444 ) ;
#572 = CARTESIAN_POINT ( 'NONE',  ( 4.454287144141084863E-14, -29.99999999999991473, -108.7000000000001023 ) ) ;
#573 = CARTESIAN_POINT ( 'NONE',  ( -50.49999999999997868, -20.60000000000001563, -135.2999999999999829 ) ) ;
#574 = CARTESIAN_POINT ( 'NONE',  ( -65.49999999999998579, -20.60000000000001563, 0.000000000000000000 ) ) ;
#575 = EDGE_CURVE ( 'NONE', #1048, #187, #1608, .T. ) ;
#576 = EDGE_CURVE ( 'NONE', #2253, #911, #1734, .T. ) ;
#577 = ORIENTED_EDGE ( 'NONE', *, *, #2417, .F. ) ;
#578 = DIRECTION ( 'NONE',  ( -3.083952846180988308E-16, -1.356509677965685574E-63, -1.000000000000000000 ) ) ;
#579 = EDGE_CURVE ( 'NONE', #2967, #2061, #1939, .T. ) ;
#580 = EDGE_LOOP ( 'NONE', ( #1811, #239, #824, #2706 ) ) ;
#581 = ORIENTED_EDGE ( 'NONE', *, *, #334, .T. ) ;
#582 = LINE ( 'NONE', #136, #1183 ) ;
#583 = CARTESIAN_POINT ( 'NONE',  ( -50.49999999999997868, -22.60000000000001563, 0.000000000000000000 ) ) ;
#584 = LINE ( 'NONE', #154, #1764 ) ;
#585 = CARTESIAN_POINT ( 'NONE',  ( -25.49999999999992539, -25.60000000000001208, -130.1038475772933509 ) ) ;
#586 = DIRECTION ( 'NONE',  ( -2.885194970439601459E-16, 1.442597485219800730E-16, 1.000000000000000000 ) ) ;
#587 = VECTOR ( 'NONE', #1952, 1000.000000000000000 ) ;
#588 = EDGE_LOOP ( 'NONE', ( #2791, #2430, #2363, #2702, #563, #1824, #1161, #11, #90 ) ) ;
#589 = AXIS2_PLACEMENT_3D ( 'NONE', #428, #2797, #1643 ) ;
#590 = DIRECTION ( 'NONE',  ( 1.000000000000000000, 0.000000000000000000, 2.885194970439601952E-16 ) ) ;
#591 = DIRECTION ( 'NONE',  ( 0.7071067811865464625, -0.000000000000000000, 0.7071067811865486830 ) ) ;
#592 = AXIS2_PLACEMENT_3D ( 'NONE', #2924, #172, #376 ) ;
#593 = VECTOR ( 'NONE', #612, 1000.000000000000000 ) ;
#594 = VERTEX_POINT ( 'NONE', #2149 ) ;
#595 = VECTOR ( 'NONE', #107, 1000.000000000000000 ) ;
#596 = VECTOR ( 'NONE', #156, 1000.000000000000000 ) ;
#597 = EDGE_CURVE ( 'NONE', #2494, #1624, #798, .T. ) ;
#598 = VECTOR ( 'NONE', #635, 1000.000000000000000 ) ;
#599 = ORIENTED_EDGE ( 'NONE', *, *, #2148, .F. ) ;
#600 = CARTESIAN_POINT ( 'NONE',  ( -65.49999999999997158, 114.4343466423975002, -150.8000000000000398 ) ) ;
#601 = ORIENTED_EDGE ( 'NONE', *, *, #1141, .F. ) ;
#602 = DIRECTION ( 'NONE',  ( -2.675106193868893360E-16, 0.3746065934159158450, 0.9271838545667858700 ) ) ;
#603 = VERTEX_POINT ( 'NONE', #573 ) ;
#604 = EDGE_CURVE ( 'NONE', #1601, #1159, #1896, .T. ) ;
#605 =( NAMED_UNIT ( * ) PLANE_ANGLE_UNIT ( ) SI_UNIT ( $, .RADIAN. ) );
#606 = CARTESIAN_POINT ( 'NONE',  ( -142.5000000000000568, -21.67303296707959603, -149.1187127865820230 ) ) ;
#607 = DIRECTION ( 'NONE',  ( 1.155269069963178000E-16, -0.9271838545667858700, 0.3746065934159158450 ) ) ;
#608 = CARTESIAN_POINT ( 'NONE',  ( 35.49999999999993605, -27.60000000000001208, 0.000000000000000000 ) ) ;
#609 = LINE ( 'NONE', #2243, #1134 ) ;
#610 = LINE ( 'NONE', #158, #1463 ) ;
#611 = VERTEX_POINT ( 'NONE', #2657 ) ;
#612 = DIRECTION ( 'NONE',  ( 0.000000000000000000, 1.000000000000000000, 0.000000000000000000 ) ) ;
#613 = CLOSED_SHELL ( 'NONE', ( #2869, #1947, #1839, #278, #956, #280, #724, #1327, #1509, #2931, #316, #2205, #1742, #1304, #2395, #2416, #1766, #543, #1558, #1951, #569, #1617, #750, #2549, #2126, #1247, #1818, #179, #1435, #1890, #2432, #468, #1650, #348, #829, #1729, #1476, #896, #2340, #1216, #901, #2410, #1104, #386, #1785, #1974, #2798, #479, #1283, #1322, #704, #2068, #1873, #1674, #318, #228, #390, #975, #2960, #445, #427, #2744, #2495, #483, #1153, #1049, #2019, #1805, #1655, #2927, #2569, #1157, #237, #2513, #506, #844, #159, #654, #1414, #2949, #2658, #2249, #1470, #667, #30, #997, #2164, #2746, #1308, #1544, #2368 ) ) ;
#614 = EDGE_LOOP ( 'NONE', ( #2925, #2717, #2558, #1670 ) ) ;
#615 = ORIENTED_EDGE ( 'NONE', *, *, #2996, .F. ) ;
#616 = EDGE_CURVE ( 'NONE', #1550, #2381, #1493, .T. ) ;
#617 = ORIENTED_EDGE ( 'NONE', *, *, #1400, .T. ) ;
#618 = DIRECTION ( 'NONE',  ( 0.000000000000000000, 0.000000000000000000, 1.000000000000000000 ) ) ;
#619 = EDGE_LOOP ( 'NONE', ( #976, #978 ) ) ;
#620 = UNCERTAINTY_MEASURE_WITH_UNIT (LENGTH_MEASURE( 1.000000000000000082E-05 ), #2390, 'distance_accuracy_value', 'NONE');
#621 = CARTESIAN_POINT ( 'NONE',  ( 65.49999999999998579, -26.80000000000003979, -153.8000000000000114 ) ) ;
#622 = CARTESIAN_POINT ( 'NONE',  ( -31.91421356237302831, -28.60000000000001563, -121.1142135623731519 ) ) ;
#623 = CARTESIAN_POINT ( 'NONE',  ( -142.5000000000001137, 31.53905518196781088, -12.74260543157734737 ) ) ;
#624 = CARTESIAN_POINT ( 'NONE',  ( 65.49999999999994316, -21.55000000000001847, 1.893286493148214150E-14 ) ) ;
#625 = CARTESIAN_POINT ( 'NONE',  ( 65.49999999999994316, 34.78419867295180978, -14.05372850853316535 ) ) ;
#626 = CARTESIAN_POINT ( 'NONE',  ( 44.60000000000000853, -28.60000000000001563, -44.59999999999987352 ) ) ;
#627 = ORIENTED_EDGE ( 'NONE', *, *, #1397, .T. ) ;
#628 = ORIENTED_EDGE ( 'NONE', *, *, #770, .F. ) ;
#629 = ORIENTED_EDGE ( 'NONE', *, *, #2653, .T. ) ;
#630 = CYLINDRICAL_SURFACE ( 'NONE', #1513, 1.750000000000001554 ) ;
#631 = DIRECTION ( 'NONE',  ( 0.000000000000000000, 1.000000000000000000, 0.000000000000000000 ) ) ;
#632 = CARTESIAN_POINT ( 'NONE',  ( -68.49999999999997158, -14.60000000000001386, -105.7000000000000881 ) ) ;
#633 = LINE ( 'NONE', #808, #449 ) ;
#634 = EDGE_CURVE ( 'NONE', #1976, #2729, #2193, .T. ) ;
#635 = DIRECTION ( 'NONE',  ( 1.000000000000000000, 0.000000000000000000, 0.000000000000000000 ) ) ;
#636 = CARTESIAN_POINT ( 'NONE',  ( -35.49999999999993605, -26.10000000000002629, -133.8566243270258838 ) ) ;
#637 = CARTESIAN_POINT ( 'NONE',  ( 53.99999999999995026, -22.60000000000001563, -124.2000000000000881 ) ) ;
#638 = EDGE_CURVE ( 'NONE', #2999, #2334, #748, .T. ) ;
#639 = VECTOR ( 'NONE', #1507, 1000.000000000000000 ) ;
#640 = VECTOR ( 'NONE', #884, 1000.000000000000000 ) ;
#641 = AXIS2_PLACEMENT_3D ( 'NONE', #2600, #2358, #1142 ) ;
#642 = EDGE_LOOP ( 'NONE', ( #1581, #1352, #1163, #1751, #2301, #1822 ) ) ;
#643 = VECTOR ( 'NONE', #2630, 1000.000000000000000 ) ;
#644 = ORIENTED_EDGE ( 'NONE', *, *, #193, .F. ) ;
#645 = CARTESIAN_POINT ( 'NONE',  ( -30.49999999999992895, -28.60000000000001563, -122.5284271247462300 ) ) ;
#646 = EDGE_LOOP ( 'NONE', ( #1262, #2567, #733, #2047, #219, #2819, #1639, #1584, #2438, #2575 ) ) ;
#647 = CIRCLE ( 'NONE', #1044, 5.000000000000004441 ) ;
#648 = CARTESIAN_POINT ( 'NONE',  ( -65.49999999999997158, -32.00000000000000000, -105.7000000000000881 ) ) ;
#649 = CARTESIAN_POINT ( 'NONE',  ( -68.49999999999997158, 1.602373713730178828E-30, -105.7000000000000881 ) ) ;
#650 = LINE ( 'NONE', #2504, #793 ) ;
#651 = DIRECTION ( 'NONE',  ( -0.7071067811865464625, 0.000000000000000000, 0.7071067811865486830 ) ) ;
#652 = CARTESIAN_POINT ( 'NONE',  ( -142.5000000000000568, -18.05000000000001137, -144.4827935137481063 ) ) ;
#653 = ORIENTED_EDGE ( 'NONE', *, *, #174, .T. ) ;
#654 = ADVANCED_FACE ( 'NONE', ( #2219 ), #2235, .T. ) ;
#655 = DIRECTION ( 'NONE',  ( 1.000000000000000000, -0.000000000000000000, -6.546126324440819108E-16 ) ) ;
#656 = ORIENTED_EDGE ( 'NONE', *, *, #2110, .T. ) ;
#657 = EDGE_CURVE ( 'NONE', #752, #258, #1307, .T. ) ;
#658 = VECTOR ( 'NONE', #2172, 1000.000000000000000 ) ;
#659 = ORIENTED_EDGE ( 'NONE', *, *, #2811, .T. ) ;
#660 = VERTEX_POINT ( 'NONE', #1746 ) ;
#661 = PLANE ( 'NONE',  #203 ) ;
#662 = CARTESIAN_POINT ( 'NONE',  ( 65.49999999999998579, -20.60000000000001563, -138.7999999999999829 ) ) ;
#663 = CARTESIAN_POINT ( 'NONE',  ( -25.49999999999993250, -28.60000000000001563, -124.7000000000000313 ) ) ;
#664 = LINE ( 'NONE', #1188, #693 ) ;
#665 = ORIENTED_EDGE ( 'NONE', *, *, #42, .T. ) ;
#666 = ORIENTED_EDGE ( 'NONE', *, *, #2588, .T. ) ;
#667 = ADVANCED_FACE ( 'NONE', ( #160 ), #2700, .F. ) ;
#668 = CARTESIAN_POINT ( 'NONE',  ( -35.49999999999993605, -27.60000000000000497, -132.9905989232414640 ) ) ;
#669 = VERTEX_POINT ( 'NONE', #1085 ) ;
#670 = ORIENTED_EDGE ( 'NONE', *, *, #1013, .F. ) ;
#671 = EDGE_LOOP ( 'NONE', ( #1552, #628, #426, #1199 ) ) ;
#672 = EDGE_CURVE ( 'NONE', #1543, #2514, #1058, .T. ) ;
#673 = LINE ( 'NONE', #1359, #2930 ) ;
#674 = DIRECTION ( 'NONE',  ( -7.488772063015238216E-17, 0.9700687829192463640, -0.2428303037216977822 ) ) ;
#675 = FACE_OUTER_BOUND ( 'NONE', #2609, .T. ) ;
#676 = EDGE_LOOP ( 'NONE', ( #2103, #2086, #366, #262 ) ) ;
#677 = DIRECTION ( 'NONE',  ( 1.000000000000000000, -0.000000000000000000, 2.885194970439601459E-16 ) ) ;
#678 = CARTESIAN_POINT ( 'NONE',  ( -68.50000000000001421, -18.05000000000001492, -142.2426406871193194 ) ) ;
#679 = LINE ( 'NONE', #1326, #1192 ) ;
#680 = ORIENTED_EDGE ( 'NONE', *, *, #746, .F. ) ;
#681 = ORIENTED_EDGE ( 'NONE', *, *, #579, .F. ) ;
#682 = ORIENTED_EDGE ( 'NONE', *, *, #1872, .F. ) ;
#683 = ORIENTED_EDGE ( 'NONE', *, *, #2779, .T. ) ;
#684 = VECTOR ( 'NONE', #2964, 1000.000000000000000 ) ;
#685 = EDGE_CURVE ( 'NONE', #747, #1571, #2460, .T. ) ;
#686 = VECTOR ( 'NONE', #417, 1000.000000000000000 ) ;
#687 = VECTOR ( 'NONE', #1948, 1000.000000000000000 ) ;
#688 = DIRECTION ( 'NONE',  ( -0.7071067811865464625, 0.000000000000000000, -0.7071067811865486830 ) ) ;
#689 = CARTESIAN_POINT ( 'NONE',  ( 68.49999999999994316, -18.05000000000001492, -142.2426406871192910 ) ) ;
#690 = EDGE_CURVE ( 'NONE', #539, #1524, #1074, .T. ) ;
#691 = DIRECTION ( 'NONE',  ( 3.994651572012802431E-32, -1.000000000000000000, 1.442597485219800730E-16 ) ) ;
#692 = AXIS2_PLACEMENT_3D ( 'NONE', #778, #590, #2656 ) ;
#693 = VECTOR ( 'NONE', #2986, 1000.000000000000000 ) ;
#694 = STYLED_ITEM ( 'NONE', ( #2527 ), #2810 ) ;
#695 = CARTESIAN_POINT ( 'NONE',  ( -65.49999999999992895, 22.49036227091552576, -5.629849756243565650 ) ) ;
#696 = VERTEX_POINT ( 'NONE', #637 ) ;
#697 = CARTESIAN_POINT ( 'NONE',  ( 25.50000000000001421, -23.60000000000001208, -1.669262212732409770E-14 ) ) ;
#698 = CARTESIAN_POINT ( 'NONE',  ( -53.00000000000000711, -28.60000000000001563, 0.000000000000000000 ) ) ;
#699 = CARTESIAN_POINT ( 'NONE',  ( -35.49999999999993605, -26.60000000000001208, -131.2585481156725962 ) ) ;
#700 = ORIENTED_EDGE ( 'NONE', *, *, #2498, .T. ) ;
#701 = ORIENTED_EDGE ( 'NONE', *, *, #120, .F. ) ;
#702 = CARTESIAN_POINT ( 'NONE',  ( 30.49999999999993250, -27.60000000000001208, -129.2000000000000455 ) ) ;
#703 = ORIENTED_EDGE ( 'NONE', *, *, #27, .T. ) ;
#704 = ADVANCED_FACE ( 'NONE', ( #146 ), #1526, .F. ) ;
#705 = EDGE_LOOP ( 'NONE', ( #601, #670, #1861, #1836 ) ) ;
#706 = DIRECTION ( 'NONE',  ( 1.000000000000000000, -2.465190328815661892E-32, -2.937503844654690540E-16 ) ) ;
#707 = CARTESIAN_POINT ( 'NONE',  ( 39.30000000000009663, -64.48661856601715670, -111.6940997646564711 ) ) ;
#708 = CARTESIAN_POINT ( 'NONE',  ( -68.49999999999994316, 22.49036227091552576, -5.629849756243564762 ) ) ;
#709 = EDGE_CURVE ( 'NONE', #2555, #2543, #1469, .T. ) ;
#710 = EDGE_CURVE ( 'NONE', #904, #2795, #186, .T. ) ;
#711 = ORIENTED_EDGE ( 'NONE', *, *, #690, .F. ) ;
#712 = CARTESIAN_POINT ( 'NONE',  ( 0.000000000000000000, -22.60000000000001563, 0.000000000000000000 ) ) ;
#713 = DIRECTION ( 'NONE',  ( 0.000000000000000000, -0.000000000000000000, -1.000000000000000000 ) ) ;
#714 = ORIENTED_EDGE ( 'NONE', *, *, #2107, .T. ) ;
#715 = FACE_OUTER_BOUND ( 'NONE', #801, .T. ) ;
#716 = ORIENTED_EDGE ( 'NONE', *, *, #847, .F. ) ;
#717 = EDGE_LOOP ( 'NONE', ( #727, #2365, #306, #1653, #2946, #1342, #1440, #1169 ) ) ;
#718 = DIRECTION ( 'NONE',  ( 0.000000000000000000, 0.000000000000000000, -1.000000000000000000 ) ) ;
#719 = VERTEX_POINT ( 'NONE', #1551 ) ;
#720 = DIRECTION ( 'NONE',  ( -3.994651572012803526E-32, -1.000000000000000000, 1.442597485219800976E-16 ) ) ;
#721 = DIRECTION ( 'NONE',  ( -0.000000000000000000, 1.000000000000000000, -0.000000000000000000 ) ) ;
#722 = ORIENTED_EDGE ( 'NONE', *, *, #726, .T. ) ;
#723 = LINE ( 'NONE', #2055, #60 ) ;
#724 = ADVANCED_FACE ( 'NONE', ( #841 ), #2713, .F. ) ;
#725 = CARTESIAN_POINT ( 'NONE',  ( -50.49999999999997868, -20.60000000000001563, -135.2999999999999829 ) ) ;
#726 = EDGE_CURVE ( 'NONE', #1150, #187, #173, .T. ) ;
#727 = ORIENTED_EDGE ( 'NONE', *, *, #959, .T. ) ;
#728 = DIRECTION ( 'NONE',  ( 1.000000000000000000, -0.000000000000000000, 0.000000000000000000 ) ) ;
#729 = EDGE_LOOP ( 'NONE', ( #1156, #683, #510, #1813 ) ) ;
#730 = CIRCLE ( 'NONE', #1030, 2.000000000000001776 ) ;
#731 = FACE_OUTER_BOUND ( 'NONE', #379, .T. ) ;
#732 = VECTOR ( 'NONE', #1975, 1000.000000000000000 ) ;
#733 = ORIENTED_EDGE ( 'NONE', *, *, #1178, .T. ) ;
#734 = AXIS2_PLACEMENT_3D ( 'NONE', #1533, #1109, #1576 ) ;
#735 = DIRECTION ( 'NONE',  ( 2.675106193868901742E-16, 0.3746065934159084621, 0.9271838545667887566 ) ) ;
#736 = VECTOR ( 'NONE', #2677, 1000.000000000000114 ) ;
#737 = AXIS2_PLACEMENT_3D ( 'NONE', #769, #1252, #2171 ) ;
#738 = PLANE ( 'NONE',  #641 ) ;
#739 = AXIS2_PLACEMENT_3D ( 'NONE', #2599, #691, #2304 ) ;
#740 = ORIENTED_EDGE ( 'NONE', *, *, #970, .F. ) ;
#741 = VECTOR ( 'NONE', #242, 1000.000000000000000 ) ;
#742 = CARTESIAN_POINT ( 'NONE',  ( 39.30000000000009663, -26.10000000000002629, -133.8566243270258838 ) ) ;
#743 = DIRECTION ( 'NONE',  ( 1.000000000000000000, -2.465190328815661892E-32, -2.937503844654690540E-16 ) ) ;
#744 = VECTOR ( 'NONE', #718, 1000.000000000000000 ) ;
#745 = AXIS2_PLACEMENT_3D ( 'NONE', #418, #1350, #1561 ) ;
#746 = EDGE_CURVE ( 'NONE', #832, #1173, #2014, .T. ) ;
#747 = VERTEX_POINT ( 'NONE', #872 ) ;
#748 = LINE ( 'NONE', #2128, #2831 ) ;
#749 = FACE_BOUND ( 'NONE', #729, .T. ) ;
#750 = ADVANCED_FACE ( 'NONE', ( #1353, #408 ), #1791, .T. ) ;
#751 = ORIENTED_EDGE ( 'NONE', *, *, #63, .T. ) ;
#752 = VERTEX_POINT ( 'NONE', #1115 ) ;
#753 = EDGE_LOOP ( 'NONE', ( #76, #1116, #2732, #2619 ) ) ;
#754 = CARTESIAN_POINT ( 'NONE',  ( 50.49999999999997868, -29.99999999999991473, -108.7000000000000881 ) ) ;
#755 = DIRECTION ( 'NONE',  ( 0.7071067811865479058, 0.000000000000000000, 0.7071067811865470176 ) ) ;
#756 = VECTOR ( 'NONE', #788, 1000.000000000000000 ) ;
#757 = FACE_OUTER_BOUND ( 'NONE', #275, .T. ) ;
#758 = DIRECTION ( 'NONE',  ( 1.080813059217109708E-16, 0.9271838545667863141, -0.3746065934159146793 ) ) ;
#759 = EDGE_LOOP ( 'NONE', ( #2153, #1186, #2550, #1273 ) ) ;
#760 = LINE ( 'NONE', #1455, #1852 ) ;
#761 = CARTESIAN_POINT ( 'NONE',  ( 25.49999999999992895, -28.60000000000001563, -131.2585481156725962 ) ) ;
#762 = DIRECTION ( 'NONE',  ( -0.000000000000000000, -1.000000000000000000, -0.000000000000000000 ) ) ;
#763 = ORIENTED_EDGE ( 'NONE', *, *, #266, .T. ) ;
#764 = DIRECTION ( 'NONE',  ( 1.000000000000000000, 0.000000000000000000, 2.885194970439601952E-16 ) ) ;
#765 = EDGE_LOOP ( 'NONE', ( #1213, #1175, #1719, #773, #1985, #1133, #883, #2317 ) ) ;
#766 = EDGE_CURVE ( 'NONE', #1335, #267, #364, .T. ) ;
#767 = CARTESIAN_POINT ( 'NONE',  ( 30.49999999999993250, -27.60000000000001208, -125.2000000000000313 ) ) ;
#768 = VERTEX_POINT ( 'NONE', #1291 ) ;
#769 = CARTESIAN_POINT ( 'NONE',  ( -35.49999999999993605, -25.60000000000001208, -130.1038475772933509 ) ) ;
#770 = EDGE_CURVE ( 'NONE', #2701, #562, #1804, .T. ) ;
#771 = CARTESIAN_POINT ( 'NONE',  ( 68.49999999999998579, -28.99999999999995737, -153.7999999999999829 ) ) ;
#772 = CARTESIAN_POINT ( 'NONE',  ( -65.49999999999998579, -19.80000000000001492, -142.2426406871193478 ) ) ;
#773 = ORIENTED_EDGE ( 'NONE', *, *, #2031, .F. ) ;
#774 = DIRECTION ( 'NONE',  ( -1.000000000000000000, 0.000000000000000000, -0.000000000000000000 ) ) ;
#775 = DIRECTION ( 'NONE',  ( 0.000000000000000000, 1.000000000000000000, 0.000000000000000000 ) ) ;
#776 = LINE ( 'NONE', #811, #2275 ) ;
#777 = EDGE_LOOP ( 'NONE', ( #2467, #2264, #1310, #653, #195, #559 ) ) ;
#778 = CARTESIAN_POINT ( 'NONE',  ( -142.5000000000000568, -19.80000000000001492, -144.4827935137481063 ) ) ;
#779 = CARTESIAN_POINT ( 'NONE',  ( -65.49999999999997158, -0.8895320885995705584, -99.02884205050230548 ) ) ;
#780 = CARTESIAN_POINT ( 'NONE',  ( 0.000000000000000000, -52.78677324489567013, -124.2000000000000881 ) ) ;
#781 = VERTEX_POINT ( 'NONE', #1167 ) ;
#782 = CARTESIAN_POINT ( 'NONE',  ( 25.49999999999993250, -27.60000000000001208, -130.1038475772933509 ) ) ;
#783 = LINE ( 'NONE', #516, #20 ) ;
#784 = ORIENTED_EDGE ( 'NONE', *, *, #939, .T. ) ;
#785 = EDGE_CURVE ( 'NONE', #2016, #951, #2293, .T. ) ;
#786 = DIRECTION ( 'NONE',  ( -1.000000000000000000, 0.000000000000000000, -3.083952846180988308E-16 ) ) ;
#787 = EDGE_CURVE ( 'NONE', #2635, #1293, #2754, .T. ) ;
#788 = DIRECTION ( 'NONE',  ( -3.994651572012803526E-32, -1.000000000000000000, 1.442597485219800976E-16 ) ) ;
#789 = CYLINDRICAL_SURFACE ( 'NONE', #2281, 2.000000000000001776 ) ;
#790 = VECTOR ( 'NONE', #2392, 1000.000000000000000 ) ;
#791 = CIRCLE ( 'NONE', #2484, 2.000000000000001776 ) ;
#792 = CARTESIAN_POINT ( 'NONE',  ( 65.49999999999998579, -27.59999999999997300, -150.8000000000000114 ) ) ;
#793 = VECTOR ( 'NONE', #1123, 1000.000000000000000 ) ;
#794 = VECTOR ( 'NONE', #2012, 1000.000000000000000 ) ;
#795 = CARTESIAN_POINT ( 'NONE',  ( -142.5000000000000568, -18.17742825450812205, -145.1383550522259327 ) ) ;
#796 = VERTEX_POINT ( 'NONE', #1396 ) ;
#797 = CARTESIAN_POINT ( 'NONE',  ( -75.09999999999995168, -27.60000000000001208, -75.10000000000006537 ) ) ;
#798 = LINE ( 'NONE', #1721, #2133 ) ;
#799 = VECTOR ( 'NONE', #1887, 1000.000000000000114 ) ;
#800 = DIRECTION ( 'NONE',  ( 1.000000000000000000, -0.000000000000000000, -0.000000000000000000 ) ) ;
#801 = EDGE_LOOP ( 'NONE', ( #345, #2604, #423, #2607, #1779, #2745, #189, #461, #2714, #1586 ) ) ;
#802 = PLANE ( 'NONE',  #2696 ) ;
#803 = VERTEX_POINT ( 'NONE', #2556 ) ;
#804 = CARTESIAN_POINT ( 'NONE',  ( -142.5000000000000568, -19.80000000000001492, -142.2426406871193763 ) ) ;
#805 = EDGE_CURVE ( 'NONE', #781, #874, #497, .T. ) ;
#806 = CARTESIAN_POINT ( 'NONE',  ( 65.50000000000000000, -21.67303296707959603, -149.1187127865819946 ) ) ;
#807 = CARTESIAN_POINT ( 'NONE',  ( -65.50000000000001421, -20.05046122158771027, -149.7742743250598778 ) ) ;
#808 = CARTESIAN_POINT ( 'NONE',  ( -142.5000000000000568, -21.67303296707959603, -150.8687127865820514 ) ) ;
#809 = EDGE_CURVE ( 'NONE', #1802, #1808, #225, .T. ) ;
#810 = EDGE_CURVE ( 'NONE', #1190, #696, #912, .T. ) ;
#811 = CARTESIAN_POINT ( 'NONE',  ( -68.49999999999998579, -28.99999999999995737, -153.7999999999999829 ) ) ;
#812 = CARTESIAN_POINT ( 'NONE',  ( 25.49999999999992895, -26.60000000000001208, -131.2585481156725962 ) ) ;
#813 = CARTESIAN_POINT ( 'NONE',  ( -68.49999999999995737, 48.47289887546962461, -25.77349751206043393 ) ) ;
#814 = EDGE_CURVE ( 'NONE', #937, #2494, #2568, .T. ) ;
#815 = DIRECTION ( 'NONE',  ( 0.000000000000000000, 1.000000000000000000, -0.000000000000000000 ) ) ;
#816 = ORIENTED_EDGE ( 'NONE', *, *, #1835, .F. ) ;
#817 = CARTESIAN_POINT ( 'NONE',  ( 0.000000000000000000, -20.60000000000001563, -105.7000000000000881 ) ) ;
#818 = VERTEX_POINT ( 'NONE', #1187 ) ;
#819 = ORIENTED_EDGE ( 'NONE', *, *, #1780, .F. ) ;
#820 = CARTESIAN_POINT ( 'NONE',  ( 65.50000000000009948, -22.60000000000001563, -4.913487034658634954E-14 ) ) ;
#821 = CARTESIAN_POINT ( 'NONE',  ( -30.49999999999992895, -28.60000000000001563, -120.5284271247462300 ) ) ;
#822 = FACE_OUTER_BOUND ( 'NONE', #322, .T. ) ;
#823 = DIRECTION ( 'NONE',  ( 0.000000000000000000, 0.000000000000000000, -1.000000000000000000 ) ) ;
#824 = ORIENTED_EDGE ( 'NONE', *, *, #2898, .F. ) ;
#825 = EDGE_CURVE ( 'NONE', #2900, #502, #723, .T. ) ;
#826 = DIRECTION ( 'NONE',  ( 0.000000000000000000, 0.000000000000000000, -1.000000000000000000 ) ) ;
#827 = CARTESIAN_POINT ( 'NONE',  ( 0.000000000000000000, -28.60000000000001563, -138.1867513459480676 ) ) ;
#828 = CARTESIAN_POINT ( 'NONE',  ( -29.08578643762682603, -28.60000000000001563, -121.1142135623731519 ) ) ;
#829 = ADVANCED_FACE ( 'NONE', ( #2064, #1646 ), #31, .T. ) ;
#830 = VERTEX_POINT ( 'NONE', #1144 ) ;
#831 = FACE_OUTER_BOUND ( 'NONE', #2348, .T. ) ;
#832 = VERTEX_POINT ( 'NONE', #663 ) ;
#833 = ORIENTED_EDGE ( 'NONE', *, *, #2963, .F. ) ;
#834 = EDGE_LOOP ( 'NONE', ( #873, #930, #919, #1673, #1851, #1623, #922 ) ) ;
#835 = CARTESIAN_POINT ( 'NONE',  ( -142.5000000000000568, -21.67303296707959603, -149.1187127865820230 ) ) ;
#836 = PLANE ( 'NONE',  #448 ) ;
#837 = PLANE ( 'NONE',  #2087 ) ;
#838 = CARTESIAN_POINT ( 'NONE',  ( -68.49999999999998579, -19.60000000000004050, -153.7999999999999829 ) ) ;
#839 = VECTOR ( 'NONE', #2686, 1000.000000000000000 ) ;
#840 = CARTESIAN_POINT ( 'NONE',  ( 39.30000000000009663, -25.60000000000001208, -130.1038475772933509 ) ) ;
#841 = FACE_OUTER_BOUND ( 'NONE', #646, .T. ) ;
#842 = VECTOR ( 'NONE', #1683, 1000.000000000000000 ) ;
#843 = VECTOR ( 'NONE', #735, 1000.000000000000000 ) ;
#844 = ADVANCED_FACE ( 'NONE', ( #2770 ), #928, .T. ) ;
#845 = EDGE_LOOP ( 'NONE', ( #1991, #2621, #891, #1496 ) ) ;
#846 = VECTOR ( 'NONE', #2625, 1000.000000000000000 ) ;
#847 = EDGE_CURVE ( 'NONE', #1344, #2647, #1757, .T. ) ;
#848 =( GEOMETRIC_REPRESENTATION_CONTEXT ( 3 ) GLOBAL_UNCERTAINTY_ASSIGNED_CONTEXT ( ( #620 ) ) GLOBAL_UNIT_ASSIGNED_CONTEXT ( ( #2390, #605, #1994 ) ) REPRESENTATION_CONTEXT ( 'NONE', 'WORKASPACE' ) );
#849 = AXIS2_PLACEMENT_3D ( 'NONE', #1354, #255, #19 ) ;
#850 = ORIENTED_EDGE ( 'NONE', *, *, #2236, .F. ) ;
#851 = LINE ( 'NONE', #2198, #1422 ) ;
#852 = ORIENTED_EDGE ( 'NONE', *, *, #2594, .T. ) ;
#853 = ORIENTED_EDGE ( 'NONE', *, *, #1032, .F. ) ;
#854 = DIRECTION ( 'NONE',  ( 0.000000000000000000, 1.000000000000000000, 0.000000000000000000 ) ) ;
#855 = PLANE ( 'NONE',  #56 ) ;
#856 = DIRECTION ( 'NONE',  ( 0.000000000000000000, 0.000000000000000000, -1.000000000000000000 ) ) ;
#857 = DIRECTION ( 'NONE',  ( 0.000000000000000000, 0.000000000000000000, 1.000000000000000000 ) ) ;
#858 = DIRECTION ( 'NONE',  ( -6.546126324440819108E-16, 0.000000000000000000, 1.000000000000000000 ) ) ;
#859 = ORIENTED_EDGE ( 'NONE', *, *, #2083, .F. ) ;
#860 = CARTESIAN_POINT ( 'NONE',  ( 25.49999999999993250, -25.60000000000001208, -130.1038475772933509 ) ) ;
#861 = CIRCLE ( 'NONE', #2945, 1.750000000000001554 ) ;
#862 = ORIENTED_EDGE ( 'NONE', *, *, #1197, .T. ) ;
#863 = ORIENTED_EDGE ( 'NONE', *, *, #2649, .F. ) ;
#864 = VERTEX_POINT ( 'NONE', #2260 ) ;
#865 = EDGE_CURVE ( 'NONE', #904, #2970, #2537, .T. ) ;
#866 = CARTESIAN_POINT ( 'NONE',  ( -75.09999999999995168, -47.12997571504072880, -75.10000000000006537 ) ) ;
#867 = DIRECTION ( 'NONE',  ( -3.994651572012803526E-32, -1.000000000000000000, 0.000000000000000000 ) ) ;
#868 = CARTESIAN_POINT ( 'NONE',  ( 68.49999999999997158, -14.60000000000001386, -105.7000000000000881 ) ) ;
#869 = EDGE_CURVE ( 'NONE', #1194, #1842, #235, .T. ) ;
#870 = DIRECTION ( 'NONE',  ( -1.000000000000000000, 0.000000000000000000, -6.546126324440819108E-16 ) ) ;
#871 = ORIENTED_EDGE ( 'NONE', *, *, #2773, .F. ) ;
#872 = CARTESIAN_POINT ( 'NONE',  ( -25.49999999999992895, -27.60000000000001208, -130.1038475772933509 ) ) ;
#873 = ORIENTED_EDGE ( 'NONE', *, *, #2898, .T. ) ;
#874 = VERTEX_POINT ( 'NONE', #2538 ) ;
#875 = ORIENTED_EDGE ( 'NONE', *, *, #101, .F. ) ;
#876 = ORIENTED_EDGE ( 'NONE', *, *, #2215, .F. ) ;
#877 = EDGE_CURVE ( 'NONE', #2682, #1625, #2077, .T. ) ;
#878 = LINE ( 'NONE', #648, #1412 ) ;
#879 = LINE ( 'NONE', #2736, #686 ) ;
#880 = EDGE_CURVE ( 'NONE', #367, #267, #431, .T. ) ;
#881 = CARTESIAN_POINT ( 'NONE',  ( 0.000000000000000000, -22.60000000000001563, -135.2999999999999829 ) ) ;
#882 = DIRECTION ( 'NONE',  ( 0.000000000000000000, 0.000000000000000000, -1.000000000000000000 ) ) ;
#883 = ORIENTED_EDGE ( 'NONE', *, *, #2979, .T. ) ;
#884 = DIRECTION ( 'NONE',  ( 0.000000000000000000, -1.000000000000000000, 0.000000000000000000 ) ) ;
#885 = AXIS2_PLACEMENT_3D ( 'NONE', #2910, #102, #1740 ) ;
#886 = CIRCLE ( 'NONE', #1944, 1.750000000000001554 ) ;
#887 = VECTOR ( 'NONE', #786, 1000.000000000000000 ) ;
#888 = VECTOR ( 'NONE', #130, 1000.000000000000000 ) ;
#889 = ORIENTED_EDGE ( 'NONE', *, *, #3001, .T. ) ;
#890 = VECTOR ( 'NONE', #586, 1000.000000000000000 ) ;
#891 = ORIENTED_EDGE ( 'NONE', *, *, #57, .T. ) ;
#892 = AXIS2_PLACEMENT_3D ( 'NONE', #963, #236, #1876 ) ;
#893 = FACE_OUTER_BOUND ( 'NONE', #2758, .T. ) ;
#894 = DIRECTION ( 'NONE',  ( 0.000000000000000000, 0.000000000000000000, -1.000000000000000000 ) ) ;
#895 = CARTESIAN_POINT ( 'NONE',  ( -64.99999999999965894, -22.60000000000001563, 1.718202300015113973E-13 ) ) ;
#896 = ADVANCED_FACE ( 'NONE', ( #2099 ), #948, .F. ) ;
#897 = LINE ( 'NONE', #2036, #2045 ) ;
#898 = DIRECTION ( 'NONE',  ( -1.000000000000000000, 0.000000000000000000, 0.000000000000000000 ) ) ;
#899 = ORIENTED_EDGE ( 'NONE', *, *, #1026, .F. ) ;
#900 = CARTESIAN_POINT ( 'NONE',  ( -68.49999999999998579, -26.80000000000003979, -153.7999999999999829 ) ) ;
#901 = ADVANCED_FACE ( 'NONE', ( #1634 ), #480, .T. ) ;
#902 = EDGE_CURVE ( 'NONE', #2560, #1723, #791, .T. ) ;
#903 = LINE ( 'NONE', #1622, #2233 ) ;
#904 = VERTEX_POINT ( 'NONE', #1254 ) ;
#905 = VERTEX_POINT ( 'NONE', #1955 ) ;
#906 = ORIENTED_EDGE ( 'NONE', *, *, #2710, .T. ) ;
#907 = EDGE_LOOP ( 'NONE', ( #1508, #2559, #2957, #1047 ) ) ;
#908 = EDGE_LOOP ( 'NONE', ( #2248, #1511, #954, #315 ) ) ;
#909 = DIRECTION ( 'NONE',  ( 0.7071067811865464625, 0.000000000000000000, -0.7071067811865486830 ) ) ;
#910 = CARTESIAN_POINT ( 'NONE',  ( -53.00000000000000711, -28.60000000000001563, -109.2000000000000881 ) ) ;
#911 = VERTEX_POINT ( 'NONE', #2394 ) ;
#912 = LINE ( 'NONE', #466, #1370 ) ;
#913 = CARTESIAN_POINT ( 'NONE',  ( 68.49999999999994316, -21.55000000000001492, -144.1426279727569977 ) ) ;
#914 = EDGE_CURVE ( 'NONE', #803, #2548, #511, .T. ) ;
#915 = VERTEX_POINT ( 'NONE', #1936 ) ;
#916 = ORIENTED_EDGE ( 'NONE', *, *, #2825, .F. ) ;
#917 = FACE_OUTER_BOUND ( 'NONE', #907, .T. ) ;
#918 = EDGE_CURVE ( 'NONE', #874, #803, #103, .T. ) ;
#919 = ORIENTED_EDGE ( 'NONE', *, *, #2374, .T. ) ;
#920 = DIRECTION ( 'NONE',  ( 0.000000000000000000, 8.673617379884027583E-15, 1.000000000000000000 ) ) ;
#921 = ORIENTED_EDGE ( 'NONE', *, *, #2477, .T. ) ;
#922 = ORIENTED_EDGE ( 'NONE', *, *, #259, .T. ) ;
#923 = ORIENTED_EDGE ( 'NONE', *, *, #1108, .T. ) ;
#924 = CARTESIAN_POINT ( 'NONE',  ( -142.5000000000001137, 34.78419867295180268, -14.05372850853322397 ) ) ;
#925 = CARTESIAN_POINT ( 'NONE',  ( 50.49999999999997868, -22.60000000000001563, -135.2999999999999829 ) ) ;
#926 = CARTESIAN_POINT ( 'NONE',  ( -30.49999999999992895, -47.12997571504072880, -120.5284271247462300 ) ) ;
#927 = EDGE_LOOP ( 'NONE', ( #412, #2988, #1792, #177 ) ) ;
#928 = PLANE ( 'NONE',  #165 ) ;
#929 = DIRECTION ( 'NONE',  ( -0.000000000000000000, 0.000000000000000000, 1.000000000000000000 ) ) ;
#930 = ORIENTED_EDGE ( 'NONE', *, *, #902, .T. ) ;
#931 = EDGE_CURVE ( 'NONE', #49, #781, #760, .T. ) ;
#932 = CARTESIAN_POINT ( 'NONE',  ( -68.49999999999997158, -26.99999999999996447, -105.7000000000000881 ) ) ;
#933 = VERTEX_POINT ( 'NONE', #1685 ) ;
#934 = CARTESIAN_POINT ( 'NONE',  ( -25.49999999999993250, -27.60000000000001208, -124.7000000000000313 ) ) ;
#935 = ORIENTED_EDGE ( 'NONE', *, *, #1784, .T. ) ;
#936 = CARTESIAN_POINT ( 'NONE',  ( -142.5000000000000568, -21.55000000000001492, -144.1426279727570545 ) ) ;
#937 = VERTEX_POINT ( 'NONE', #1907 ) ;
#938 = VECTOR ( 'NONE', #2554, 999.9999999999998863 ) ;
#939 = EDGE_CURVE ( 'NONE', #1589, #459, #2878, .T. ) ;
#940 = VECTOR ( 'NONE', #2021, 1000.000000000000000 ) ;
#941 = VECTOR ( 'NONE', #1875, 999.9999999999998863 ) ;
#942 = VERTEX_POINT ( 'NONE', #2173 ) ;
#943 = DIRECTION ( 'NONE',  ( 1.155269069963156552E-16, 0.9271838545667887566, 0.3746065934159089061 ) ) ;
#944 = VECTOR ( 'NONE', #73, 1000.000000000000000 ) ;
#945 = VECTOR ( 'NONE', #1825, 1000.000000000000000 ) ;
#946 = LINE ( 'NONE', #2097, #2936 ) ;
#947 = ORIENTED_EDGE ( 'NONE', *, *, #1913, .F. ) ;
#948 = PLANE ( 'NONE',  #1325 ) ;
#949 = LINE ( 'NONE', #1591, #2839 ) ;
#950 = PLANE ( 'NONE',  #1377 ) ;
#951 = VERTEX_POINT ( 'NONE', #2360 ) ;
#952 = ORIENTED_EDGE ( 'NONE', *, *, #2352, .T. ) ;
#953 = CARTESIAN_POINT ( 'NONE',  ( 50.49999999999997868, 96.56717332119963260, 17.86717332119807367 ) ) ;
#954 = ORIENTED_EDGE ( 'NONE', *, *, #206, .T. ) ;
#955 = ORIENTED_EDGE ( 'NONE', *, *, #2307, .T. ) ;
#956 = ADVANCED_FACE ( 'NONE', ( #973 ), #789, .F. ) ;
#957 = DIRECTION ( 'NONE',  ( 0.000000000000000000, 0.000000000000000000, -1.000000000000000000 ) ) ;
#958 = CARTESIAN_POINT ( 'NONE',  ( 35.49999999999993605, -25.60000000000001208, -130.1038475772933509 ) ) ;
#959 = EDGE_CURVE ( 'NONE', #121, #2381, #1716, .T. ) ;
#960 = CARTESIAN_POINT ( 'NONE',  ( -35.49999999999993605, -27.60000000000001208, -124.7000000000000597 ) ) ;
#961 = ORIENTED_EDGE ( 'NONE', *, *, #557, .T. ) ;
#962 = DIRECTION ( 'NONE',  ( 1.000000000000000000, 2.465190328815661892E-32, 2.937503844654690540E-16 ) ) ;
#963 = CARTESIAN_POINT ( 'NONE',  ( 6.243972382727714370E-30, 114.4343466423975144, -108.7000000000001307 ) ) ;
#964 = EDGE_LOOP ( 'NONE', ( #1103, #1530, #399, #763 ) ) ;
#965 = ORIENTED_EDGE ( 'NONE', *, *, #1170, .F. ) ;
#966 = DIRECTION ( 'NONE',  ( 0.000000000000000000, 1.000000000000000000, 0.000000000000000000 ) ) ;
#967 = ORIENTED_EDGE ( 'NONE', *, *, #2531, .F. ) ;
#968 = PLANE ( 'NONE',  #2039 ) ;
#969 = CARTESIAN_POINT ( 'NONE',  ( 25.50000000000001421, -47.12997571504072880, -1.669262212732409770E-14 ) ) ;
#970 = EDGE_CURVE ( 'NONE', #2259, #397, #2896, .T. ) ;
#971 = FACE_OUTER_BOUND ( 'NONE', #777, .T. ) ;
#972 = ORIENTED_EDGE ( 'NONE', *, *, #2022, .F. ) ;
#973 = FACE_OUTER_BOUND ( 'NONE', #201, .T. ) ;
#974 = CARTESIAN_POINT ( 'NONE',  ( -30.49999999999992895, -27.60000000000001208, -122.5284271247462300 ) ) ;
#975 = ADVANCED_FACE ( 'NONE', ( #2112 ), #1441, .T. ) ;
#976 = ORIENTED_EDGE ( 'NONE', *, *, #1506, .F. ) ;
#977 = CARTESIAN_POINT ( 'NONE',  ( -68.49999999999994316, 1.602373713730178828E-30, 2.017315848641881928E-14 ) ) ;
#978 = ORIENTED_EDGE ( 'NONE', *, *, #2552, .F. ) ;
#979 = ORIENTED_EDGE ( 'NONE', *, *, #226, .F. ) ;
#980 = AXIS2_PLACEMENT_3D ( 'NONE', #142, #375, #157 ) ;
#981 = ORIENTED_EDGE ( 'NONE', *, *, #1531, .T. ) ;
#982 = AXIS2_PLACEMENT_3D ( 'NONE', #1393, #232, #2075 ) ;
#983 = DIRECTION ( 'NONE',  ( 1.000000000000000000, 0.000000000000000000, 2.885194970439601952E-16 ) ) ;
#984 = VECTOR ( 'NONE', #2278, 1000.000000000000000 ) ;
#985 = DIRECTION ( 'NONE',  ( 0.000000000000000000, 1.000000000000000000, 0.000000000000000000 ) ) ;
#986 = CARTESIAN_POINT ( 'NONE',  ( 0.000000000000000000, -22.60000000000001563, -124.2000000000000881 ) ) ;
#987 = CIRCLE ( 'NONE', #1468, 2.000000000000001776 ) ;
#988 = VERTEX_POINT ( 'NONE', #807 ) ;
#989 = AXIS2_PLACEMENT_3D ( 'NONE', #1999, #2231, #857 ) ;
#990 = CARTESIAN_POINT ( 'NONE',  ( -25.49999999999992539, -26.60000000000000853, -131.8358983848622188 ) ) ;
#991 = DIRECTION ( 'NONE',  ( 1.000000000000000000, -4.542510484243382359E-33, -3.083952846180988308E-16 ) ) ;
#992 = VECTOR ( 'NONE', #966, 1000.000000000000000 ) ;
#993 = AXIS2_PLACEMENT_3D ( 'NONE', #2409, #775, #2603 ) ;
#994 = ORIENTED_EDGE ( 'NONE', *, *, #2201, .F. ) ;
#995 = EDGE_CURVE ( 'NONE', #1190, #2785, #1921, .T. ) ;
#996 = LINE ( 'NONE', #2660, #1176 ) ;
#997 = ADVANCED_FACE ( 'NONE', ( #326 ), #2346, .T. ) ;
#998 = ORIENTED_EDGE ( 'NONE', *, *, #226, .T. ) ;
#999 = DIRECTION ( 'NONE',  ( 0.000000000000000000, -1.000000000000000000, 0.000000000000000000 ) ) ;
#1000 = ORIENTED_EDGE ( 'NONE', *, *, #914, .F. ) ;
#1001 = LINE ( 'NONE', #1485, #545 ) ;
#1002 = PLANE ( 'NONE',  #1043 ) ;
#1003 = CARTESIAN_POINT ( 'NONE',  ( -65.49999999999994316, -18.05000000000001492, 1.893286493148214150E-14 ) ) ;
#1004 = CARTESIAN_POINT ( 'NONE',  ( -30.50000000000002487, -28.60000000000001563, -127.2000000000000313 ) ) ;
#1005 = EDGE_LOOP ( 'NONE', ( #2178, #1633, #740, #1403 ) ) ;
#1006 = CARTESIAN_POINT ( 'NONE',  ( 68.49999999999997158, 38.79045674254164311, -79.72158903496227822 ) ) ;
#1007 = CARTESIAN_POINT ( 'NONE',  ( -35.49999999999993605, -27.60000000000001208, -130.1038475772933509 ) ) ;
#1008 = ORIENTED_EDGE ( 'NONE', *, *, #2825, .T. ) ;
#1009 = EDGE_CURVE ( 'NONE', #2412, #1899, #77, .T. ) ;
#1010 = DIRECTION ( 'NONE',  ( -0.000000000000000000, 1.000000000000000000, -0.000000000000000000 ) ) ;
#1011 = ORIENTED_EDGE ( 'NONE', *, *, #1856, .F. ) ;
#1012 = LINE ( 'NONE', #1360, #1567 ) ;
#1013 = EDGE_CURVE ( 'NONE', #2259, #2865, #2862, .T. ) ;
#1014 = ORIENTED_EDGE ( 'NONE', *, *, #2263, .F. ) ;
#1015 = CARTESIAN_POINT ( 'NONE',  ( -65.49999999999998579, -22.80000000000001492, -153.7999999999999829 ) ) ;
#1016 = CARTESIAN_POINT ( 'NONE',  ( -142.5000000000000568, -21.67303296707959603, -149.1187127865820230 ) ) ;
#1017 = DIRECTION ( 'NONE',  ( -2.937503844654690540E-16, 0.000000000000000000, 1.000000000000000000 ) ) ;
#1018 = DIRECTION ( 'NONE',  ( 0.000000000000000000, 1.982541115402063335E-15, 1.000000000000000000 ) ) ;
#1019 = CARTESIAN_POINT ( 'NONE',  ( 65.50000000000009948, -20.60000000000001563, -4.913487034658634954E-14 ) ) ;
#1020 = EDGE_LOOP ( 'NONE', ( #1880, #2009, #198, #1783 ) ) ;
#1021 = DIRECTION ( 'NONE',  ( 1.285244263562730315E-16, -0.8992041110872031062, -0.4375293894172972986 ) ) ;
#1022 = DIRECTION ( 'NONE',  ( 0.000000000000000000, 1.000000000000000000, -1.442597485219800976E-16 ) ) ;
#1023 = ORIENTED_EDGE ( 'NONE', *, *, #690, .T. ) ;
#1024 = DIRECTION ( 'NONE',  ( 0.000000000000000000, 0.000000000000000000, -1.000000000000000000 ) ) ;
#1025 = PLANE ( 'NONE',  #248 ) ;
#1026 = EDGE_CURVE ( 'NONE', #121, #2016, #1474, .T. ) ;
#1027 = DIRECTION ( 'NONE',  ( -1.000000000000000000, 0.000000000000000000, -0.000000000000000000 ) ) ;
#1028 = ORIENTED_EDGE ( 'NONE', *, *, #2667, .T. ) ;
#1029 = CARTESIAN_POINT ( 'NONE',  ( 68.49999999999997158, -0.8895320885995705584, -99.02884205050230548 ) ) ;
#1030 = AXIS2_PLACEMENT_3D ( 'NONE', #191, #2202, #1786 ) ;
#1031 = EDGE_CURVE ( 'NONE', #1280, #2647, #283, .T. ) ;
#1032 = EDGE_CURVE ( 'NONE', #1118, #911, #55, .T. ) ;
#1033 = CARTESIAN_POINT ( 'NONE',  ( -25.49999999999992539, -28.60000000000001563, -131.2585481156725962 ) ) ;
#1034 = EDGE_CURVE ( 'NONE', #1540, #942, #139, .T. ) ;
#1035 = DIRECTION ( 'NONE',  ( 0.000000000000000000, 1.000000000000000000, 0.000000000000000000 ) ) ;
#1036 = VECTOR ( 'NONE', #2162, 1000.000000000000000 ) ;
#1037 = VECTOR ( 'NONE', #18, 1000.000000000000000 ) ;
#1038 = DIRECTION ( 'NONE',  ( 0.000000000000000000, 1.387778780781444413E-14, -1.000000000000000000 ) ) ;
#1039 = VECTOR ( 'NONE', #1942, 1000.000000000000000 ) ;
#1040 = VECTOR ( 'NONE', #1155, 1000.000000000000000 ) ;
#1041 = ORIENTED_EDGE ( 'NONE', *, *, #97, .F. ) ;
#1042 = DIRECTION ( 'NONE',  ( -1.000000000000000000, 0.000000000000000000, -0.000000000000000000 ) ) ;
#1043 = AXIS2_PLACEMENT_3D ( 'NONE', #969, #1665, #1223 ) ;
#1044 = AXIS2_PLACEMENT_3D ( 'NONE', #2906, #1027, #1482 ) ;
#1045 = DIRECTION ( 'NONE',  ( -2.040140928643151340E-16, 0.7071067811865514585, 0.7071067811865435759 ) ) ;
#1046 = LINE ( 'NONE', #1928, #2827 ) ;
#1047 = ORIENTED_EDGE ( 'NONE', *, *, #411, .F. ) ;
#1048 = VERTEX_POINT ( 'NONE', #1111 ) ;
#1049 = ADVANCED_FACE ( 'NONE', ( #1302 ), #126, .T. ) ;
#1050 = PRODUCT_DEFINITION_CONTEXT ( 'detailed design', #1778, 'design' ) ;
#1051 = APPLICATION_PROTOCOL_DEFINITION ( 'draft international standard', 'automotive_design', 1998, #1778 ) ;
#1052 = DIRECTION ( 'NONE',  ( 0.000000000000000000, -1.982541115402063493E-14, 1.000000000000000000 ) ) ;
#1053 = VECTOR ( 'NONE', #1713, 1000.000000000000114 ) ;
#1054 = DIRECTION ( 'NONE',  ( 0.000000000000000000, 0.8660254037844391517, -0.4999999999999989453 ) ) ;
#1055 = EDGE_CURVE ( 'NONE', #2543, #2762, #2518, .T. ) ;
#1056 = DIRECTION ( 'NONE',  ( 0.000000000000000000, 1.000000000000000000, 0.000000000000000000 ) ) ;
#1057 = CARTESIAN_POINT ( 'NONE',  ( -68.49999999999997158, -0.8895320885995705584, -99.02884205050230548 ) ) ;
#1058 = LINE ( 'NONE', #626, #396 ) ;
#1059 = DIRECTION ( 'NONE',  ( 1.000000000000000000, 0.000000000000000000, 0.000000000000000000 ) ) ;
#1060 = CYLINDRICAL_SURFACE ( 'NONE', #2687, 2.000000000000001776 ) ;
#1061 = ORIENTED_EDGE ( 'NONE', *, *, #1877, .T. ) ;
#1062 = DIRECTION ( 'NONE',  ( 0.000000000000000000, 0.000000000000000000, 1.000000000000000000 ) ) ;
#1063 = ORIENTED_EDGE ( 'NONE', *, *, #1207, .F. ) ;
#1064 = DIRECTION ( 'NONE',  ( 0.000000000000000000, 0.000000000000000000, 1.000000000000000000 ) ) ;
#1065 = ORIENTED_EDGE ( 'NONE', *, *, #2400, .T. ) ;
#1066 = CARTESIAN_POINT ( 'NONE',  ( 50.49999999999997868, -22.60000000000001563, -124.2000000000000881 ) ) ;
#1067 = CARTESIAN_POINT ( 'NONE',  ( -68.50000000000001421, -23.29560471257145693, -148.4631512481041398 ) ) ;
#1068 = DIRECTION ( 'NONE',  ( -1.000000000000000000, 0.000000000000000000, -3.083952846180988308E-16 ) ) ;
#1069 = EDGE_CURVE ( 'NONE', #1173, #2597, #2043, .T. ) ;
#1070 = CARTESIAN_POINT ( 'NONE',  ( -142.5000000000001137, 34.78419867295180268, -14.05372850853322397 ) ) ;
#1071 = CARTESIAN_POINT ( 'NONE',  ( 31.91421356237301410, -47.12997571504072880, -121.1142135623731377 ) ) ;
#1072 = EDGE_LOOP ( 'NONE', ( #967, #853, #2583, #2934 ) ) ;
#1073 = DIRECTION ( 'NONE',  ( -1.000000000000000000, 0.000000000000000000, 6.546126324440819108E-16 ) ) ;
#1074 = LINE ( 'NONE', #378, #1225 ) ;
#1075 = EDGE_CURVE ( 'NONE', #2959, #1528, #1865, .T. ) ;
#1076 = EDGE_LOOP ( 'NONE', ( #2298, #2991, #230, #2995 ) ) ;
#1077 = EDGE_LOOP ( 'NONE', ( #1587, #285, #1817, #2808, #224, #852, #2459 ) ) ;
#1078 = ORIENTED_EDGE ( 'NONE', *, *, #2168, .F. ) ;
#1079 = CARTESIAN_POINT ( 'NONE',  ( 25.50000000000001421, -27.60000000000001208, -1.669262212732409770E-14 ) ) ;
#1080 = CARTESIAN_POINT ( 'NONE',  ( 30.49999999999992184, -27.60000000000001208, -120.5284271247462300 ) ) ;
#1081 = CARTESIAN_POINT ( 'NONE',  ( 30.49999999999993250, -27.60000000000001208, -127.2000000000000313 ) ) ;
#1082 = CARTESIAN_POINT ( 'NONE',  ( -9.779214475239925996E-14, -20.60000000000001563, -105.7000000000001450 ) ) ;
#1083 = VECTOR ( 'NONE', #2217, 1000.000000000000000 ) ;
#1084 = ORIENTED_EDGE ( 'NONE', *, *, #2022, .T. ) ;
#1085 = CARTESIAN_POINT ( 'NONE',  ( -50.49999999999997868, -22.60000000000001563, -135.2999999999999829 ) ) ;
#1086 = AXIS2_PLACEMENT_3D ( 'NONE', #812, #1073, #2448 ) ;
#1087 = VECTOR ( 'NONE', #196, 1000.000000000000000 ) ;
#1088 = EDGE_CURVE ( 'NONE', #1899, #2564, #1654, .T. ) ;
#1089 = VECTOR ( 'NONE', #2090, 1000.000000000000000 ) ;
#1090 = VECTOR ( 'NONE', #2065, 1000.000000000000000 ) ;
#1091 = AXIS2_PLACEMENT_3D ( 'NONE', #2422, #2200, #2439 ) ;
#1092 = ORIENTED_EDGE ( 'NONE', *, *, #265, .T. ) ;
#1093 = EDGE_LOOP ( 'NONE', ( #2715, #2137, #472, #1855 ) ) ;
#1094 = ORIENTED_EDGE ( 'NONE', *, *, #616, .F. ) ;
#1095 = SHAPE_DEFINITION_REPRESENTATION ( #1690, #1457 ) ;
#1096 = CARTESIAN_POINT ( 'NONE',  ( -35.49999999999993605, -63.73661856601736986, -110.3950616589795857 ) ) ;
#1097 = CARTESIAN_POINT ( 'NONE',  ( 35.49999999999993605, -28.60000000000001563, -131.2585481156725962 ) ) ;
#1098 = CARTESIAN_POINT ( 'NONE',  ( 68.49999999999991473, -10.15197879029933148, -136.0308564657625254 ) ) ;
#1099 = CARTESIAN_POINT ( 'NONE',  ( -65.49999999999998579, -22.60000000000000853, -135.2999999999999829 ) ) ;
#1100 = DIRECTION ( 'NONE',  ( 0.000000000000000000, 0.000000000000000000, 1.000000000000000000 ) ) ;
#1101 = VERTEX_POINT ( 'NONE', #2761 ) ;
#1102 = DIRECTION ( 'NONE',  ( -1.000000000000000000, 0.000000000000000000, 0.000000000000000000 ) ) ;
#1103 = ORIENTED_EDGE ( 'NONE', *, *, #1491, .T. ) ;
#1104 = ADVANCED_FACE ( 'NONE', ( #1595 ), #2525, .T. ) ;
#1105 = ORIENTED_EDGE ( 'NONE', *, *, #4, .T. ) ;
#1106 = ORIENTED_EDGE ( 'NONE', *, *, #814, .F. ) ;
#1107 = CARTESIAN_POINT ( 'NONE',  ( 65.49999999999994316, -18.05000000000001137, -144.4827935137480495 ) ) ;
#1108 = EDGE_CURVE ( 'NONE', #1357, #2500, #438, .T. ) ;
#1109 = DIRECTION ( 'NONE',  ( 1.000000000000000000, -0.000000000000000000, 0.000000000000000000 ) ) ;
#1110 = CARTESIAN_POINT ( 'NONE',  ( -65.49999999999998579, -26.80000000000003979, -153.7999999999999829 ) ) ;
#1111 = CARTESIAN_POINT ( 'NONE',  ( -30.50000000000002487, -27.60000000000001208, -129.2000000000000455 ) ) ;
#1112 = DIRECTION ( 'NONE',  ( -6.938893903907222461E-16, 0.000000000000000000, 1.000000000000000000 ) ) ;
#1113 = DIRECTION ( 'NONE',  ( 0.000000000000000000, -0.5000000000000009992, -0.8660254037844380415 ) ) ;
#1114 = ORIENTED_EDGE ( 'NONE', *, *, #2669, .F. ) ;
#1115 = CARTESIAN_POINT ( 'NONE',  ( -68.50000000000001421, -21.55000000000001492, -144.1426279727570261 ) ) ;
#1116 = ORIENTED_EDGE ( 'NONE', *, *, #161, .F. ) ;
#1117 = PRODUCT_DEFINITION ( 'UNKNOWN', '', #2645, #1050 ) ;
#1118 = VERTEX_POINT ( 'NONE', #2070 ) ;
#1119 = VERTEX_POINT ( 'NONE', #934 ) ;
#1120 = EDGE_CURVE ( 'NONE', #2959, #2847, #2472, .T. ) ;
#1121 = LINE ( 'NONE', #1096, #442 ) ;
#1122 = DIRECTION ( 'NONE',  ( -1.000000000000000000, 0.000000000000000000, -6.546126324440819108E-16 ) ) ;
#1123 = DIRECTION ( 'NONE',  ( -2.723606137491690239E-16, 0.3746065934159146793, 0.9271838545667863141 ) ) ;
#1124 = EDGE_CURVE ( 'NONE', #611, #1280, #1741, .T. ) ;
#1125 = CARTESIAN_POINT ( 'NONE',  ( 65.49999999999997158, -19.80000000000001492, -142.2426406871193194 ) ) ;
#1126 = CARTESIAN_POINT ( 'NONE',  ( 6.243972382727714370E-30, 114.4343466423975144, -108.7000000000001165 ) ) ;
#1127 = AXIS2_PLACEMENT_3D ( 'NONE', #1787, #1285, #2403 ) ;
#1128 = VECTOR ( 'NONE', #476, 1000.000000000000000 ) ;
#1129 = ORIENTED_EDGE ( 'NONE', *, *, #57, .F. ) ;
#1130 = VECTOR ( 'NONE', #1960, 999.9999999999998863 ) ;
#1131 = AXIS2_PLACEMENT_3D ( 'NONE', #2208, #2004, #2727 ) ;
#1132 = VECTOR ( 'NONE', #1348, 1000.000000000000000 ) ;
#1133 = ORIENTED_EDGE ( 'NONE', *, *, #1636, .T. ) ;
#1134 = VECTOR ( 'NONE', #1536, 1000.000000000000000 ) ;
#1135 = ORIENTED_EDGE ( 'NONE', *, *, #241, .T. ) ;
#1136 = ORIENTED_EDGE ( 'NONE', *, *, #1747, .T. ) ;
#1137 =( GEOMETRIC_REPRESENTATION_CONTEXT ( 3 ) GLOBAL_UNCERTAINTY_ASSIGNED_CONTEXT ( ( #2362 ) ) GLOBAL_UNIT_ASSIGNED_CONTEXT ( ( #2716, #398, #2793 ) ) REPRESENTATION_CONTEXT ( 'NONE', 'WORKASPACE' ) );
#1138 = VECTOR ( 'NONE', #2024, 1000.000000000000000 ) ;
#1139 = DIRECTION ( 'NONE',  ( 1.000000000000000000, -0.000000000000000000, 0.000000000000000000 ) ) ;
#1140 = LINE ( 'NONE', #509, #2737 ) ;
#1141 = EDGE_CURVE ( 'NONE', #2865, #68, #496, .T. ) ;
#1142 = DIRECTION ( 'NONE',  ( -1.000000000000000000, 0.000000000000000000, -0.000000000000000000 ) ) ;
#1143 = LINE ( 'NONE', #2156, #1666 ) ;
#1144 = CARTESIAN_POINT ( 'NONE',  ( -30.49999999999992895, -27.60000000000001208, -120.5284271247462300 ) ) ;
#1145 = CARTESIAN_POINT ( 'NONE',  ( 39.30000000000009663, -27.60000000000001208, 0.000000000000000000 ) ) ;
#1146 = EDGE_CURVE ( 'NONE', #1281, #2678, #400, .T. ) ;
#1147 = DIRECTION ( 'NONE',  ( -1.000000000000000000, -0.000000000000000000, -0.000000000000000000 ) ) ;
#1148 = ORIENTED_EDGE ( 'NONE', *, *, #2626, .T. ) ;
#1149 = DIRECTION ( 'NONE',  ( -1.000000000000000000, 0.000000000000000000, 0.000000000000000000 ) ) ;
#1150 = VERTEX_POINT ( 'NONE', #1775 ) ;
#1151 = DIRECTION ( 'NONE',  ( -1.000000000000000000, 0.000000000000000000, -0.000000000000000000 ) ) ;
#1152 = CARTESIAN_POINT ( 'NONE',  ( -68.49999999999998579, -19.80000000000001492, -142.2426406871193478 ) ) ;
#1153 = ADVANCED_FACE ( 'NONE', ( #403 ), #837, .T. ) ;
#1154 = DIRECTION ( 'NONE',  ( 0.000000000000000000, 1.000000000000000000, 0.000000000000000000 ) ) ;
#1155 = DIRECTION ( 'NONE',  ( 2.723606137491697141E-16, 0.3746065934159088506, -0.9271838545667886455 ) ) ;
#1156 = ORIENTED_EDGE ( 'NONE', *, *, #2626, .F. ) ;
#1157 = ADVANCED_FACE ( 'NONE', ( #140 ), #1789, .F. ) ;
#1158 = CARTESIAN_POINT ( 'NONE',  ( 0.000000000000000000, -22.60000000000001563, -130.2000000000001023 ) ) ;
#1159 = VERTEX_POINT ( 'NONE', #2912 ) ;
#1160 = CARTESIAN_POINT ( 'NONE',  ( 0.000000000000000000, -23.60000000000001208, -140.8996525863346960 ) ) ;
#1161 = ORIENTED_EDGE ( 'NONE', *, *, #1358, .T. ) ;
#1162 = ORIENTED_EDGE ( 'NONE', *, *, #918, .F. ) ;
#1163 = ORIENTED_EDGE ( 'NONE', *, *, #1361, .T. ) ;
#1164 = CARTESIAN_POINT ( 'NONE',  ( -65.00000000000000000, -52.78677324489567013, -130.2000000000001023 ) ) ;
#1165 = LINE ( 'NONE', #695, #2483 ) ;
#1166 = ORIENTED_EDGE ( 'NONE', *, *, #2653, .F. ) ;
#1167 = CARTESIAN_POINT ( 'NONE',  ( 68.49999999999998579, -19.60000000000007248, -153.7999999999999829 ) ) ;
#1168 = DIRECTION ( 'NONE',  ( 1.000000000000000000, -2.465190328815661892E-32, -2.937503844654690540E-16 ) ) ;
#1169 = ORIENTED_EDGE ( 'NONE', *, *, #2148, .T. ) ;
#1170 = EDGE_CURVE ( 'NONE', #1744, #1793, #1287, .T. ) ;
#1171 = DIRECTION ( 'NONE',  ( 0.000000000000000000, 0.000000000000000000, -1.000000000000000000 ) ) ;
#1172 = VERTEX_POINT ( 'NONE', #2697 ) ;
#1173 = VERTEX_POINT ( 'NONE', #2457 ) ;
#1174 = CARTESIAN_POINT ( 'NONE',  ( 35.49999999999993605, -47.12997571504072880, -135.2999999999999829 ) ) ;
#1175 = ORIENTED_EDGE ( 'NONE', *, *, #1913, .T. ) ;
#1176 = VECTOR ( 'NONE', #2606, 1000.000000000000114 ) ;
#1177 = VECTOR ( 'NONE', #2414, 1000.000000000000114 ) ;
#1178 = EDGE_CURVE ( 'NONE', #329, #1543, #1316, .T. ) ;
#1179 = VECTOR ( 'NONE', #1930, 1000.000000000000000 ) ;
#1180 = VECTOR ( 'NONE', #1054, 1000.000000000000227 ) ;
#1181 = VERTEX_POINT ( 'NONE', #340 ) ;
#1182 = LINE ( 'NONE', #1164, #1128 ) ;
#1183 = VECTOR ( 'NONE', #354, 1000.000000000000000 ) ;
#1184 = CIRCLE ( 'NONE', #1667, 2.000000000000001776 ) ;
#1185 = DIRECTION ( 'NONE',  ( 0.000000000000000000, 0.000000000000000000, -1.000000000000000000 ) ) ;
#1186 = ORIENTED_EDGE ( 'NONE', *, *, #42, .F. ) ;
#1187 = CARTESIAN_POINT ( 'NONE',  ( 35.49999999999993605, -26.10000000000002629, -133.8566243270258838 ) ) ;
#1188 = CARTESIAN_POINT ( 'NONE',  ( 65.49999999999994316, 28.65035188793451937, -11.57549354213119486 ) ) ;
#1189 = ORIENTED_EDGE ( 'NONE', *, *, #2110, .F. ) ;
#1190 = VERTEX_POINT ( 'NONE', #1758 ) ;
#1191 = DIRECTION ( 'NONE',  ( 0.000000000000000000, 1.000000000000000000, 0.000000000000000000 ) ) ;
#1192 = VECTOR ( 'NONE', #1606, 1000.000000000000000 ) ;
#1193 = EDGE_CURVE ( 'NONE', #1613, #2499, #609, .T. ) ;
#1194 = VERTEX_POINT ( 'NONE', #1303 ) ;
#1195 = CARTESIAN_POINT ( 'NONE',  ( 44.60000000000000853, -47.12997571504072880, -44.59999999999987352 ) ) ;
#1196 = DIRECTION ( 'NONE',  ( 0.000000000000000000, 0.000000000000000000, 1.000000000000000000 ) ) ;
#1197 = EDGE_CURVE ( 'NONE', #295, #1181, #2216, .T. ) ;
#1198 = CARTESIAN_POINT ( 'NONE',  ( -65.49999999999997158, -32.00000000000000000, -110.7000000000001734 ) ) ;
#1199 = ORIENTED_EDGE ( 'NONE', *, *, #2608, .T. ) ;
#1200 = DIRECTION ( 'NONE',  ( 0.000000000000000000, 0.000000000000000000, 1.000000000000000000 ) ) ;
#1201 = DIRECTION ( 'NONE',  ( -0.000000000000000000, 1.000000000000000000, -0.000000000000000000 ) ) ;
#1202 = ORIENTED_EDGE ( 'NONE', *, *, #2511, .T. ) ;
#1203 = CARTESIAN_POINT ( 'NONE',  ( -25.50000000000001421, -47.12997571504072880, -1.669262212732409770E-14 ) ) ;
#1204 = DIRECTION ( 'NONE',  ( 0.000000000000000000, 1.000000000000000000, 0.000000000000000000 ) ) ;
#1205 = ORIENTED_EDGE ( 'NONE', *, *, #880, .F. ) ;
#1206 = ORIENTED_EDGE ( 'NONE', *, *, #161, .T. ) ;
#1207 = EDGE_CURVE ( 'NONE', #2564, #1828, #2723, .T. ) ;
#1208 = ORIENTED_EDGE ( 'NONE', *, *, #2332, .T. ) ;
#1209 = CARTESIAN_POINT ( 'NONE',  ( 30.49999999999992184, -28.60000000000001563, -122.5284271247462300 ) ) ;
#1210 = CARTESIAN_POINT ( 'NONE',  ( -65.49999999999998579, -20.60000000000001563, -138.7999999999999829 ) ) ;
#1211 = EDGE_CURVE ( 'NONE', #1415, #2094, #2190, .T. ) ;
#1212 = DIRECTION ( 'NONE',  ( 0.000000000000000000, 0.3746065934159146793, 0.9271838545667863141 ) ) ;
#1213 = ORIENTED_EDGE ( 'NONE', *, *, #1193, .T. ) ;
#1214 = DIRECTION ( 'NONE',  ( 1.000000000000000000, -0.000000000000000000, -0.000000000000000000 ) ) ;
#1215 = FACE_BOUND ( 'NONE', #2210, .T. ) ;
#1216 = ADVANCED_FACE ( 'NONE', ( #822 ), #1521, .T. ) ;
#1217 = DIRECTION ( 'NONE',  ( 1.000000000000000000, -0.000000000000000000, -0.000000000000000000 ) ) ;
#1218 = DIRECTION ( 'NONE',  ( -1.000000000000000000, 3.994651572012803526E-32, 0.000000000000000000 ) ) ;
#1219 = ORIENTED_EDGE ( 'NONE', *, *, #1927, .T. ) ;
#1220 = AXIS2_PLACEMENT_3D ( 'NONE', #284, #1908, #2373 ) ;
#1221 = AXIS2_PLACEMENT_3D ( 'NONE', #401, #2694, #1331 ) ;
#1222 = CARTESIAN_POINT ( 'NONE',  ( 68.49999999999991473, -10.15197879029933148, -136.0308564657625254 ) ) ;
#1223 = DIRECTION ( 'NONE',  ( 6.546126324440819108E-16, 0.000000000000000000, 1.000000000000000000 ) ) ;
#1224 = AXIS2_PLACEMENT_3D ( 'NONE', #143, #106, #1743 ) ;
#1225 = VECTOR ( 'NONE', #2926, 1000.000000000000114 ) ;
#1226 = DIRECTION ( 'NONE',  ( -1.000000000000000000, 0.000000000000000000, 0.000000000000000000 ) ) ;
#1227 = PLANE ( 'NONE',  #1369 ) ;
#1228 = AXIS2_PLACEMENT_3D ( 'NONE', #1599, #453, #2824 ) ;
#1229 = AXIS2_PLACEMENT_3D ( 'NONE', #623, #2722, #1575 ) ;
#1230 = DIRECTION ( 'NONE',  ( 0.000000000000000000, 0.000000000000000000, -1.000000000000000000 ) ) ;
#1231 = EDGE_CURVE ( 'NONE', #2970, #1790, #2711, .T. ) ;
#1232 = DIRECTION ( 'NONE',  ( 1.000000000000000000, -1.543967230958434570E-16, -3.083952846180988308E-16 ) ) ;
#1233 = CARTESIAN_POINT ( 'NONE',  ( -25.49999999999995737, -99.08410035229786672, -89.98718353449511653 ) ) ;
#1234 = EDGE_CURVE ( 'NONE', #2571, #1929, #633, .T. ) ;
#1235 = DIRECTION ( 'NONE',  ( 1.000000000000000000, 0.000000000000000000, 0.000000000000000000 ) ) ;
#1236 = DIRECTION ( 'NONE',  ( 0.000000000000000000, 0.000000000000000000, -1.000000000000000000 ) ) ;
#1237 = DIRECTION ( 'NONE',  ( -0.000000000000000000, 1.000000000000000000, -0.000000000000000000 ) ) ;
#1238 = DIRECTION ( 'NONE',  ( 1.000000000000000000, 0.000000000000000000, 2.885194970439601952E-16 ) ) ;
#1239 = CARTESIAN_POINT ( 'NONE',  ( 50.49999999999997868, -20.60000000000001563, -135.2999999999999829 ) ) ;
#1240 = ORIENTED_EDGE ( 'NONE', *, *, #300, .F. ) ;
#1241 = CARTESIAN_POINT ( 'NONE',  ( 68.49999999999994316, 34.78419867295180978, -14.05372850853316358 ) ) ;
#1242 = CARTESIAN_POINT ( 'NONE',  ( -68.49999999999994316, -21.55000000000001847, 2.017315848641881928E-14 ) ) ;
#1243 = EDGE_CURVE ( 'NONE', #874, #166, #1503, .T. ) ;
#1244 = LINE ( 'NONE', #302, #888 ) ;
#1245 = DIRECTION ( 'NONE',  ( -1.000000000000000000, 0.000000000000000000, -0.000000000000000000 ) ) ;
#1246 = EDGE_CURVE ( 'NONE', #905, #818, #1269, .T. ) ;
#1247 = ADVANCED_FACE ( 'NONE', ( #2289 ), #1349, .T. ) ;
#1248 = ORIENTED_EDGE ( 'NONE', *, *, #1735, .T. ) ;
#1249 = LINE ( 'NONE', #2167, #1039 ) ;
#1250 = CARTESIAN_POINT ( 'NONE',  ( -142.5000000000001137, -21.55000000000001847, -4.078217102696173024E-14 ) ) ;
#1251 = VERTEX_POINT ( 'NONE', #2842 ) ;
#1252 = DIRECTION ( 'NONE',  ( 1.000000000000000000, -0.000000000000000000, 0.000000000000000000 ) ) ;
#1253 = CARTESIAN_POINT ( 'NONE',  ( 65.50000000000009948, -23.60000000000000853, -4.913487034658634954E-14 ) ) ;
#1254 = CARTESIAN_POINT ( 'NONE',  ( 65.49999999999994316, -18.05000000000001492, -142.2426406871192910 ) ) ;
#1255 = CARTESIAN_POINT ( 'NONE',  ( 68.50000000000000000, -21.67303296707959603, -149.1187127865819946 ) ) ;
#1256 = ORIENTED_EDGE ( 'NONE', *, *, #190, .T. ) ;
#1257 = CARTESIAN_POINT ( 'NONE',  ( 29.08578643762682603, -47.12997571504072880, -121.1142135623731519 ) ) ;
#1258 = DIRECTION ( 'NONE',  ( -2.885194970439601459E-16, 0.000000000000000000, -1.000000000000000000 ) ) ;
#1259 = FACE_OUTER_BOUND ( 'NONE', #642, .T. ) ;
#1260 = CARTESIAN_POINT ( 'NONE',  ( -25.49999999999993250, -47.12997571504072880, -124.7000000000000313 ) ) ;
#1261 = EDGE_LOOP ( 'NONE', ( #1769, #833 ) ) ;
#1262 = ORIENTED_EDGE ( 'NONE', *, *, #970, .T. ) ;
#1263 = CARTESIAN_POINT ( 'NONE',  ( -65.49999999999998579, -23.29560471257146403, -148.4631512481041398 ) ) ;
#1264 = EDGE_CURVE ( 'NONE', #460, #1707, #783, .T. ) ;
#1265 = VECTOR ( 'NONE', #2161, 1000.000000000000000 ) ;
#1266 = LINE ( 'NONE', #2391, #1053 ) ;
#1267 = VECTOR ( 'NONE', #570, 1000.000000000000000 ) ;
#1268 = AXIS2_PLACEMENT_3D ( 'NONE', #1209, #1501, #122 ) ;
#1269 = LINE ( 'NONE', #127, #1180 ) ;
#1270 = CIRCLE ( 'NONE', #1086, 2.000000000000001776 ) ;
#1271 = VECTOR ( 'NONE', #2447, 1000.000000000000000 ) ;
#1272 = DIRECTION ( 'NONE',  ( 1.000000000000000000, -0.000000000000000000, 0.000000000000000000 ) ) ;
#1273 = ORIENTED_EDGE ( 'NONE', *, *, #2093, .F. ) ;
#1274 = DIRECTION ( 'NONE',  ( -3.273063162220415470E-16, -0.8660254037844380415, 0.5000000000000009992 ) ) ;
#1275 = AXIS2_PLACEMENT_3D ( 'NONE', #2874, #2119, #1466 ) ;
#1276 = AXIS2_PLACEMENT_3D ( 'NONE', #2829, #512, #2752 ) ;
#1277 = CARTESIAN_POINT ( 'NONE',  ( 0.000000000000000000, -52.78677324489567013, -109.2000000000000881 ) ) ;
#1278 = FACE_OUTER_BOUND ( 'NONE', #2747, .T. ) ;
#1279 = ORIENTED_EDGE ( 'NONE', *, *, #2594, .F. ) ;
#1280 = VERTEX_POINT ( 'NONE', #1883 ) ;
#1281 = VERTEX_POINT ( 'NONE', #2820 ) ;
#1282 = CARTESIAN_POINT ( 'NONE',  ( 30.49999999999993250, -28.60000000000001563, -127.2000000000000313 ) ) ;
#1283 = ADVANCED_FACE ( 'NONE', ( #731 ), #2353, .T. ) ;
#1284 = DIRECTION ( 'NONE',  ( 0.000000000000000000, 1.000000000000000000, 0.000000000000000000 ) ) ;
#1285 = DIRECTION ( 'NONE',  ( 0.000000000000000000, 0.000000000000000000, -1.000000000000000000 ) ) ;
#1286 = CARTESIAN_POINT ( 'NONE',  ( -142.5000000000000568, -23.29560471257145693, -148.4631512481041682 ) ) ;
#1287 = LINE ( 'NONE', #373, #890 ) ;
#1288 = CARTESIAN_POINT ( 'NONE',  ( 68.50000000000000000, -21.67303296707959603, -149.1187127865819946 ) ) ;
#1289 = ORIENTED_EDGE ( 'NONE', *, *, #1592, .F. ) ;
#1290 = LINE ( 'NONE', #2176, #1661 ) ;
#1291 = CARTESIAN_POINT ( 'NONE',  ( -65.00000000000000000, -22.60000000000001563, -130.2000000000001023 ) ) ;
#1292 = ORIENTED_EDGE ( 'NONE', *, *, #995, .T. ) ;
#1293 = VERTEX_POINT ( 'NONE', #2638 ) ;
#1294 = DIRECTION ( 'NONE',  ( -3.994651572012803526E-32, -1.000000000000000000, 1.442597485219800976E-16 ) ) ;
#1295 = ORIENTED_EDGE ( 'NONE', *, *, #877, .T. ) ;
#1296 = LINE ( 'NONE', #820, #2491 ) ;
#1297 = ORIENTED_EDGE ( 'NONE', *, *, #193, .T. ) ;
#1298 = APPLICATION_PROTOCOL_DEFINITION ( 'draft international standard', 'automotive_design', 1998, #380 ) ;
#1299 = CARTESIAN_POINT ( 'NONE',  ( 35.49999999999993605, -99.08410035229786672, -89.98718353449511653 ) ) ;
#1300 = DIRECTION ( 'NONE',  ( 0.000000000000000000, 0.000000000000000000, 1.000000000000000000 ) ) ;
#1301 = FACE_OUTER_BOUND ( 'NONE', #1436, .T. ) ;
#1302 = FACE_OUTER_BOUND ( 'NONE', #1870, .T. ) ;
#1303 = CARTESIAN_POINT ( 'NONE',  ( -68.49999999999997158, -32.00000000000000000, -110.7000000000001734 ) ) ;
#1304 = ADVANCED_FACE ( 'NONE', ( #1259 ), #148, .F. ) ;
#1305 = DIRECTION ( 'NONE',  ( 0.000000000000000000, 0.8660254037844380415, -0.5000000000000009992 ) ) ;
#1306 = ORIENTED_EDGE ( 'NONE', *, *, #452, .F. ) ;
#1307 = LINE ( 'NONE', #1988, #1520 ) ;
#1308 = ADVANCED_FACE ( 'NONE', ( #1404 ), #2030, .T. ) ;
#1309 = ORIENTED_EDGE ( 'NONE', *, *, #1597, .F. ) ;
#1310 = ORIENTED_EDGE ( 'NONE', *, *, #1969, .F. ) ;
#1311 = ORIENTED_EDGE ( 'NONE', *, *, #1583, .T. ) ;
#1312 = CIRCLE ( 'NONE', #2127, 1.750000000000001554 ) ;
#1313 = DIRECTION ( 'NONE',  ( 6.546126324440819108E-16, 0.000000000000000000, 1.000000000000000000 ) ) ;
#1314 = PLANE ( 'NONE',  #1127 ) ;
#1315 = DIRECTION ( 'NONE',  ( -3.083952846180988308E-16, -1.356509677965685574E-63, -1.000000000000000000 ) ) ;
#1316 = LINE ( 'NONE', #1983, #1271 ) ;
#1317 = VECTOR ( 'NONE', #1226, 1000.000000000000000 ) ;
#1318 = LINE ( 'NONE', #2274, #2225 ) ;
#1319 = VECTOR ( 'NONE', #2344, 1000.000000000000114 ) ;
#1320 = ORIENTED_EDGE ( 'NONE', *, *, #638, .T. ) ;
#1321 = AXIS2_PLACEMENT_3D ( 'NONE', #835, #2950, #1556 ) ;
#1322 = ADVANCED_FACE ( 'NONE', ( #893 ), #2318, .F. ) ;
#1323 = DIRECTION ( 'NONE',  ( 1.000000000000000000, -0.000000000000000000, 0.000000000000000000 ) ) ;
#1324 = AXIS2_PLACEMENT_3D ( 'NONE', #1812, #2749, #1374 ) ;
#1325 = AXIS2_PLACEMENT_3D ( 'NONE', #712, #1819, #1590 ) ;
#1326 = CARTESIAN_POINT ( 'NONE',  ( -65.49999999999994316, -21.55000000000001847, 1.893286493148214150E-14 ) ) ;
#1327 = ADVANCED_FACE ( 'NONE', ( #715 ), #2592, .F. ) ;
#1328 = AXIS2_PLACEMENT_3D ( 'NONE', #387, #870, #1112 ) ;
#1329 = ORIENTED_EDGE ( 'NONE', *, *, #1361, .F. ) ;
#1330 = ORIENTED_EDGE ( 'NONE', *, *, #1619, .F. ) ;
#1331 = DIRECTION ( 'NONE',  ( 0.000000000000000000, 0.000000000000000000, 1.000000000000000000 ) ) ;
#1332 = CARTESIAN_POINT ( 'NONE',  ( -68.49999999999998579, -19.60000000000004050, -153.7999999999999829 ) ) ;
#1333 = DIRECTION ( 'NONE',  ( 0.000000000000000000, 0.3746065934159165112, 0.9271838545667855369 ) ) ;
#1334 = DIRECTION ( 'NONE',  ( 0.000000000000000000, 0.000000000000000000, -1.000000000000000000 ) ) ;
#1335 = VERTEX_POINT ( 'NONE', #2633 ) ;
#1336 = CARTESIAN_POINT ( 'NONE',  ( -65.49999999999994316, 0.000000000000000000, 1.893286493148214150E-14 ) ) ;
#1337 = EDGE_CURVE ( 'NONE', #1415, #1596, #1923, .T. ) ;
#1338 = ORIENTED_EDGE ( 'NONE', *, *, #2185, .F. ) ;
#1339 = EDGE_CURVE ( 'NONE', #1571, #2339, #40, .T. ) ;
#1340 = EDGE_CURVE ( 'NONE', #1790, #571, #1467, .T. ) ;
#1341 = ORIENTED_EDGE ( 'NONE', *, *, #865, .F. ) ;
#1342 = ORIENTED_EDGE ( 'NONE', *, *, #1495, .T. ) ;
#1343 = CARTESIAN_POINT ( 'NONE',  ( 50.49999999999997868, -28.60000000000001563, -124.2000000000000881 ) ) ;
#1344 = VERTEX_POINT ( 'NONE', #2755 ) ;
#1345 = EDGE_CURVE ( 'NONE', #2324, #2548, #2570, .T. ) ;
#1346 = PRODUCT_CONTEXT ( 'NONE', #380, 'mechanical' ) ;
#1347 = CARTESIAN_POINT ( 'NONE',  ( -65.49999999999998579, -19.60000000000004050, -153.7999999999999829 ) ) ;
#1348 = DIRECTION ( 'NONE',  ( 1.000000000000000000, -0.000000000000000000, -3.083952846180988308E-16 ) ) ;
#1349 = PLANE ( 'NONE',  #2888 ) ;
#1350 = DIRECTION ( 'NONE',  ( -2.773103077685025230E-16, -0.4375293894172972986, 0.8992041110872031062 ) ) ;
#1351 = CARTESIAN_POINT ( 'NONE',  ( 68.49999999999997158, -32.00000000000000000, -110.7000000000001165 ) ) ;
#1352 = ORIENTED_EDGE ( 'NONE', *, *, #2681, .F. ) ;
#1353 = FACE_BOUND ( 'NONE', #2311, .T. ) ;
#1354 = CARTESIAN_POINT ( 'NONE',  ( -30.49999999999992895, -28.60000000000001563, -122.5284271247462300 ) ) ;
#1355 = ORIENTED_EDGE ( 'NONE', *, *, #1798, .F. ) ;
#1356 = EDGE_LOOP ( 'NONE', ( #921, #199, #2775, #627 ) ) ;
#1357 = VERTEX_POINT ( 'NONE', #678 ) ;
#1358 = EDGE_CURVE ( 'NONE', #231, #1610, #664, .T. ) ;
#1359 = CARTESIAN_POINT ( 'NONE',  ( -142.5000000000000568, -20.05046122158771027, -149.7742743250599062 ) ) ;
#1360 = CARTESIAN_POINT ( 'NONE',  ( 0.000000000000000000, -22.60000000000001563, -135.2999999999999829 ) ) ;
#1361 = EDGE_CURVE ( 'NONE', #603, #669, #32, .T. ) ;
#1362 = CARTESIAN_POINT ( 'NONE',  ( -65.49999999999998579, -27.60000000000002984, -150.8000000000000114 ) ) ;
#1363 = DIRECTION ( 'NONE',  ( 1.000000000000000000, -0.000000000000000000, 2.885194970439601459E-16 ) ) ;
#1364 = CARTESIAN_POINT ( 'NONE',  ( -65.49999999999998579, -32.00000000000000711, -146.3747394397509254 ) ) ;
#1365 = CARTESIAN_POINT ( 'NONE',  ( 30.49999999999992184, -28.60000000000001563, -120.5284271247462300 ) ) ;
#1366 = AXIS2_PLACEMENT_3D ( 'NONE', #2244, #223, #183 ) ;
#1367 = CIRCLE ( 'NONE', #734, 2.000000000000001776 ) ;
#1368 = LINE ( 'NONE', #2497, #79 ) ;
#1369 = AXIS2_PLACEMENT_3D ( 'NONE', #2143, #1935, #1919 ) ;
#1370 = VECTOR ( 'NONE', #1154, 1000.000000000000000 ) ;
#1371 = AXIS2_PLACEMENT_3D ( 'NONE', #2922, #607, #1535 ) ;
#1372 = VECTOR ( 'NONE', #1968, 1000.000000000000000 ) ;
#1373 = ORIENTED_EDGE ( 'NONE', *, *, #2608, .F. ) ;
#1374 = DIRECTION ( 'NONE',  ( 0.000000000000000000, 0.000000000000000000, -1.000000000000000000 ) ) ;
#1375 = VERTEX_POINT ( 'NONE', #467 ) ;
#1376 = AXIS2_PLACEMENT_3D ( 'NONE', #1382, #2292, #1196 ) ;
#1377 = AXIS2_PLACEMENT_3D ( 'NONE', #977, #2314, #1637 ) ;
#1378 = EDGE_CURVE ( 'NONE', #2324, #2222, #2279, .T. ) ;
#1379 = CARTESIAN_POINT ( 'NONE',  ( -35.49999999999993605, -28.60000000000001563, -131.2585481156725962 ) ) ;
#1380 = DIRECTION ( 'NONE',  ( 0.000000000000000000, 0.000000000000000000, -1.000000000000000000 ) ) ;
#1381 = DIRECTION ( 'NONE',  ( -2.824645215047740829E-32, -0.7071067811865440200, -0.7071067811865511255 ) ) ;
#1382 = CARTESIAN_POINT ( 'NONE',  ( -142.5000000000001137, -18.05000000000001492, -4.078217102696173024E-14 ) ) ;
#1383 = CARTESIAN_POINT ( 'NONE',  ( 68.49999999999995737, 48.47289887546967435, -25.77349751206048722 ) ) ;
#1384 = FACE_OUTER_BOUND ( 'NONE', #2114, .T. ) ;
#1385 = ORIENTED_EDGE ( 'NONE', *, *, #1243, .F. ) ;
#1386 = ORIENTED_EDGE ( 'NONE', *, *, #2724, .F. ) ;
#1387 = ORIENTED_EDGE ( 'NONE', *, *, #2185, .T. ) ;
#1388 = CARTESIAN_POINT ( 'NONE',  ( -142.5000000000000568, -18.05000000000001492, -142.2426406871193478 ) ) ;
#1389 = ORIENTED_EDGE ( 'NONE', *, *, #869, .F. ) ;
#1390 = FACE_OUTER_BOUND ( 'NONE', #395, .T. ) ;
#1391 = EDGE_LOOP ( 'NONE', ( #129, #1306, #365, #1920, #1964, #1620 ) ) ;
#1392 = ORIENTED_EDGE ( 'NONE', *, *, #2179, .T. ) ;
#1393 = CARTESIAN_POINT ( 'NONE',  ( 68.49999999999994316, 22.49036227091552576, -5.629849756243564762 ) ) ;
#1394 = LINE ( 'NONE', #1362, #341 ) ;
#1395 = CARTESIAN_POINT ( 'NONE',  ( -65.49999999999997158, -27.59999999999997300, -150.8000000000000114 ) ) ;
#1396 = CARTESIAN_POINT ( 'NONE',  ( 65.49999999999997158, -0.8895320885995705584, -99.02884205050230548 ) ) ;
#1397 = EDGE_CURVE ( 'NONE', #2412, #1648, #2078, .T. ) ;
#1398 = DIRECTION ( 'NONE',  ( 0.000000000000000000, -1.000000000000000000, 0.000000000000000000 ) ) ;
#1399 = CARTESIAN_POINT ( 'NONE',  ( -25.49999999999992539, -23.60000000000001208, -138.1867513459480676 ) ) ;
#1400 = EDGE_CURVE ( 'NONE', #2061, #2671, #903, .T. ) ;
#1401 = EDGE_LOOP ( 'NONE', ( #871, #2091, #1926, #2105 ) ) ;
#1402 = ORIENTED_EDGE ( 'NONE', *, *, #959, .F. ) ;
#1403 = ORIENTED_EDGE ( 'NONE', *, *, #1013, .T. ) ;
#1404 = FACE_OUTER_BOUND ( 'NONE', #753, .T. ) ;
#1405 = FACE_OUTER_BOUND ( 'NONE', #614, .T. ) ;
#1406 = DIRECTION ( 'NONE',  ( 0.000000000000000000, 0.2428303037216977822, 0.9700687829192463640 ) ) ;
#1407 = EDGE_LOOP ( 'NONE', ( #2117, #178, #577, #1061 ) ) ;
#1408 = DIRECTION ( 'NONE',  ( -1.000000000000000000, -8.443554192449943098E-32, -3.083952846180988308E-16 ) ) ;
#1409 = CARTESIAN_POINT ( 'NONE',  ( 65.49999999999994316, 31.53905518196781088, -12.74260543157728520 ) ) ;
#1410 = EDGE_CURVE ( 'NONE', #1945, #49, #2100, .T. ) ;
#1411 = VECTOR ( 'NONE', #1934, 1000.000000000000000 ) ;
#1412 = VECTOR ( 'NONE', #416, 1000.000000000000000 ) ;
#1413 = CARTESIAN_POINT ( 'NONE',  ( 65.49999999999995737, 38.79045674254164311, -79.72158903496227822 ) ) ;
#1414 = ADVANCED_FACE ( 'NONE', ( #2539, #456 ), #1845, .F. ) ;
#1415 = VERTEX_POINT ( 'NONE', #217 ) ;
#1416 = DIRECTION ( 'NONE',  ( -6.546126324440819108E-16, 0.000000000000000000, -1.000000000000000000 ) ) ;
#1417 = ORIENTED_EDGE ( 'NONE', *, *, #1345, .T. ) ;
#1418 = CARTESIAN_POINT ( 'NONE',  ( 0.000000000000000000, -23.60000000000000853, -135.2999999999999829 ) ) ;
#1419 = VERTEX_POINT ( 'NONE', #432 ) ;
#1420 = CIRCLE ( 'NONE', #592, 2.000000000000001776 ) ;
#1421 = VECTOR ( 'NONE', #1021, 1000.000000000000114 ) ;
#1422 = VECTOR ( 'NONE', #1529, 1000.000000000000000 ) ;
#1423 = CIRCLE ( 'NONE', #849, 2.000000000000001776 ) ;
#1424 = ORIENTED_EDGE ( 'NONE', *, *, #369, .F. ) ;
#1425 = PLANE ( 'NONE',  #2180 ) ;
#1426 = AXIS2_PLACEMENT_3D ( 'NONE', #1510, #1943, #321 ) ;
#1427 = ORIENTED_EDGE ( 'NONE', *, *, #914, .T. ) ;
#1428 = CARTESIAN_POINT ( 'NONE',  ( 0.000000000000000000, -28.60000000000001563, -124.2000000000000881 ) ) ;
#1429 = CARTESIAN_POINT ( 'NONE',  ( 25.49999999999992895, -20.60000000000001563, -135.2999999999999829 ) ) ;
#1430 = EDGE_LOOP ( 'NONE', ( #1338, #1725, #2299, #889, #850, #2629, #3005, #388, #682 ) ) ;
#1431 = EDGE_CURVE ( 'NONE', #1625, #38, #1423, .T. ) ;
#1432 = LINE ( 'NONE', #1892, #1891 ) ;
#1433 = ORIENTED_EDGE ( 'NONE', *, *, #259, .F. ) ;
#1434 = ORIENTED_EDGE ( 'NONE', *, *, #710, .T. ) ;
#1435 = ADVANCED_FACE ( 'NONE', ( #1384 ), #2309, .T. ) ;
#1436 = EDGE_LOOP ( 'NONE', ( #2211, #546, #1512, #2183 ) ) ;
#1437 = CARTESIAN_POINT ( 'NONE',  ( 50.49999999999997868, -32.00000000000000000, -110.7000000000001165 ) ) ;
#1438 = CARTESIAN_POINT ( 'NONE',  ( 30.49999999999993250, -47.12997571504072880, -127.2000000000000313 ) ) ;
#1439 = CARTESIAN_POINT ( 'NONE',  ( -68.49999999999998579, -19.60000000000004050, -153.7999999999999829 ) ) ;
#1440 = ORIENTED_EDGE ( 'NONE', *, *, #931, .F. ) ;
#1441 = PLANE ( 'NONE',  #2693 ) ;
#1442 = DIRECTION ( 'NONE',  ( -1.000000000000000000, 0.000000000000000000, -0.000000000000000000 ) ) ;
#1443 = EDGE_LOOP ( 'NONE', ( #1748, #517, #5, #1205 ) ) ;
#1444 = CARTESIAN_POINT ( 'NONE',  ( 65.49999999999994316, -23.29560471257145693, -148.4631512481041113 ) ) ;
#1445 = LINE ( 'NONE', #2194, #443 ) ;
#1446 = ORIENTED_EDGE ( 'NONE', *, *, #1410, .T. ) ;
#1447 = ORIENTED_EDGE ( 'NONE', *, *, #2834, .F. ) ;
#1448 = EDGE_CURVE ( 'NONE', #1543, #2339, #949, .T. ) ;
#1449 = DIRECTION ( 'NONE',  ( 0.000000000000000000, 1.000000000000000000, 0.000000000000000000 ) ) ;
#1450 = EDGE_CURVE ( 'NONE', #2729, #231, #2294, .T. ) ;
#1451 = SURFACE_STYLE_USAGE ( .BOTH. , #52 ) ;
#1452 = DIRECTION ( 'NONE',  ( 0.000000000000000000, 1.000000000000000000, 0.000000000000000000 ) ) ;
#1453 = FACE_OUTER_BOUND ( 'NONE', #2224, .T. ) ;
#1454 = VERTEX_POINT ( 'NONE', #2 ) ;
#1455 = CARTESIAN_POINT ( 'NONE',  ( 68.49999999999998579, 1.602373713730178828E-30, -153.7999999999999829 ) ) ;
#1456 = CARTESIAN_POINT ( 'NONE',  ( -68.49999999999998579, -20.05046122158772093, -149.7742743250598778 ) ) ;
#1457 = ADVANCED_BREP_SHAPE_REPRESENTATION ( 'FrontWingBuggy', ( #2810, #2444 ), #305 ) ;
#1458 = CARTESIAN_POINT ( 'NONE',  ( 65.49999999999992895, 22.49036227091552576, -5.629849756243565650 ) ) ;
#1459 = ORIENTED_EDGE ( 'NONE', *, *, #809, .T. ) ;
#1460 = CARTESIAN_POINT ( 'NONE',  ( -25.49999999999992539, -26.60000000000001208, -131.2585481156725962 ) ) ;
#1461 = DIRECTION ( 'NONE',  ( 0.000000000000000000, 0.000000000000000000, 1.000000000000000000 ) ) ;
#1462 = FACE_OUTER_BOUND ( 'NONE', #2704, .T. ) ;
#1463 = VECTOR ( 'NONE', #2003, 1000.000000000000000 ) ;
#1464 = ORIENTED_EDGE ( 'NONE', *, *, #147, .F. ) ;
#1465 = DIRECTION ( 'NONE',  ( 0.000000000000000000, 0.000000000000000000, 1.000000000000000000 ) ) ;
#1466 = DIRECTION ( 'NONE',  ( 0.000000000000000000, 0.8660254037844380415, -0.5000000000000009992 ) ) ;
#1467 = LINE ( 'NONE', #1409, #2541 ) ;
#1468 = AXIS2_PLACEMENT_3D ( 'NONE', #2207, #1720, #826 ) ;
#1469 = CIRCLE ( 'NONE', #1946, 2.000000000000001776 ) ;
#1470 = ADVANCED_FACE ( 'NONE', ( #2802, #1635 ), #227, .F. ) ;
#1471 = CARTESIAN_POINT ( 'NONE',  ( -68.49999999999998579, -19.80000000000001492, -144.4827935137480779 ) ) ;
#1472 = DIRECTION ( 'NONE',  ( -1.000000000000000000, -0.000000000000000000, 2.885194970439601459E-16 ) ) ;
#1473 = VECTOR ( 'NONE', #2666, 1000.000000000000114 ) ;
#1474 = LINE ( 'NONE', #1671, #114 ) ;
#1475 = DIRECTION ( 'NONE',  ( -1.000000000000000000, -2.465190328815661892E-32, -2.937503844654690540E-16 ) ) ;
#1476 = ADVANCED_FACE ( 'NONE', ( #2261 ), #197, .F. ) ;
#1477 = CARTESIAN_POINT ( 'NONE',  ( -65.49999999999998579, -21.67303296707959603, -149.1187127865819946 ) ) ;
#1478 = VERTEX_POINT ( 'NONE', #1365 ) ;
#1479 = CARTESIAN_POINT ( 'NONE',  ( -65.49999999999994316, 0.000000000000000000, 1.893286493148214150E-14 ) ) ;
#1480 = LINE ( 'NONE', #111, #342 ) ;
#1481 = VERTEX_POINT ( 'NONE', #913 ) ;
#1482 = DIRECTION ( 'NONE',  ( 0.000000000000000000, 8.326672684688666165E-15, -1.000000000000000000 ) ) ;
#1483 = ORIENTED_EDGE ( 'NONE', *, *, #657, .F. ) ;
#1484 = CARTESIAN_POINT ( 'NONE',  ( 0.000000000000000000, -23.60000000000001208, -138.1867513459480676 ) ) ;
#1485 = CARTESIAN_POINT ( 'NONE',  ( 6.243972382727714370E-30, -22.60000000000000853, -108.7000000000001023 ) ) ;
#1486 = CARTESIAN_POINT ( 'NONE',  ( 65.49999999999997158, 114.4343466423975144, -108.7000000000001165 ) ) ;
#1487 = DIRECTION ( 'NONE',  ( -0.000000000000000000, 1.000000000000000000, -0.000000000000000000 ) ) ;
#1488 = FACE_OUTER_BOUND ( 'NONE', #1657, .T. ) ;
#1489 = CARTESIAN_POINT ( 'NONE',  ( 30.49999999999993250, -28.60000000000001563, -127.2000000000000313 ) ) ;
#1490 = VERTEX_POINT ( 'NONE', #78 ) ;
#1491 = EDGE_CURVE ( 'NONE', #1886, #660, #1956, .T. ) ;
#1492 = DIRECTION ( 'NONE',  ( -0.7071067811865479058, 0.000000000000000000, 0.7071067811865470176 ) ) ;
#1493 = LINE ( 'NONE', #813, #1177 ) ;
#1494 = DIRECTION ( 'NONE',  ( -1.000000000000000000, 4.542510484243382359E-33, 3.083952846180988308E-16 ) ) ;
#1495 = EDGE_CURVE ( 'NONE', #1335, #781, #2361, .T. ) ;
#1496 = ORIENTED_EDGE ( 'NONE', *, *, #770, .T. ) ;
#1497 = CARTESIAN_POINT ( 'NONE',  ( 65.49999999999998579, -32.00000000000000711, -146.3747394397509254 ) ) ;
#1498 = ORIENTED_EDGE ( 'NONE', *, *, #501, .F. ) ;
#1499 = CARTESIAN_POINT ( 'NONE',  ( 0.000000000000000000, -20.60000000000001563, 0.000000000000000000 ) ) ;
#1500 = DIRECTION ( 'NONE',  ( -0.000000000000000000, -1.000000000000000000, -0.000000000000000000 ) ) ;
#1501 = DIRECTION ( 'NONE',  ( -0.000000000000000000, -1.000000000000000000, -0.000000000000000000 ) ) ;
#1502 = LINE ( 'NONE', #2407, #2632 ) ;
#1503 = LINE ( 'NONE', #1098, #794 ) ;
#1504 = FACE_OUTER_BOUND ( 'NONE', #2578, .T. ) ;
#1505 = DIRECTION ( 'NONE',  ( -1.000000000000000000, -3.083952846180956261E-16, 2.224451310218570607E-32 ) ) ;
#1506 = EDGE_CURVE ( 'NONE', #1781, #2838, #1184, .T. ) ;
#1507 = DIRECTION ( 'NONE',  ( 0.000000000000000000, 0.000000000000000000, -1.000000000000000000 ) ) ;
#1508 = ORIENTED_EDGE ( 'NONE', *, *, #63, .F. ) ;
#1509 = ADVANCED_FACE ( 'NONE', ( #1215, #1488 ), #2631, .F. ) ;
#1510 = CARTESIAN_POINT ( 'NONE',  ( 65.50000000000000000, -21.67303296707959603, -149.1187127865819946 ) ) ;
#1511 = ORIENTED_EDGE ( 'NONE', *, *, #1055, .T. ) ;
#1512 = ORIENTED_EDGE ( 'NONE', *, *, #1651, .F. ) ;
#1513 = AXIS2_PLACEMENT_3D ( 'NONE', #606, #2241, #1796 ) ;
#1514 = VECTOR ( 'NONE', #2297, 1000.000000000000000 ) ;
#1515 = VECTOR ( 'NONE', #720, 1000.000000000000000 ) ;
#1516 = DIRECTION ( 'NONE',  ( -0.000000000000000000, 0.000000000000000000, 1.000000000000000000 ) ) ;
#1517 = FACE_OUTER_BOUND ( 'NONE', #353, .T. ) ;
#1518 = CARTESIAN_POINT ( 'NONE',  ( -53.00000000000000711, -52.78677324489567013, -109.2000000000000881 ) ) ;
#1519 = CIRCLE ( 'NONE', #392, 2.000000000000001776 ) ;
#1520 = VECTOR ( 'NONE', #1539, 1000.000000000000000 ) ;
#1521 = PLANE ( 'NONE',  #989 ) ;
#1522 = AXIS2_PLACEMENT_3D ( 'NONE', #840, #1761, #1024 ) ;
#1523 = AXIS2_PLACEMENT_3D ( 'NONE', #2659, #1959, #1151 ) ;
#1524 = VERTEX_POINT ( 'NONE', #1456 ) ;
#1525 = CYLINDRICAL_SURFACE ( 'NONE', #692, 1.750000000000001554 ) ;
#1526 = PLANE ( 'NONE',  #1564 ) ;
#1527 = AXIS2_PLACEMENT_3D ( 'NONE', #2169, #1691, #2620 ) ;
#1528 = VERTEX_POINT ( 'NONE', #761 ) ;
#1529 = DIRECTION ( 'NONE',  ( -1.000000000000000000, 0.000000000000000000, -0.000000000000000000 ) ) ;
#1530 = ORIENTED_EDGE ( 'NONE', *, *, #1749, .T. ) ;
#1531 = EDGE_CURVE ( 'NONE', #1744, #1945, #2879, .T. ) ;
#1532 = CARTESIAN_POINT ( 'NONE',  ( 0.000000000000000000, 0.000000000000000000, 0.000000000000000000 ) ) ;
#1533 = CARTESIAN_POINT ( 'NONE',  ( 35.49999999999993605, -26.60000000000001208, -131.2585481156725962 ) ) ;
#1534 = DIRECTION ( 'NONE',  ( 1.447828162254591965E-16, -0.8829475928589257672, 0.4694715627858931928 ) ) ;
#1535 = DIRECTION ( 'NONE',  ( 1.000000000000000000, 0.000000000000000000, -3.083952846180988308E-16 ) ) ;
#1536 = DIRECTION ( 'NONE',  ( 0.000000000000000000, 0.000000000000000000, -1.000000000000000000 ) ) ;
#1537 = LINE ( 'NONE', #184, #301 ) ;
#1538 = EDGE_LOOP ( 'NONE', ( #112, #1676, #1963, #2266 ) ) ;
#1539 = DIRECTION ( 'NONE',  ( -2.723606137491690239E-16, -0.3746065934159146793, -0.9271838545667863141 ) ) ;
#1540 = VERTEX_POINT ( 'NONE', #2174 ) ;
#1541 = ORIENTED_EDGE ( 'NONE', *, *, #2357, .F. ) ;
#1542 = EDGE_LOOP ( 'NONE', ( #99, #243, #2512, #2935 ) ) ;
#1543 = VERTEX_POINT ( 'NONE', #542 ) ;
#1544 = ADVANCED_FACE ( 'NONE', ( #327 ), #104, .T. ) ;
#1545 = FACE_OUTER_BOUND ( 'NONE', #1542, .T. ) ;
#1546 = DIRECTION ( 'NONE',  ( 1.000000000000000000, 0.000000000000000000, 2.885194970439601952E-16 ) ) ;
#1547 = DIRECTION ( 'NONE',  ( 2.885194970439601459E-16, -0.000000000000000000, -1.000000000000000000 ) ) ;
#1548 = EDGE_CURVE ( 'NONE', #1280, #1707, #117, .T. ) ;
#1549 = LINE ( 'NONE', #838, #2079 ) ;
#1550 = VERTEX_POINT ( 'NONE', #1672 ) ;
#1551 = CARTESIAN_POINT ( 'NONE',  ( -68.50000000000001421, -18.05000000000001137, -144.4827935137480779 ) ) ;
#1552 = ORIENTED_EDGE ( 'NONE', *, *, #482, .F. ) ;
#1553 = ORIENTED_EDGE ( 'NONE', *, *, #604, .F. ) ;
#1554 = ORIENTED_EDGE ( 'NONE', *, *, #847, .T. ) ;
#1555 = AXIS2_PLACEMENT_3D ( 'NONE', #2975, #2227, #1995 ) ;
#1556 = DIRECTION ( 'NONE',  ( 0.000000000000000000, 0.000000000000000000, -1.000000000000000000 ) ) ;
#1557 = LINE ( 'NONE', #1110, #940 ) ;
#1558 = ADVANCED_FACE ( 'NONE', ( #2897 ), #58, .F. ) ;
#1559 = CARTESIAN_POINT ( 'NONE',  ( -142.5000000000000568, -20.05046122158771027, -149.7742743250599062 ) ) ;
#1560 = AXIS2_PLACEMENT_3D ( 'NONE', #1195, #2580, #688 ) ;
#1561 = DIRECTION ( 'NONE',  ( -0.000000000000000000, -0.8992041110872031062, -0.4375293894172972986 ) ) ;
#1562 = VECTOR ( 'NONE', #522, 1000.000000000000000 ) ;
#1563 = VERTEX_POINT ( 'NONE', #2849 ) ;
#1564 = AXIS2_PLACEMENT_3D ( 'NONE', #1973, #2476, #2943 ) ;
#1565 = DIRECTION ( 'NONE',  ( 6.546126324440819108E-16, 0.000000000000000000, -1.000000000000000000 ) ) ;
#1566 = EDGE_CURVE ( 'NONE', #1945, #2222, #45, .T. ) ;
#1567 = VECTOR ( 'NONE', #2271, 1000.000000000000000 ) ;
#1568 = VECTOR ( 'NONE', #929, 1000.000000000000000 ) ;
#1569 = VECTOR ( 'NONE', #2611, 1000.000000000000000 ) ;
#1570 = AXIS2_PLACEMENT_3D ( 'NONE', #699, #2084, #2803 ) ;
#1571 = VERTEX_POINT ( 'NONE', #1007 ) ;
#1572 = ORIENTED_EDGE ( 'NONE', *, *, #1491, .F. ) ;
#1573 = CARTESIAN_POINT ( 'NONE',  ( -30.50000000000002487, -47.12997571504072880, -129.2000000000000455 ) ) ;
#1574 = ORIENTED_EDGE ( 'NONE', *, *, #2852, .T. ) ;
#1575 = DIRECTION ( 'NONE',  ( 0.000000000000000000, 0.3746065934159146793, 0.9271838545667863141 ) ) ;
#1576 = DIRECTION ( 'NONE',  ( 0.000000000000000000, 0.000000000000000000, -1.000000000000000000 ) ) ;
#1577 = FACE_OUTER_BOUND ( 'NONE', #1810, .T. ) ;
#1578 = LINE ( 'NONE', #2505, #1954 ) ;
#1579 = CIRCLE ( 'NONE', #270, 1.750000000000001554 ) ;
#1580 = LINE ( 'NONE', #625, #1846 ) ;
#1581 = ORIENTED_EDGE ( 'NONE', *, *, #2718, .T. ) ;
#1582 = CARTESIAN_POINT ( 'NONE',  ( -68.49999999999997158, -0.8895320885995705584, -99.02884205050230548 ) ) ;
#1583 = EDGE_CURVE ( 'NONE', #258, #2571, #351, .T. ) ;
#1584 = ORIENTED_EDGE ( 'NONE', *, *, #2718, .F. ) ;
#1585 = EDGE_CURVE ( 'NONE', #830, #2682, #2272, .T. ) ;
#1586 = ORIENTED_EDGE ( 'NONE', *, *, #1909, .F. ) ;
#1587 = ORIENTED_EDGE ( 'NONE', *, *, #1619, .T. ) ;
#1588 = PLANE ( 'NONE',  #589 ) ;
#1589 = VERTEX_POINT ( 'NONE', #2585 ) ;
#1590 = DIRECTION ( 'NONE',  ( 0.000000000000000000, 0.000000000000000000, 1.000000000000000000 ) ) ;
#1591 = CARTESIAN_POINT ( 'NONE',  ( -35.49999999999993605, -47.12997571504072880, -124.7000000000000313 ) ) ;
#1592 = EDGE_CURVE ( 'NONE', #2192, #413, #2145, .T. ) ;
#1593 = DIRECTION ( 'NONE',  ( 0.000000000000000000, 0.000000000000000000, 1.000000000000000000 ) ) ;
#1594 = EDGE_LOOP ( 'NONE', ( #1840, #352, #424, #2074, #2954, #961, #1914, #1135, #1114 ) ) ;
#1595 = FACE_OUTER_BOUND ( 'NONE', #2286, .T. ) ;
#1596 = VERTEX_POINT ( 'NONE', #498 ) ;
#1597 = EDGE_CURVE ( 'NONE', #1878, #752, #314, .T. ) ;
#1598 = DIRECTION ( 'NONE',  ( 0.000000000000000000, 0.000000000000000000, -1.000000000000000000 ) ) ;
#1599 = CARTESIAN_POINT ( 'NONE',  ( 0.000000000000000000, -23.60000000000001208, 0.000000000000000000 ) ) ;
#1600 = FACE_OUTER_BOUND ( 'NONE', #908, .T. ) ;
#1601 = VERTEX_POINT ( 'NONE', #92 ) ;
#1602 = CARTESIAN_POINT ( 'NONE',  ( -68.49999999999995737, 39.34999999999993037, -39.34999999999951115 ) ) ;
#1603 = DIRECTION ( 'NONE',  ( -0.000000000000000000, -1.000000000000000000, -0.000000000000000000 ) ) ;
#1604 = AXIS2_PLACEMENT_3D ( 'NONE', #1477, #2397, #2175 ) ;
#1605 = AXIS2_PLACEMENT_3D ( 'NONE', #1016, #2610, #533 ) ;
#1606 = DIRECTION ( 'NONE',  ( 2.885194970439601459E-16, 0.000000000000000000, 1.000000000000000000 ) ) ;
#1607 = EDGE_LOOP ( 'NONE', ( #816, #1574, #681, #2807, #1971, #3000, #2287, #2886, #167, #2662, #2015, #656 ) ) ;
#1608 = CIRCLE ( 'NONE', #493, 2.000000000000001776 ) ;
#1609 = AXIS2_PLACEMENT_3D ( 'NONE', #958, #2052, #2581 ) ;
#1610 = VERTEX_POINT ( 'NONE', #792 ) ;
#1611 = VECTOR ( 'NONE', #2124, 1000.000000000000000 ) ;
#1612 = DIRECTION ( 'NONE',  ( 0.000000000000000000, -0.9271838545667888676, 0.3746065934159085176 ) ) ;
#1613 = VERTEX_POINT ( 'NONE', #2652 ) ;
#1614 = VERTEX_POINT ( 'NONE', #1429 ) ;
#1615 = AXIS2_PLACEMENT_3D ( 'NONE', #1438, #324, #1752 ) ;
#1616 = ORIENTED_EDGE ( 'NONE', *, *, #1548, .T. ) ;
#1617 = ADVANCED_FACE ( 'NONE', ( #2347 ), #1889, .T. ) ;
#1618 = CARTESIAN_POINT ( 'NONE',  ( 53.99999999999995026, -22.60000000000001563, -114.2000000000000881 ) ) ;
#1619 = EDGE_CURVE ( 'NONE', #2098, #2942, #1578, .T. ) ;
#1620 = ORIENTED_EDGE ( 'NONE', *, *, #939, .F. ) ;
#1621 = DIRECTION ( 'NONE',  ( 0.000000000000000000, 0.000000000000000000, 1.000000000000000000 ) ) ;
#1622 = CARTESIAN_POINT ( 'NONE',  ( 50.49999999999997868, -20.60000000000001563, -135.2999999999999829 ) ) ;
#1623 = ORIENTED_EDGE ( 'NONE', *, *, #2440, .T. ) ;
#1624 = VERTEX_POINT ( 'NONE', #2553 ) ;
#1625 = VERTEX_POINT ( 'NONE', #828 ) ;
#1626 = DIRECTION ( 'NONE',  ( 1.000000000000000000, 0.000000000000000000, 2.885194970439601952E-16 ) ) ;
#1627 = ORIENTED_EDGE ( 'NONE', *, *, #1933, .T. ) ;
#1628 = CARTESIAN_POINT ( 'NONE',  ( 39.30000000000009663, -26.60000000000001208, -131.2585481156725962 ) ) ;
#1629 = ORIENTED_EDGE ( 'NONE', *, *, #1645, .F. ) ;
#1630 = DIRECTION ( 'NONE',  ( 0.000000000000000000, 0.000000000000000000, 1.000000000000000000 ) ) ;
#1631 = EDGE_CURVE ( 'NONE', #1842, #1596, #897, .T. ) ;
#1632 = CARTESIAN_POINT ( 'NONE',  ( 35.49999999999993605, -28.60000000000001563, 0.000000000000000000 ) ) ;
#1633 = ORIENTED_EDGE ( 'NONE', *, *, #1859, .T. ) ;
#1634 = FACE_OUTER_BOUND ( 'NONE', #927, .T. ) ;
#1635 = FACE_BOUND ( 'NONE', #2481, .T. ) ;
#1636 = EDGE_CURVE ( 'NONE', #2671, #1563, #212, .T. ) ;
#1637 = DIRECTION ( 'NONE',  ( 2.937503844654690540E-16, 0.000000000000000000, 1.000000000000000000 ) ) ;
#1638 = ORIENTED_EDGE ( 'NONE', *, *, #41, .T. ) ;
#1639 = ORIENTED_EDGE ( 'NONE', *, *, #265, .F. ) ;
#1640 = LINE ( 'NONE', #2577, #499 ) ;
#1641 = ORIENTED_EDGE ( 'NONE', *, *, #560, .F. ) ;
#1642 = ORIENTED_EDGE ( 'NONE', *, *, #1631, .T. ) ;
#1643 = DIRECTION ( 'NONE',  ( 0.7071067811865464625, 0.000000000000000000, -0.7071067811865486830 ) ) ;
#1644 = DIRECTION ( 'NONE',  ( 0.000000000000000000, 0.000000000000000000, -1.000000000000000000 ) ) ;
#1645 = EDGE_CURVE ( 'NONE', #1610, #2366, #1394, .T. ) ;
#1646 = FACE_OUTER_BOUND ( 'NONE', #3004, .T. ) ;
#1647 = CARTESIAN_POINT ( 'NONE',  ( 30.49999999999993250, -27.60000000000001208, -127.2000000000000313 ) ) ;
#1648 = VERTEX_POINT ( 'NONE', #910 ) ;
#1649 = VECTOR ( 'NONE', #894, 1000.000000000000000 ) ;
#1650 = ADVANCED_FACE ( 'NONE', ( #2305 ), #2980, .T. ) ;
#1651 = EDGE_CURVE ( 'NONE', #2016, #1194, #1830, .T. ) ;
#1652 = VECTOR ( 'NONE', #1232, 1000.000000000000000 ) ;
#1653 = ORIENTED_EDGE ( 'NONE', *, *, #880, .T. ) ;
#1654 = LINE ( 'NONE', #2336, #945 ) ;
#1655 = ADVANCED_FACE ( 'NONE', ( #2740 ), #2490, .F. ) ;
#1656 = CARTESIAN_POINT ( 'NONE',  ( -25.49999999999992895, -26.10000000000002629, -133.8566243270258838 ) ) ;
#1657 = EDGE_LOOP ( 'NONE', ( #2359, #415, #2027, #1906, #2462, #1206, #680 ) ) ;
#1658 = AXIS2_PLACEMENT_3D ( 'NONE', #1701, #1056, #1970 ) ;
#1659 = AXIS2_PLACEMENT_3D ( 'NONE', #2844, #1449, #1465 ) ;
#1660 = FACE_BOUND ( 'NONE', #2199, .T. ) ;
#1661 = VECTOR ( 'NONE', #1987, 1000.000000000000000 ) ;
#1662 = VECTOR ( 'NONE', #2144, 1000.000000000000114 ) ;
#1663 = ORIENTED_EDGE ( 'NONE', *, *, #1246, .T. ) ;
#1664 = CYLINDRICAL_SURFACE ( 'NONE', #1605, 1.750000000000001554 ) ;
#1665 = DIRECTION ( 'NONE',  ( -1.000000000000000000, 0.000000000000000000, 6.546126324440819108E-16 ) ) ;
#1666 = VECTOR ( 'NONE', #1017, 1000.000000000000000 ) ;
#1667 = AXIS2_PLACEMENT_3D ( 'NONE', #1647, #1937, #2863 ) ;
#1668 = DIRECTION ( 'NONE',  ( 0.000000000000000000, 0.000000000000000000, 1.000000000000000000 ) ) ;
#1669 = DIRECTION ( 'NONE',  ( 4.004684765861462096E-16, 0.2428303037216977822, 0.9700687829192463640 ) ) ;
#1670 = ORIENTED_EDGE ( 'NONE', *, *, #1448, .F. ) ;
#1671 = CARTESIAN_POINT ( 'NONE',  ( -68.49999999999995737, -78.34965579320699192, -31.65531572561272000 ) ) ;
#1672 = CARTESIAN_POINT ( 'NONE',  ( -68.49999999999998579, -10.15197879029933148, -136.0308564657625254 ) ) ;
#1673 = ORIENTED_EDGE ( 'NONE', *, *, #422, .T. ) ;
#1674 = ADVANCED_FACE ( 'NONE', ( #675 ), #450, .F. ) ;
#1675 = DIRECTION ( 'NONE',  ( -3.994651572012803526E-32, -1.000000000000000000, 0.000000000000000000 ) ) ;
#1676 = ORIENTED_EDGE ( 'NONE', *, *, #2963, .T. ) ;
#1677 = VERTEX_POINT ( 'NONE', #1099 ) ;
#1678 = EDGE_CURVE ( 'NONE', #1624, #68, #361, .T. ) ;
#1679 = ORIENTED_EDGE ( 'NONE', *, *, #2875, .T. ) ;
#1680 = CARTESIAN_POINT ( 'NONE',  ( 65.50000000000000000, -21.67303296707959603, -150.8687127865819946 ) ) ;
#1681 = DIRECTION ( 'NONE',  ( 1.000000000000000000, 0.000000000000000000, 2.885194970439601952E-16 ) ) ;
#1682 = PLANE ( 'NONE',  #1555 ) ;
#1683 = DIRECTION ( 'NONE',  ( 7.501506923142942002E-16, 0.000000000000000000, 1.000000000000000000 ) ) ;
#1684 = ORIENTED_EDGE ( 'NONE', *, *, #1566, .F. ) ;
#1685 = CARTESIAN_POINT ( 'NONE',  ( -31.91421356237302831, -27.60000000000001208, -121.1142135623731519 ) ) ;
#1686 = DIRECTION ( 'NONE',  ( -2.885194970439601459E-16, 1.442597485219800730E-16, 1.000000000000000000 ) ) ;
#1687 = VERTEX_POINT ( 'NONE', #2506 ) ;
#1688 = CARTESIAN_POINT ( 'NONE',  ( -142.5000000000001137, 31.53905518196781088, -12.74260543157734737 ) ) ;
#1689 = EDGE_CURVE ( 'NONE', #539, #1159, #405, .T. ) ;
#1690 = PRODUCT_DEFINITION_SHAPE ( 'NONE', 'NONE',  #1117 ) ;
#1691 = DIRECTION ( 'NONE',  ( -0.000000000000000000, 0.000000000000000000, 1.000000000000000000 ) ) ;
#1692 = ORIENTED_EDGE ( 'NONE', *, *, #2440, .F. ) ;
#1693 = CARTESIAN_POINT ( 'NONE',  ( -65.49999999999995737, 38.79045674254164311, -79.72158903496227822 ) ) ;
#1694 = CARTESIAN_POINT ( 'NONE',  ( -30.49999999999992895, -27.60000000000001208, -122.5284271247462300 ) ) ;
#1695 = EDGE_CURVE ( 'NONE', #2999, #2259, #2335, .T. ) ;
#1696 = DIRECTION ( 'NONE',  ( 1.000000000000000000, -2.465190328815661892E-32, -2.937503844654690540E-16 ) ) ;
#1697 = CARTESIAN_POINT ( 'NONE',  ( -65.49999999999995737, -78.34965579320699192, -31.65531572561272000 ) ) ;
#1698 = ORIENTED_EDGE ( 'NONE', *, *, #291, .T. ) ;
#1699 = DIRECTION ( 'NONE',  ( -2.723606137491687774E-16, 0.3746065934159165112, 0.9271838545667855369 ) ) ;
#1700 = CARTESIAN_POINT ( 'NONE',  ( -53.00000000000000711, -22.60000000000001563, 0.000000000000000000 ) ) ;
#1701 = CARTESIAN_POINT ( 'NONE',  ( -30.49999999999992895, -47.12997571504072880, -122.5284271247462300 ) ) ;
#1702 = DIRECTION ( 'NONE',  ( -0.000000000000000000, 0.000000000000000000, 1.000000000000000000 ) ) ;
#1703 = ORIENTED_EDGE ( 'NONE', *, *, #2201, .T. ) ;
#1704 = VECTOR ( 'NONE', #2519, 1000.000000000000000 ) ;
#1705 = DIRECTION ( 'NONE',  ( -1.000000000000000000, 0.000000000000000000, 3.083952846180988308E-16 ) ) ;
#1706 = VECTOR ( 'NONE', #1235, 1000.000000000000000 ) ;
#1707 = VERTEX_POINT ( 'NONE', #2002 ) ;
#1708 = VECTOR ( 'NONE', #957, 1000.000000000000000 ) ;
#1709 = PLANE ( 'NONE',  #2587 ) ;
#1710 = AXIS2_PLACEMENT_3D ( 'NONE', #1332, #1534, #2203 ) ;
#1711 = AXIS2_PLACEMENT_3D ( 'NONE', #827, #1102, #2966 ) ;
#1712 = EDGE_CURVE ( 'NONE', #933, #2339, #584, .T. ) ;
#1713 = DIRECTION ( 'NONE',  ( 2.849580779404782366E-16, 0.2428303037216977822, 0.9700687829192463640 ) ) ;
#1714 = CIRCLE ( 'NONE', #1091, 5.000000000000004441 ) ;
#1715 = AXIS2_PLACEMENT_3D ( 'NONE', #1460, #2088, #920 ) ;
#1716 = LINE ( 'NONE', #2651, #2442 ) ;
#1717 = CARTESIAN_POINT ( 'NONE',  ( 0.000000000000000000, -28.60000000000001563, -114.2000000000000881 ) ) ;
#1718 = CARTESIAN_POINT ( 'NONE',  ( 35.49999999999993605, -28.60000000000001563, -124.7000000000000313 ) ) ;
#1719 = ORIENTED_EDGE ( 'NONE', *, *, #46, .T. ) ;
#1720 = DIRECTION ( 'NONE',  ( -0.000000000000000000, 1.000000000000000000, -0.000000000000000000 ) ) ;
#1721 = CARTESIAN_POINT ( 'NONE',  ( 0.000000000000000000, -23.60000000000000853, -135.2999999999999829 ) ) ;
#1722 = DIRECTION ( 'NONE',  ( 1.000000000000000000, 0.000000000000000000, 0.000000000000000000 ) ) ;
#1723 = VERTEX_POINT ( 'NONE', #1080 ) ;
#1724 = FACE_BOUND ( 'NONE', #2302, .T. ) ;
#1725 = ORIENTED_EDGE ( 'NONE', *, *, #1798, .T. ) ;
#1726 = CARTESIAN_POINT ( 'NONE',  ( -65.49999999999997158, -22.80000000000001492, -143.8996525863348666 ) ) ;
#1727 = CARTESIAN_POINT ( 'NONE',  ( 65.49999999999998579, -10.15197879029933148, -136.0308564657625254 ) ) ;
#1728 = CARTESIAN_POINT ( 'NONE',  ( -35.49999999999993605, -64.48661856601715670, -111.6940997646564711 ) ) ;
#1729 = ADVANCED_FACE ( 'NONE', ( #1517 ), #855, .T. ) ;
#1730 = DIRECTION ( 'NONE',  ( 0.000000000000000000, 1.000000000000000000, -0.000000000000000000 ) ) ;
#1731 = DIRECTION ( 'NONE',  ( -1.000000000000000000, 4.542510484243382359E-33, 3.083952846180988308E-16 ) ) ;
#1732 = ORIENTED_EDGE ( 'NONE', *, *, #2152, .F. ) ;
#1733 = CARTESIAN_POINT ( 'NONE',  ( -65.49999999999998579, -23.60000000000000853, -140.8996525863346960 ) ) ;
#1734 = LINE ( 'NONE', #1233, #343 ) ;
#1735 = EDGE_CURVE ( 'NONE', #1687, #2838, #384, .T. ) ;
#1736 = LINE ( 'NONE', #574, #639 ) ;
#1737 = EDGE_LOOP ( 'NONE', ( #2907, #2772, #2917, #8, #1433, #2435, #1078, #434, #1106, #2813 ) ) ;
#1738 = EDGE_LOOP ( 'NONE', ( #96, #1992, #923, #2576 ) ) ;
#1739 = ORIENTED_EDGE ( 'NONE', *, *, #1651, .T. ) ;
#1740 = DIRECTION ( 'NONE',  ( 1.000000000000000000, -4.542510484243382359E-33, -3.083952846180988308E-16 ) ) ;
#1741 = LINE ( 'NONE', #1559, #2001 ) ;
#1742 = ADVANCED_FACE ( 'NONE', ( #2445 ), #1314, .F. ) ;
#1743 = DIRECTION ( 'NONE',  ( 0.000000000000000000, -0.8992041110872031062, -0.4375293894172972986 ) ) ;
#1744 = VERTEX_POINT ( 'NONE', #1497 ) ;
#1745 = DIRECTION ( 'NONE',  ( 0.000000000000000000, 1.000000000000000000, 0.000000000000000000 ) ) ;
#1746 = CARTESIAN_POINT ( 'NONE',  ( 50.49999999999997868, -28.60000000000001563, -114.2000000000000881 ) ) ;
#1747 = EDGE_CURVE ( 'NONE', #818, #1375, #647, .T. ) ;
#1748 = ORIENTED_EDGE ( 'NONE', *, *, #2622, .F. ) ;
#1749 = EDGE_CURVE ( 'NONE', #660, #2785, #2181, .T. ) ;
#1750 = ORIENTED_EDGE ( 'NONE', *, *, #2332, .F. ) ;
#1751 = ORIENTED_EDGE ( 'NONE', *, *, #2667, .F. ) ;
#1752 = DIRECTION ( 'NONE',  ( 0.000000000000000000, 0.000000000000000000, 1.000000000000000000 ) ) ;
#1753 = VECTOR ( 'NONE', #53, 1000.000000000000000 ) ;
#1754 = VECTOR ( 'NONE', #1686, 1000.000000000000000 ) ;
#1755 = FACE_OUTER_BOUND ( 'NONE', #43, .T. ) ;
#1756 = VECTOR ( 'NONE', #1494, 1000.000000000000000 ) ;
#1757 = CIRCLE ( 'NONE', #444, 1.750000000000001554 ) ;
#1758 = CARTESIAN_POINT ( 'NONE',  ( 53.99999999999995026, -28.60000000000001563, -124.2000000000000881 ) ) ;
#1759 = VECTOR ( 'NONE', #414, 1000.000000000000000 ) ;
#1760 = AXIS2_PLACEMENT_3D ( 'NONE', #1160, #1612, #1149 ) ;
#1761 = DIRECTION ( 'NONE',  ( 1.000000000000000000, 0.000000000000000000, 0.000000000000000000 ) ) ;
#1762 = CARTESIAN_POINT ( 'NONE',  ( -30.50000000000002487, -47.12997571504072880, -125.2000000000000313 ) ) ;
#1763 = VECTOR ( 'NONE', #602, 1000.000000000000000 ) ;
#1764 = VECTOR ( 'NONE', #2470, 999.9999999999998863 ) ;
#1765 = ORIENTED_EDGE ( 'NONE', *, *, #1872, .T. ) ;
#1766 = ADVANCED_FACE ( 'NONE', ( #70 ), #2889, .T. ) ;
#1767 = VERTEX_POINT ( 'NONE', #2856 ) ;
#1768 = CARTESIAN_POINT ( 'NONE',  ( 25.49999999999992539, -23.60000000000000853, -135.2999999999999829 ) ) ;
#1769 = ORIENTED_EDGE ( 'NONE', *, *, #2120, .F. ) ;
#1770 = EDGE_LOOP ( 'NONE', ( #462, #1295, #1105, #1977 ) ) ;
#1771 = EDGE_CURVE ( 'NONE', #2967, #1454, #1962, .T. ) ;
#1772 = CARTESIAN_POINT ( 'NONE',  ( 53.99999999999995026, -28.60000000000001563, 0.000000000000000000 ) ) ;
#1773 = DIRECTION ( 'NONE',  ( -1.000000000000000000, 3.994651572012803526E-32, 0.000000000000000000 ) ) ;
#1774 = LINE ( 'NONE', #1097, #1806 ) ;
#1775 = CARTESIAN_POINT ( 'NONE',  ( -30.50000000000002487, -28.60000000000001563, -125.2000000000000313 ) ) ;
#1776 = DIRECTION ( 'NONE',  ( -3.994651572012803526E-32, -1.000000000000000000, 1.442597485219800976E-16 ) ) ;
#1777 = DIRECTION ( 'NONE',  ( 2.885194970439601459E-16, -0.000000000000000000, -1.000000000000000000 ) ) ;
#1778 = APPLICATION_CONTEXT ( 'automotive_design' ) ;
#1779 = ORIENTED_EDGE ( 'NONE', *, *, #1678, .F. ) ;
#1780 = EDGE_CURVE ( 'NONE', #295, #367, #1046, .T. ) ;
#1781 = VERTEX_POINT ( 'NONE', #767 ) ;
#1782 = SURFACE_SIDE_STYLE ('',( #2048 ) ) ;
#1783 = ORIENTED_EDGE ( 'NONE', *, *, #2759, .F. ) ;
#1784 = EDGE_CURVE ( 'NONE', #460, #611, #2742, .T. ) ;
#1785 = ADVANCED_FACE ( 'NONE', ( #831 ), #2384, .T. ) ;
#1786 = DIRECTION ( 'NONE',  ( 0.000000000000000000, 0.000000000000000000, 1.000000000000000000 ) ) ;
#1787 = CARTESIAN_POINT ( 'NONE',  ( 0.000000000000000000, -20.60000000000001563, -135.2999999999999829 ) ) ;
#1788 = CARTESIAN_POINT ( 'NONE',  ( 25.49999999999992895, -27.60000000000001208, -130.1038475772933509 ) ) ;
#1789 = PLANE ( 'NONE',  #1807 ) ;
#1790 = VERTEX_POINT ( 'NONE', #2433 ) ;
#1791 = PLANE ( 'NONE',  #1998 ) ;
#1792 = ORIENTED_EDGE ( 'NONE', *, *, #141, .F. ) ;
#1793 = VERTEX_POINT ( 'NONE', #531 ) ;
#1794 = ORIENTED_EDGE ( 'NONE', *, *, #597, .T. ) ;
#1795 = ORIENTED_EDGE ( 'NONE', *, *, #1337, .T. ) ;
#1796 = DIRECTION ( 'NONE',  ( 0.000000000000000000, 0.000000000000000000, -1.000000000000000000 ) ) ;
#1797 = FACE_OUTER_BOUND ( 'NONE', #3002, .T. ) ;
#1798 = EDGE_CURVE ( 'NONE', #166, #1335, #2644, .T. ) ;
#1799 = CARTESIAN_POINT ( 'NONE',  ( -68.49999999999997158, -32.00000000000000000, -105.7000000000000881 ) ) ;
#1800 = DIRECTION ( 'NONE',  ( 1.000000000000000000, -5.992545734006013859E-95, -3.083952846180988308E-16 ) ) ;
#1801 = AXIS2_PLACEMENT_3D ( 'NONE', #513, #1218, #1675 ) ;
#1802 = VERTEX_POINT ( 'NONE', #551 ) ;
#1803 = VECTOR ( 'NONE', #2155, 1000.000000000000000 ) ;
#1804 = LINE ( 'NONE', #1582, #2328 ) ;
#1805 = ADVANCED_FACE ( 'NONE', ( #1462 ), #802, .T. ) ;
#1806 = VECTOR ( 'NONE', #2011, 1000.000000000000000 ) ;
#1807 = AXIS2_PLACEMENT_3D ( 'NONE', #1070, #2023, #1333 ) ;
#1808 = VERTEX_POINT ( 'NONE', #98 ) ;
#1809 = AXIS2_PLACEMENT_3D ( 'NONE', #115, #578, #1705 ) ;
#1810 = EDGE_LOOP ( 'NONE', ( #1014, #875, #1868, #1553 ) ) ;
#1811 = ORIENTED_EDGE ( 'NONE', *, *, #1986, .F. ) ;
#1812 = CARTESIAN_POINT ( 'NONE',  ( 53.99999999999995026, -52.78677324489567013, 0.000000000000000000 ) ) ;
#1813 = ORIENTED_EDGE ( 'NONE', *, *, #1823, .F. ) ;
#1814 = LINE ( 'NONE', #2288, #1515 ) ;
#1815 = FACE_OUTER_BOUND ( 'NONE', #2049, .T. ) ;
#1816 = FACE_BOUND ( 'NONE', #1261, .T. ) ;
#1817 = ORIENTED_EDGE ( 'NONE', *, *, #211, .T. ) ;
#1818 = ADVANCED_FACE ( 'NONE', ( #1724, #2196 ), #950, .T. ) ;
#1819 = DIRECTION ( 'NONE',  ( 0.000000000000000000, 1.000000000000000000, -0.000000000000000000 ) ) ;
#1820 = DIRECTION ( 'NONE',  ( 0.000000000000000000, 1.442597485219800976E-16, 1.000000000000000000 ) ) ;
#1821 = ORIENTED_EDGE ( 'NONE', *, *, #1969, .T. ) ;
#1822 = ORIENTED_EDGE ( 'NONE', *, *, #2855, .F. ) ;
#1823 = EDGE_CURVE ( 'NONE', #768, #413, #2284, .T. ) ;
#1824 = ORIENTED_EDGE ( 'NONE', *, *, #123, .F. ) ;
#1825 = DIRECTION ( 'NONE',  ( 2.643388153869420015E-15, -0.000000000000000000, 1.000000000000000000 ) ) ;
#1826 = VERTEX_POINT ( 'NONE', #2790 ) ;
#1827 = DIRECTION ( 'NONE',  ( -0.000000000000000000, -1.000000000000000000, -0.000000000000000000 ) ) ;
#1828 = VERTEX_POINT ( 'NONE', #240 ) ;
#1829 = LINE ( 'NONE', #12, #1708 ) ;
#1830 = LINE ( 'NONE', #1799, #732 ) ;
#1831 = CARTESIAN_POINT ( 'NONE',  ( 50.49999999999997868, -52.78677324489567013, -124.2000000000000881 ) ) ;
#1832 = FACE_OUTER_BOUND ( 'NONE', #1737, .T. ) ;
#1833 = DIRECTION ( 'NONE',  ( -2.180683970394142215E-16, -0.7071067811865435759, 0.7071067811865514585 ) ) ;
#1834 = DIRECTION ( 'NONE',  ( -0.000000000000000000, -1.000000000000000000, -0.000000000000000000 ) ) ;
#1835 = EDGE_CURVE ( 'NONE', #594, #1614, #1432, .T. ) ;
#1836 = ORIENTED_EDGE ( 'NONE', *, *, #2473, .F. ) ;
#1837 = ORIENTED_EDGE ( 'NONE', *, *, #809, .F. ) ;
#1838 = ORIENTED_EDGE ( 'NONE', *, *, #2796, .F. ) ;
#1839 = ADVANCED_FACE ( 'NONE', ( #917 ), #436, .F. ) ;
#1840 = ORIENTED_EDGE ( 'NONE', *, *, #2834, .T. ) ;
#1841 = DIRECTION ( 'NONE',  ( -1.000000000000000000, 4.542510484243382359E-33, 3.083952846180988308E-16 ) ) ;
#1842 = VERTEX_POINT ( 'NONE', #932 ) ;
#1843 = DIRECTION ( 'NONE',  ( 6.546126324440819108E-16, -0.000000000000000000, 1.000000000000000000 ) ) ;
#1844 = CIRCLE ( 'NONE', #535, 1.750000000000001554 ) ;
#1845 = PLANE ( 'NONE',  #2738 ) ;
#1846 = VECTOR ( 'NONE', #2474, 1000.000000000000114 ) ;
#1847 = ORIENTED_EDGE ( 'NONE', *, *, #814, .T. ) ;
#1848 = VECTOR ( 'NONE', #2767, 1000.000000000000000 ) ;
#1849 = AXIS2_PLACEMENT_3D ( 'NONE', #1125, #677, #1621 ) ;
#1850 = VECTOR ( 'NONE', #473, 1000.000000000000000 ) ;
#1851 = ORIENTED_EDGE ( 'NONE', *, *, #1034, .T. ) ;
#1852 = VECTOR ( 'NONE', #2160, 1000.000000000000000 ) ;
#1853 = ORIENTED_EDGE ( 'NONE', *, *, #2005, .T. ) ;
#1854 = CARTESIAN_POINT ( 'NONE',  ( 50.49999999999997868, -22.60000000000001563, 0.000000000000000000 ) ) ;
#1855 = ORIENTED_EDGE ( 'NONE', *, *, #2186, .F. ) ;
#1856 = EDGE_CURVE ( 'NONE', #1357, #719, #22, .T. ) ;
#1857 = EDGE_LOOP ( 'NONE', ( #1208, #2854, #135, #1292 ) ) ;
#1858 = CARTESIAN_POINT ( 'NONE',  ( -35.49999999999993605, -27.59999999999999787, -132.9905989232414640 ) ) ;
#1859 = EDGE_CURVE ( 'NONE', #2597, #397, #2593, .T. ) ;
#1860 = CYLINDRICAL_SURFACE ( 'NONE', #2887, 2.000000000000001776 ) ;
#1861 = ORIENTED_EDGE ( 'NONE', *, *, #1695, .F. ) ;
#1862 = CARTESIAN_POINT ( 'NONE',  ( 68.49999999999994316, 1.602373713730178828E-30, 2.017315848641881928E-14 ) ) ;
#1863 = CARTESIAN_POINT ( 'NONE',  ( 39.30000000000009663, -27.60000000000001208, 0.000000000000000000 ) ) ;
#1864 = DIRECTION ( 'NONE',  ( -2.937503844654690540E-16, 0.000000000000000000, -1.000000000000000000 ) ) ;
#1865 = LINE ( 'NONE', #471, #2331 ) ;
#1866 = ORIENTED_EDGE ( 'NONE', *, *, #1531, .F. ) ;
#1867 = LINE ( 'NONE', #1854, #744 ) ;
#1868 = ORIENTED_EDGE ( 'NONE', *, *, #1689, .T. ) ;
#1869 = EDGE_CURVE ( 'NONE', #397, #329, #2891, .T. ) ;
#1870 = EDGE_LOOP ( 'NONE', ( #1627, #134, #2350, #16 ) ) ;
#1871 = FACE_OUTER_BOUND ( 'NONE', #2908, .T. ) ;
#1872 = EDGE_CURVE ( 'NONE', #796, #437, #484, .T. ) ;
#1873 = ADVANCED_FACE ( 'NONE', ( #2101 ), #274, .F. ) ;
#1874 = FACE_OUTER_BOUND ( 'NONE', #2843, .T. ) ;
#1875 = DIRECTION ( 'NONE',  ( 2.077128888316897509E-16, 0.7071067811865440200, 0.7071067811865511255 ) ) ;
#1876 = DIRECTION ( 'NONE',  ( 0.000000000000000000, 1.000000000000000000, -1.442597485219800976E-16 ) ) ;
#1877 = EDGE_CURVE ( 'NONE', #1490, #818, #2428, .T. ) ;
#1878 = VERTEX_POINT ( 'NONE', #2401 ) ;
#1879 = DIRECTION ( 'NONE',  ( -2.643388153869420015E-15, 0.000000000000000000, -1.000000000000000000 ) ) ;
#1880 = ORIENTED_EDGE ( 'NONE', *, *, #211, .F. ) ;
#1881 = LINE ( 'NONE', #936, #350 ) ;
#1882 = ORIENTED_EDGE ( 'NONE', *, *, #2916, .F. ) ;
#1883 = CARTESIAN_POINT ( 'NONE',  ( 68.49999999999994316, -20.05046122158771027, -149.7742743250598494 ) ) ;
#1884 = ORIENTED_EDGE ( 'NONE', *, *, #2268, .F. ) ;
#1885 = LINE ( 'NONE', #2822, #843 ) ;
#1886 = VERTEX_POINT ( 'NONE', #2380 ) ;
#1887 = DIRECTION ( 'NONE',  ( -2.849580779404782366E-16, 0.2428303037216977822, 0.9700687829192463640 ) ) ;
#1888 = EDGE_CURVE ( 'NONE', #1793, #1589, #1445, .T. ) ;
#1889 = PLANE ( 'NONE',  #1276 ) ;
#1890 = ADVANCED_FACE ( 'NONE', ( #132 ), #2640, .F. ) ;
#1891 = VECTOR ( 'NONE', #1147, 1000.000000000000000 ) ;
#1892 = CARTESIAN_POINT ( 'NONE',  ( 39.30000000000009663, -20.60000000000001563, -135.2999999999999829 ) ) ;
#1893 = ORIENTED_EDGE ( 'NONE', *, *, #710, .F. ) ;
#1894 = ORIENTED_EDGE ( 'NONE', *, *, #80, .T. ) ;
#1895 = VECTOR ( 'NONE', #762, 1000.000000000000000 ) ;
#1896 = CIRCLE ( 'NONE', #2383, 1.750000000000001554 ) ;
#1897 = VECTOR ( 'NONE', #2962, 1000.000000000000000 ) ;
#1898 = VECTOR ( 'NONE', #774, 1000.000000000000000 ) ;
#1899 = VERTEX_POINT ( 'NONE', #2151 ) ;
#1900 = PLANE ( 'NONE',  #1659 ) ;
#1901 = FACE_OUTER_BOUND ( 'NONE', #1076, .T. ) ;
#1902 = VECTOR ( 'NONE', #7, 1000.000000000000000 ) ;
#1903 = VECTOR ( 'NONE', #1442, 1000.000000000000000 ) ;
#1904 = DIRECTION ( 'NONE',  ( -1.000000000000000000, -0.000000000000000000, 2.885194970439601459E-16 ) ) ;
#1905 = DIRECTION ( 'NONE',  ( -2.675106193868901742E-16, 0.3746065934159088506, -0.9271838545667886455 ) ) ;
#1906 = ORIENTED_EDGE ( 'NONE', *, *, #672, .F. ) ;
#1907 = CARTESIAN_POINT ( 'NONE',  ( 25.49999999999992539, -23.60000000000001208, -138.1867513459480676 ) ) ;
#1908 = DIRECTION ( 'NONE',  ( 1.000000000000000000, 0.000000000000000000, 0.000000000000000000 ) ) ;
#1909 = EDGE_CURVE ( 'NONE', #832, #1119, #1925, .T. ) ;
#1910 = CARTESIAN_POINT ( 'NONE',  ( -30.50000000000002487, -27.60000000000001208, -127.2000000000000313 ) ) ;
#1911 = DIRECTION ( 'NONE',  ( 1.000000000000000000, 0.000000000000000000, -2.643388153869420015E-15 ) ) ;
#1912 = CARTESIAN_POINT ( 'NONE',  ( -65.49999999999998579, -23.60000000000000853, -135.2999999999999829 ) ) ;
#1913 = EDGE_CURVE ( 'NONE', #2499, #368, #2904, .T. ) ;
#1914 = ORIENTED_EDGE ( 'NONE', *, *, #634, .F. ) ;
#1915 = ORIENTED_EDGE ( 'NONE', *, *, #604, .T. ) ;
#1916 = DIRECTION ( 'NONE',  ( -1.000000000000000000, 0.000000000000000000, 0.000000000000000000 ) ) ;
#1917 = CARTESIAN_POINT ( 'NONE',  ( 31.91421356237301410, -28.60000000000001563, -121.1142135623731377 ) ) ;
#1918 = CARTESIAN_POINT ( 'NONE',  ( 53.99999999999995026, -22.60000000000001563, 0.000000000000000000 ) ) ;
#1919 = DIRECTION ( 'NONE',  ( 0.000000000000000000, 0.000000000000000000, -1.000000000000000000 ) ) ;
#1920 = ORIENTED_EDGE ( 'NONE', *, *, #2588, .F. ) ;
#1921 = LINE ( 'NONE', #1428, #1898 ) ;
#1922 = CARTESIAN_POINT ( 'NONE',  ( -68.49999999999998579, -21.67303296707959603, -149.1187127865819946 ) ) ;
#1923 = LINE ( 'NONE', #2864, #846 ) ;
#1924 = DIRECTION ( 'NONE',  ( 0.000000000000000000, 0.000000000000000000, -1.000000000000000000 ) ) ;
#1925 = LINE ( 'NONE', #1260, #2434 ) ;
#1926 = ORIENTED_EDGE ( 'NONE', *, *, #2944, .F. ) ;
#1927 = EDGE_CURVE ( 'NONE', #2094, #6, #66, .T. ) ;
#1928 = CARTESIAN_POINT ( 'NONE',  ( -65.49999999999998579, -31.00000000000000711, -153.7999999999999829 ) ) ;
#1929 = VERTEX_POINT ( 'NONE', #1940 ) ;
#1930 = DIRECTION ( 'NONE',  ( -9.251858538542963939E-16, 0.000000000000000000, -1.000000000000000000 ) ) ;
#1931 = LINE ( 'NONE', #1693, #1803 ) ;
#1932 = CARTESIAN_POINT ( 'NONE',  ( 25.49999999999993250, -28.60000000000001563, -124.7000000000000313 ) ) ;
#1933 = EDGE_CURVE ( 'NONE', #1790, #1481, #1480, .T. ) ;
#1934 = DIRECTION ( 'NONE',  ( 0.000000000000000000, 1.000000000000000000, 0.000000000000000000 ) ) ;
#1935 = DIRECTION ( 'NONE',  ( 1.000000000000000000, -0.000000000000000000, 0.000000000000000000 ) ) ;
#1936 = CARTESIAN_POINT ( 'NONE',  ( 35.49999999999993605, -23.60000000000000853, -135.2999999999999829 ) ) ;
#1937 = DIRECTION ( 'NONE',  ( -0.000000000000000000, 1.000000000000000000, -0.000000000000000000 ) ) ;
#1938 = LINE ( 'NONE', #797, #346 ) ;
#1939 = LINE ( 'NONE', #62, #2974 ) ;
#1940 = CARTESIAN_POINT ( 'NONE',  ( -65.49999999999998579, -21.67303296707959603, -150.8687127865820230 ) ) ;
#1941 = ORIENTED_EDGE ( 'NONE', *, *, #1031, .T. ) ;
#1942 = DIRECTION ( 'NONE',  ( 0.000000000000000000, 1.000000000000000000, 0.000000000000000000 ) ) ;
#1943 = DIRECTION ( 'NONE',  ( 1.000000000000000000, -0.000000000000000000, 2.885194970439601459E-16 ) ) ;
#1944 = AXIS2_PLACEMENT_3D ( 'NONE', #1288, #2899, #1924 ) ;
#1945 = VERTEX_POINT ( 'NONE', #2415 ) ;
#1946 = AXIS2_PLACEMENT_3D ( 'NONE', #860, #655, #2680 ) ;
#1947 = ADVANCED_FACE ( 'NONE', ( #304 ), #1060, .T. ) ;
#1948 = DIRECTION ( 'NONE',  ( 0.000000000000000000, 1.000000000000000000, 0.000000000000000000 ) ) ;
#1949 = LINE ( 'NONE', #2919, #1763 ) ;
#1950 = AXIS2_PLACEMENT_3D ( 'NONE', #1277, #2461, #1059 ) ;
#1951 = ADVANCED_FACE ( 'NONE', ( #749, #549 ), #2885, .F. ) ;
#1952 = DIRECTION ( 'NONE',  ( 1.000000000000000000, -0.000000000000000000, -0.000000000000000000 ) ) ;
#1953 = MECHANICAL_DESIGN_GEOMETRIC_PRESENTATION_REPRESENTATION (  '', ( #2741 ), #848 ) ;
#1954 = VECTOR ( 'NONE', #651, 999.9999999999998863 ) ;
#1955 = CARTESIAN_POINT ( 'NONE',  ( 35.49999999999993605, -27.59999999999998721, -132.9905989232414925 ) ) ;
#1956 = LINE ( 'NONE', #1717, #1903 ) ;
#1957 = CARTESIAN_POINT ( 'NONE',  ( 0.000000000000000000, -20.60000000000001563, -135.2999999999999829 ) ) ;
#1958 = CARTESIAN_POINT ( 'NONE',  ( -65.49999999999998579, -19.80000000000001492, -144.4827935137480779 ) ) ;
#1959 = DIRECTION ( 'NONE',  ( 0.000000000000000000, 0.000000000000000000, -1.000000000000000000 ) ) ;
#1960 = DIRECTION ( 'NONE',  ( -2.040140928643173280E-16, -0.7071067811865440200, -0.7071067811865511255 ) ) ;
#1961 = ORIENTED_EDGE ( 'NONE', *, *, #27, .F. ) ;
#1962 = LINE ( 'NONE', #817, #839 ) ;
#1963 = ORIENTED_EDGE ( 'NONE', *, *, #97, .T. ) ;
#1964 = ORIENTED_EDGE ( 'NONE', *, *, #2875, .F. ) ;
#1965 = CARTESIAN_POINT ( 'NONE',  ( -68.49999999999997158, -14.60000000000001386, -105.7000000000000881 ) ) ;
#1966 = EDGE_CURVE ( 'NONE', #2393, #1194, #2618, .T. ) ;
#1967 = LINE ( 'NONE', #311, #2880 ) ;
#1968 = DIRECTION ( 'NONE',  ( 0.000000000000000000, 1.000000000000000000, 0.000000000000000000 ) ) ;
#1969 = EDGE_CURVE ( 'NONE', #288, #915, #317, .T. ) ;
#1970 = DIRECTION ( 'NONE',  ( 0.000000000000000000, 0.000000000000000000, 1.000000000000000000 ) ) ;
#1971 = ORIENTED_EDGE ( 'NONE', *, *, #2059, .F. ) ;
#1972 = CARTESIAN_POINT ( 'NONE',  ( -29.08578643762682603, -27.60000000000001208, -121.1142135623731519 ) ) ;
#1973 = CARTESIAN_POINT ( 'NONE',  ( 0.000000000000000000, -52.78677324489567013, -130.2000000000001023 ) ) ;
#1974 = ADVANCED_FACE ( 'NONE', ( #2853 ), #1025, .F. ) ;
#1975 = DIRECTION ( 'NONE',  ( 2.885194970439601459E-16, 1.442597485219800730E-16, 1.000000000000000000 ) ) ;
#1976 = VERTEX_POINT ( 'NONE', #1912 ) ;
#1977 = ORIENTED_EDGE ( 'NONE', *, *, #1909, .T. ) ;
#1978 = ORIENTED_EDGE ( 'NONE', *, *, #411, .T. ) ;
#1979 = LINE ( 'NONE', #1772, #2482 ) ;
#1980 = CARTESIAN_POINT ( 'NONE',  ( -25.49999999999992895, -27.59999999999998721, -132.9905989232414925 ) ) ;
#1981 = PRODUCT_RELATED_PRODUCT_CATEGORY ( 'part', '', ( #2282 ) ) ;
#1982 = PLANE ( 'NONE',  #1371 ) ;
#1983 = CARTESIAN_POINT ( 'NONE',  ( -35.49999999999993605, -28.60000000000001563, 0.000000000000000000 ) ) ;
#1984 = FACE_OUTER_BOUND ( 'NONE', #287, .T. ) ;
#1985 = ORIENTED_EDGE ( 'NONE', *, *, #2833, .T. ) ;
#1986 = EDGE_CURVE ( 'NONE', #2892, #2959, #996, .T. ) ;
#1987 = DIRECTION ( 'NONE',  ( 1.000000000000000000, 0.000000000000000000, 0.000000000000000000 ) ) ;
#1988 = CARTESIAN_POINT ( 'NONE',  ( -68.49999999999994316, 31.53905518196782509, -12.74260543157728875 ) ) ;
#1989 = EDGE_CURVE ( 'NONE', #2386, #2393, #2668, .T. ) ;
#1990 = ORIENTED_EDGE ( 'NONE', *, *, #1378, .T. ) ;
#1991 = ORIENTED_EDGE ( 'NONE', *, *, #2313, .F. ) ;
#1992 = ORIENTED_EDGE ( 'NONE', *, *, #409, .F. ) ;
#1993 = VECTOR ( 'NONE', #800, 1000.000000000000000 ) ;
#1994 =( NAMED_UNIT ( * ) SI_UNIT ( $, .STERADIAN. ) SOLID_ANGLE_UNIT ( ) );
#1995 = DIRECTION ( 'NONE',  ( 0.000000000000000000, -1.442597485219800730E-16, -1.000000000000000000 ) ) ;
#1996 = CARTESIAN_POINT ( 'NONE',  ( 29.08578643762682603, -27.60000000000001208, -121.1142135623731519 ) ) ;
#1997 = VECTOR ( 'NONE', #155, 1000.000000000000000 ) ;
#1998 = AXIS2_PLACEMENT_3D ( 'NONE', #1336, #2915, #2247 ) ;
#1999 = CARTESIAN_POINT ( 'NONE',  ( 0.000000000000000000, -22.80000000000001492, 0.000000000000000000 ) ) ;
#2000 = VECTOR ( 'NONE', #1505, 1000.000000000000000 ) ;
#2001 = VECTOR ( 'NONE', #2952, 1000.000000000000000 ) ;
#2002 = CARTESIAN_POINT ( 'NONE',  ( 68.50000000000000000, -21.67303296707959603, -150.8687127865819946 ) ) ;
#2003 = DIRECTION ( 'NONE',  ( 0.000000000000000000, 1.000000000000000000, 0.000000000000000000 ) ) ;
#2004 = DIRECTION ( 'NONE',  ( 0.000000000000000000, -0.4999999999999990008, -0.8660254037844392627 ) ) ;
#2005 = EDGE_CURVE ( 'NONE', #2094, #2918, #1736, .T. ) ;
#2006 = ORIENTED_EDGE ( 'NONE', *, *, #2066, .T. ) ;
#2007 = EDGE_LOOP ( 'NONE', ( #36, #716, #615, #994 ) ) ;
#2008 = FILL_AREA_STYLE_COLOUR ( '', #213 ) ;
#2009 = ORIENTED_EDGE ( 'NONE', *, *, #2916, .T. ) ;
#2010 = CARTESIAN_POINT ( 'NONE',  ( 35.49999999999992895, -47.12997571504072880, -124.7000000000000313 ) ) ;
#2011 = DIRECTION ( 'NONE',  ( 1.000000000000000000, -0.000000000000000000, -0.000000000000000000 ) ) ;
#2012 = DIRECTION ( 'NONE',  ( -1.000000000000000000, 1.543967230958434570E-16, 3.083952846180988801E-16 ) ) ;
#2013 = PLANE ( 'NONE',  #297 ) ;
#2014 = LINE ( 'NONE', #2955, #249 ) ;
#2015 = ORIENTED_EDGE ( 'NONE', *, *, #334, .F. ) ;
#2016 = VERTEX_POINT ( 'NONE', #344 ) ;
#2017 = ORIENTED_EDGE ( 'NONE', *, *, #1495, .F. ) ;
#2018 = ORIENTED_EDGE ( 'NONE', *, *, #515, .F. ) ;
#2019 = ADVANCED_FACE ( 'NONE', ( #1278 ), #2364, .T. ) ;
#2020 = CARTESIAN_POINT ( 'NONE',  ( -30.50000000000002487, -27.60000000000001208, -125.2000000000000313 ) ) ;
#2021 = DIRECTION ( 'NONE',  ( -2.675106193868893360E-16, -0.3746065934159158450, -0.9271838545667858700 ) ) ;
#2022 = EDGE_CURVE ( 'NONE', #258, #514, #2370, .T. ) ;
#2023 = DIRECTION ( 'NONE',  ( 1.080813059217115131E-16, 0.9271838545667856479, -0.3746065934159165667 ) ) ;
#2024 = DIRECTION ( 'NONE',  ( 1.000000000000000000, 0.000000000000000000, 2.885194970439601952E-16 ) ) ;
#2025 = CARTESIAN_POINT ( 'NONE',  ( -25.49999999999992539, -20.60000000000001563, -135.2999999999999829 ) ) ;
#2026 = CARTESIAN_POINT ( 'NONE',  ( 65.49999999999998579, -31.00000000000000711, -153.7999999999999829 ) ) ;
#2027 = ORIENTED_EDGE ( 'NONE', *, *, #2773, .T. ) ;
#2028 = ORIENTED_EDGE ( 'NONE', *, *, #369, .T. ) ;
#2029 = ORIENTED_EDGE ( 'NONE', *, *, #1771, .F. ) ;
#2030 = CYLINDRICAL_SURFACE ( 'NONE', #210, 2.000000000000001776 ) ;
#2031 = EDGE_CURVE ( 'NONE', #3008, #696, #2122, .T. ) ;
#2032 = CARTESIAN_POINT ( 'NONE',  ( -65.49999999999998579, -160.8998488283339157, -135.2999999999999829 ) ) ;
#2033 = DIRECTION ( 'NONE',  ( -1.000000000000000000, 0.000000000000000000, 3.083952846180988308E-16 ) ) ;
#2034 = AXIS2_PLACEMENT_3D ( 'NONE', #1126, #1820, #2523 ) ;
#2035 = EDGE_CURVE ( 'NONE', #1624, #2253, #312, .T. ) ;
#2036 = CARTESIAN_POINT ( 'NONE',  ( -50.49999999999997868, -26.99999999999996447, -105.7000000000000881 ) ) ;
#2037 = AXIS2_PLACEMENT_3D ( 'NONE', #1688, #758, #1212 ) ;
#2038 = ORIENTED_EDGE ( 'NONE', *, *, #1243, .T. ) ;
#2039 = AXIS2_PLACEMENT_3D ( 'NONE', #1499, #2421, #337 ) ;
#2040 = CARTESIAN_POINT ( 'NONE',  ( -29.08578643762682603, -47.12997571504072880, -121.1142135623731519 ) ) ;
#2041 = DIRECTION ( 'NONE',  ( -2.465190328815661892E-32, 1.000000000000000000, -7.602530730928908144E-48 ) ) ;
#2042 = VECTOR ( 'NONE', #465, 1000.000000000000000 ) ;
#2043 = CIRCLE ( 'NONE', #1715, 2.000000000000001776 ) ;
#2044 = ORIENTED_EDGE ( 'NONE', *, *, #785, .F. ) ;
#2045 = VECTOR ( 'NONE', #404, 1000.000000000000000 ) ;
#2046 = ORIENTED_EDGE ( 'NONE', *, *, #452, .T. ) ;
#2047 = ORIENTED_EDGE ( 'NONE', *, *, #1448, .T. ) ;
#2048 = SURFACE_STYLE_FILL_AREA ( #2265 ) ;
#2049 = EDGE_LOOP ( 'NONE', ( #1094, #1732, #2111, #264 ) ) ;
#2050 = CARTESIAN_POINT ( 'NONE',  ( -53.00000000000000711, -22.60000000000001563, -130.2000000000001023 ) ) ;
#2051 = DIRECTION ( 'NONE',  ( 0.000000000000000000, 0.8660254037844391517, -0.4999999999999989453 ) ) ;
#2052 = DIRECTION ( 'NONE',  ( -1.000000000000000000, 0.000000000000000000, -0.000000000000000000 ) ) ;
#2053 = CARTESIAN_POINT ( 'NONE',  ( -35.49999999999993605, -23.60000000000000853, -135.2999999999999829 ) ) ;
#2054 = EDGE_LOOP ( 'NONE', ( #381, #1698, #1663, #1136, #308, #659, #2376, #2354, #2319, #644 ) ) ;
#2055 = CARTESIAN_POINT ( 'NONE',  ( -4.437797431580829093E-14, -22.80000000000001492, -143.8996525863348950 ) ) ;
#2056 = EDGE_CURVE ( 'NONE', #951, #1802, #75, .T. ) ;
#2057 = DIRECTION ( 'NONE',  ( 0.000000000000000000, 1.000000000000000000, 0.000000000000000000 ) ) ;
#2058 = CARTESIAN_POINT ( 'NONE',  ( -65.49999999999997158, -14.60000000000001563, -105.7000000000001023 ) ) ;
#2059 = EDGE_CURVE ( 'NONE', #2262, #1454, #2846, .T. ) ;
#2060 = ORIENTED_EDGE ( 'NONE', *, *, #2477, .F. ) ;
#2061 = VERTEX_POINT ( 'NONE', #1239 ) ;
#2062 = FACE_OUTER_BOUND ( 'NONE', #234, .T. ) ;
#2063 = ORIENTED_EDGE ( 'NONE', *, *, #918, .T. ) ;
#2064 = FACE_BOUND ( 'NONE', #2691, .T. ) ;
#2065 = DIRECTION ( 'NONE',  ( 2.077128888316875075E-16, -0.7071067811865514585, -0.7071067811865435759 ) ) ;
#2066 = EDGE_CURVE ( 'NONE', #1150, #478, #1519, .T. ) ;
#2067 = ORIENTED_EDGE ( 'NONE', *, *, #2107, .F. ) ;
#2068 = ADVANCED_FACE ( 'NONE', ( #1453 ), #1227, .T. ) ;
#2069 = ORIENTED_EDGE ( 'NONE', *, *, #374, .F. ) ;
#2070 = CARTESIAN_POINT ( 'NONE',  ( -35.49999999999993605, -26.60000000000001918, -131.8358983848622188 ) ) ;
#2071 = ORIENTED_EDGE ( 'NONE', *, *, #1397, .F. ) ;
#2072 = LINE ( 'NONE', #1573, #1759 ) ;
#2073 = EDGE_LOOP ( 'NONE', ( #221, #2821, #507, #276 ) ) ;
#2074 = ORIENTED_EDGE ( 'NONE', *, *, #2056, .T. ) ;
#2075 = DIRECTION ( 'NONE',  ( 0.000000000000000000, 0.2428303037216977822, 0.9700687829192463640 ) ) ;
#2076 = CARTESIAN_POINT ( 'NONE',  ( 68.49999999999997158, -26.99999999999991473, -105.7000000000000881 ) ) ;
#2077 = LINE ( 'NONE', #2040, #2642 ) ;
#2078 = LINE ( 'NONE', #698, #1568 ) ;
#2079 = VECTOR ( 'NONE', #1800, 1000.000000000000000 ) ;
#2080 = CIRCLE ( 'NONE', #1268, 2.000000000000001776 ) ;
#2081 = VECTOR ( 'NONE', #1068, 1000.000000000000000 ) ;
#2082 = AXIS2_PLACEMENT_3D ( 'NONE', #389, #1323, #2496 ) ;
#2083 = EDGE_CURVE ( 'NONE', #988, #1159, #2628, .T. ) ;
#2084 = DIRECTION ( 'NONE',  ( -1.000000000000000000, 0.000000000000000000, -0.000000000000000000 ) ) ;
#2085 = VECTOR ( 'NONE', #2388, 1000.000000000000000 ) ;
#2086 = ORIENTED_EDGE ( 'NONE', *, *, #2685, .F. ) ;
#2087 = AXIS2_PLACEMENT_3D ( 'NONE', #2676, #1730, #360 ) ;
#2088 = DIRECTION ( 'NONE',  ( 1.000000000000000000, -0.000000000000000000, 6.546126324440819108E-16 ) ) ;
#2089 = ORIENTED_EDGE ( 'NONE', *, *, #2707, .T. ) ;
#2090 = DIRECTION ( 'NONE',  ( -1.000000000000000000, 0.000000000000000000, -0.000000000000000000 ) ) ;
#2091 = ORIENTED_EDGE ( 'NONE', *, *, #2357, .T. ) ;
#2092 = EDGE_CURVE ( 'NONE', #2877, #2500, #492, .T. ) ;
#2093 = EDGE_CURVE ( 'NONE', #1707, #1419, #886, .T. ) ;
#2094 = VERTEX_POINT ( 'NONE', #2191 ) ;
#2095 = CARTESIAN_POINT ( 'NONE',  ( -65.49999999999998579, -26.80000000000003979, -153.7999999999999829 ) ) ;
#2096 = EDGE_CURVE ( 'NONE', #2757, #2647, #2881, .T. ) ;
#2097 = CARTESIAN_POINT ( 'NONE',  ( -50.49999999999997868, -32.00000000000000000, -110.7000000000001734 ) ) ;
#2098 = VERTEX_POINT ( 'NONE', #1718 ) ;
#2099 = FACE_OUTER_BOUND ( 'NONE', #765, .T. ) ;
#2100 = LINE ( 'NONE', #2771, #1040 ) ;
#2101 = FACE_OUTER_BOUND ( 'NONE', #1356, .T. ) ;
#2102 = EDGE_LOOP ( 'NONE', ( #50, #2515, #1023, #1978 ) ) ;
#2103 = ORIENTED_EDGE ( 'NONE', *, *, #374, .T. ) ;
#2104 = CARTESIAN_POINT ( 'NONE',  ( -65.49999999999997158, 114.4343466423975144, -108.7000000000001307 ) ) ;
#2105 = ORIENTED_EDGE ( 'NONE', *, *, #2452, .F. ) ;
#2106 = ORIENTED_EDGE ( 'NONE', *, *, #1146, .F. ) ;
#2107 = EDGE_CURVE ( 'NONE', #1929, #514, #2830, .T. ) ;
#2108 = CARTESIAN_POINT ( 'NONE',  ( 35.49999999999993605, -47.12997571504072880, 0.000000000000000000 ) ) ;
#2109 = CARTESIAN_POINT ( 'NONE',  ( 75.09999999999995168, -27.60000000000001208, -75.10000000000006537 ) ) ;
#2110 = EDGE_CURVE ( 'NONE', #2253, #1614, #93, .T. ) ;
#2111 = ORIENTED_EDGE ( 'NONE', *, *, #1197, .F. ) ;
#2112 = FACE_OUTER_BOUND ( 'NONE', #580, .T. ) ;
#2113 = DIRECTION ( 'NONE',  ( 0.000000000000000000, -1.442597485219800976E-16, -1.000000000000000000 ) ) ;
#2114 = EDGE_LOOP ( 'NONE', ( #2418, #523, #1447, #1894 ) ) ;
#2115 = ORIENTED_EDGE ( 'NONE', *, *, #2473, .T. ) ;
#2116 = EDGE_LOOP ( 'NONE', ( #1739, #470, #220, #2463, #1129, #2517, #1402, #2285 ) ) ;
#2117 = ORIENTED_EDGE ( 'NONE', *, *, #1246, .F. ) ;
#2118 = CARTESIAN_POINT ( 'NONE',  ( -25.49999999999995737, -99.83410035229775303, -91.28622164017204454 ) ) ;
#2119 = DIRECTION ( 'NONE',  ( 0.000000000000000000, -0.5000000000000009992, -0.8660254037844380415 ) ) ;
#2120 = EDGE_CURVE ( 'NONE', #2526, #1687, #2733, .T. ) ;
#2121 = CARTESIAN_POINT ( 'NONE',  ( -65.49999999999998579, -21.67303296707959603, -149.1187127865819946 ) ) ;
#2122 = LINE ( 'NONE', #986, #2132 ) ;
#2123 = EDGE_LOOP ( 'NONE', ( #2221, #2524, #2402, #552, #2251, #252, #2579 ) ) ;
#2124 = DIRECTION ( 'NONE',  ( -1.000000000000000000, 0.000000000000000000, -0.000000000000000000 ) ) ;
#2125 = DIRECTION ( 'NONE',  ( 0.000000000000000000, 0.000000000000000000, -1.000000000000000000 ) ) ;
#2126 = ADVANCED_FACE ( 'NONE', ( #81 ), #328, .T. ) ;
#2127 = AXIS2_PLACEMENT_3D ( 'NONE', #2121, #1904, #2845 ) ;
#2128 = CARTESIAN_POINT ( 'NONE',  ( -35.49999999999993605, -23.60000000000001208, 0.000000000000000000 ) ) ;
#2129 = AXIS2_PLACEMENT_3D ( 'NONE', #1145, #481, #421 ) ;
#2130 = CARTESIAN_POINT ( 'NONE',  ( 0.000000000000000000, -22.60000000000001563, -114.2000000000000881 ) ) ;
#2131 = EDGE_LOOP ( 'NONE', ( #2546, #666, #1417, #629, #430, #2029 ) ) ;
#2132 = VECTOR ( 'NONE', #89, 1000.000000000000000 ) ;
#2133 = VECTOR ( 'NONE', #1042, 1000.000000000000000 ) ;
#2134 = DIRECTION ( 'NONE',  ( 0.000000000000000000, 0.000000000000000000, -1.000000000000000000 ) ) ;
#2135 = CIRCLE ( 'NONE', #15, 2.000000000000001776 ) ;
#2136 = AXIS2_PLACEMENT_3D ( 'NONE', #1203, #528, #260 ) ;
#2137 = ORIENTED_EDGE ( 'NONE', *, *, #1877, .F. ) ;
#2138 = DIRECTION ( 'NONE',  ( -1.000000000000000000, 1.543967230958434570E-16, 3.083952846180988308E-16 ) ) ;
#2139 = CARTESIAN_POINT ( 'NONE',  ( 29.08578643762682603, -28.60000000000001563, -121.1142135623731519 ) ) ;
#2140 = AXIS2_PLACEMENT_3D ( 'NONE', #1694, #1237, #2536 ) ;
#2141 = AXIS2_PLACEMENT_3D ( 'NONE', #1255, #1475, #1038 ) ;
#2142 = DIRECTION ( 'NONE',  ( 2.885194970439601459E-16, 0.000000000000000000, 1.000000000000000000 ) ) ;
#2143 = CARTESIAN_POINT ( 'NONE',  ( -53.00000000000000711, -52.78677324489567013, 0.000000000000000000 ) ) ;
#2144 = DIRECTION ( 'NONE',  ( 0.000000000000000000, -0.8660254037844391517, 0.4999999999999990008 ) ) ;
#2145 = LINE ( 'NONE', #1700, #214 ) ;
#2146 = LINE ( 'NONE', #128, #1267 ) ;
#2147 = ORIENTED_EDGE ( 'NONE', *, *, #579, .T. ) ;
#2148 = EDGE_CURVE ( 'NONE', #49, #121, #776, .T. ) ;
#2149 = CARTESIAN_POINT ( 'NONE',  ( 35.49999999999993605, -20.60000000000001563, -135.2999999999999829 ) ) ;
#2150 = CARTESIAN_POINT ( 'NONE',  ( -64.99999999999965894, -52.78677324489567013, 1.718202300015113721E-13 ) ) ;
#2151 = CARTESIAN_POINT ( 'NONE',  ( -65.00000000000000000, -28.60000000000001563, -130.2000000000001023 ) ) ;
#2152 = EDGE_CURVE ( 'NONE', #1181, #1550, #2146, .T. ) ;
#2153 = ORIENTED_EDGE ( 'NONE', *, *, #1264, .F. ) ;
#2154 = ORIENTED_EDGE ( 'NONE', *, *, #355, .F. ) ;
#2155 = DIRECTION ( 'NONE',  ( -1.806229940874179641E-16, -0.8992041110872029952, -0.4375293894172972986 ) ) ;
#2156 = CARTESIAN_POINT ( 'NONE',  ( 68.49999999999994316, -18.05000000000001492, 2.017315848641881928E-14 ) ) ;
#2157 = CARTESIAN_POINT ( 'NONE',  ( -35.49999999999993605, -27.60000000000001208, 0.000000000000000000 ) ) ;
#2158 = FACE_OUTER_BOUND ( 'NONE', #188, .T. ) ;
#2159 = DIRECTION ( 'NONE',  ( 0.000000000000000000, 0.000000000000000000, 1.000000000000000000 ) ) ;
#2160 = DIRECTION ( 'NONE',  ( -2.465190328815661892E-32, 1.000000000000000000, -7.602530730928908144E-48 ) ) ;
#2161 = DIRECTION ( 'NONE',  ( -2.937503844654690540E-16, 0.000000000000000000, -1.000000000000000000 ) ) ;
#2162 = DIRECTION ( 'NONE',  ( 1.000000000000000000, 0.000000000000000000, 2.885194970439601952E-16 ) ) ;
#2163 = LINE ( 'NONE', #2901, #2229 ) ;
#2164 = ADVANCED_FACE ( 'NONE', ( #1504 ), #2425, .T. ) ;
#2165 = DIRECTION ( 'NONE',  ( 0.000000000000000000, 0.000000000000000000, 1.000000000000000000 ) ) ;
#2166 = ORIENTED_EDGE ( 'NONE', *, *, #1193, .F. ) ;
#2167 = CARTESIAN_POINT ( 'NONE',  ( -31.91421356237302831, -47.12997571504072880, -121.1142135623731519 ) ) ;
#2168 = EDGE_CURVE ( 'NONE', #1614, #2543, #2206, .T. ) ;
#2169 = CARTESIAN_POINT ( 'NONE',  ( 0.000000000000000000, -52.78677324489567013, -114.2000000000000881 ) ) ;
#2170 = ORIENTED_EDGE ( 'NONE', *, *, #576, .F. ) ;
#2171 = DIRECTION ( 'NONE',  ( 0.000000000000000000, 0.000000000000000000, -1.000000000000000000 ) ) ;
#2172 = DIRECTION ( 'NONE',  ( 0.000000000000000000, 0.000000000000000000, -1.000000000000000000 ) ) ;
#2173 = CARTESIAN_POINT ( 'NONE',  ( 35.49999999999993605, -27.60000000000001208, -130.1038475772933509 ) ) ;
#2174 = CARTESIAN_POINT ( 'NONE',  ( 35.49999999999992895, -27.60000000000001208, -124.7000000000000313 ) ) ;
#2175 = DIRECTION ( 'NONE',  ( 0.000000000000000000, 0.000000000000000000, -1.000000000000000000 ) ) ;
#2176 = CARTESIAN_POINT ( 'NONE',  ( 65.49999999999998579, -22.80000000000001492, -141.0000000000000000 ) ) ;
#2177 = CARTESIAN_POINT ( 'NONE',  ( 0.000000000000000000, -23.60000000000000853, -135.2999999999999829 ) ) ;
#2178 = ORIENTED_EDGE ( 'NONE', *, *, #464, .T. ) ;
#2179 = EDGE_CURVE ( 'NONE', #1251, #2942, #2617, .T. ) ;
#2180 = AXIS2_PLACEMENT_3D ( 'NONE', #2108, #1139, #1598 ) ;
#2181 = LINE ( 'NONE', #133, #500 ) ;
#2182 = AXIS2_PLACEMENT_3D ( 'NONE', #772, #1472, #823 ) ;
#2183 = ORIENTED_EDGE ( 'NONE', *, *, #785, .T. ) ;
#2184 = CARTESIAN_POINT ( 'NONE',  ( -68.50000000000001421, -18.17742825450812205, -145.1383550522259043 ) ) ;
#2185 = EDGE_CURVE ( 'NONE', #166, #796, #526, .T. ) ;
#2186 = EDGE_CURVE ( 'NONE', #1375, #937, #2520, .T. ) ;
#2187 = VECTOR ( 'NONE', #1380, 1000.000000000000000 ) ;
#2188 = CARTESIAN_POINT ( 'NONE',  ( 6.243972382727714370E-30, -22.60000000000000853, -108.7000000000001165 ) ) ;
#2189 = VECTOR ( 'NONE', #1864, 1000.000000000000000 ) ;
#2190 = LINE ( 'NONE', #1082, #2836 ) ;
#2191 = CARTESIAN_POINT ( 'NONE',  ( -65.49999999999997158, -20.60000000000001563, -105.7000000000000881 ) ) ;
#2192 = VERTEX_POINT ( 'NONE', #2493 ) ;
#2193 = LINE ( 'NONE', #2427, #2884 ) ;
#2194 = CARTESIAN_POINT ( 'NONE',  ( 65.49999999999995737, 39.35000000000023590, -39.35000000000065512 ) ) ;
#2195 = ORIENTED_EDGE ( 'NONE', *, *, #175, .T. ) ;
#2196 = FACE_OUTER_BOUND ( 'NONE', #2116, .T. ) ;
#2197 = ORIENTED_EDGE ( 'NONE', *, *, #2290, .T. ) ;
#2198 = CARTESIAN_POINT ( 'NONE',  ( 0.000000000000000000, -28.60000000000001563, -109.2000000000000881 ) ) ;
#2199 = EDGE_LOOP ( 'NONE', ( #33, #2371, #665, #935, #185, #1703, #1893, #28 ) ) ;
#2200 = DIRECTION ( 'NONE',  ( 1.000000000000000000, -0.000000000000000000, -6.546126324440819108E-16 ) ) ;
#2201 = EDGE_CURVE ( 'NONE', #2757, #2795, #13, .T. ) ;
#2202 = DIRECTION ( 'NONE',  ( -0.000000000000000000, -1.000000000000000000, -0.000000000000000000 ) ) ;
#2203 = DIRECTION ( 'NONE',  ( 1.000000000000000000, 0.000000000000000000, -3.083952846180988308E-16 ) ) ;
#2204 = CARTESIAN_POINT ( 'NONE',  ( 25.49999999999993250, -47.12997571504072880, -124.7000000000000313 ) ) ;
#2205 = ADVANCED_FACE ( 'NONE', ( #1816, #429 ), #2245, .F. ) ;
#2206 = LINE ( 'NONE', #2913, #736 ) ;
#2207 = CARTESIAN_POINT ( 'NONE',  ( -30.50000000000002487, -27.60000000000001208, -127.2000000000000313 ) ) ;
#2208 = CARTESIAN_POINT ( 'NONE',  ( 39.30000000000009663, -64.48661856601715670, -111.6940997646564711 ) ) ;
#2209 = ORIENTED_EDGE ( 'NONE', *, *, #1989, .F. ) ;
#2210 = EDGE_LOOP ( 'NONE', ( #486, #2508 ) ) ;
#2211 = ORIENTED_EDGE ( 'NONE', *, *, #269, .T. ) ;
#2212 = CARTESIAN_POINT ( 'NONE',  ( 65.49999999999998579, -23.60000000000000853, -140.8996525863346960 ) ) ;
#2213 = DIRECTION ( 'NONE',  ( 1.000000000000000000, 8.443554192449943098E-32, 3.083952846180988308E-16 ) ) ;
#2214 = PLANE ( 'NONE',  #739 ) ;
#2215 = EDGE_CURVE ( 'NONE', #1610, #1808, #1537, .T. ) ;
#2216 = LINE ( 'NONE', #182, #1473 ) ;
#2217 = DIRECTION ( 'NONE',  ( 1.000000000000000000, 0.000000000000000000, 2.885194970439601952E-16 ) ) ;
#2218 = ORIENTED_EDGE ( 'NONE', *, *, #501, .T. ) ;
#2219 = FACE_OUTER_BOUND ( 'NONE', #1407, .T. ) ;
#2220 = EDGE_CURVE ( 'NONE', #478, #1150, #1420, .T. ) ;
#2221 = ORIENTED_EDGE ( 'NONE', *, *, #1712, .F. ) ;
#2222 = VERTEX_POINT ( 'NONE', #1351 ) ;
#2223 =( NAMED_UNIT ( * ) SI_UNIT ( $, .STERADIAN. ) SOLID_ANGLE_UNIT ( ) );
#2224 = EDGE_LOOP ( 'NONE', ( #1289, #2596, #2071, #1256 ) ) ;
#2225 = VECTOR ( 'NONE', #882, 1000.000000000000000 ) ;
#2226 = VECTOR ( 'NONE', #1313, 1000.000000000000000 ) ;
#2227 = DIRECTION ( 'NONE',  ( 3.994651572012802431E-32, -1.000000000000000000, 1.442597485219800730E-16 ) ) ;
#2228 = LINE ( 'NONE', #371, #113 ) ;
#2229 = VECTOR ( 'NONE', #1745, 1000.000000000000000 ) ;
#2230 = CIRCLE ( 'NONE', #737, 2.000000000000001776 ) ;
#2231 = DIRECTION ( 'NONE',  ( 0.000000000000000000, 1.000000000000000000, 0.000000000000000000 ) ) ;
#2232 = VECTOR ( 'NONE', #1681, 1000.000000000000000 ) ;
#2233 = VECTOR ( 'NONE', #1603, 1000.000000000000000 ) ;
#2234 = ORIENTED_EDGE ( 'NONE', *, *, #2710, .F. ) ;
#2235 = PLANE ( 'NONE',  #1131 ) ;
#2236 = EDGE_CURVE ( 'NONE', #864, #2900, #1318, .T. ) ;
#2237 = CYLINDRICAL_SURFACE ( 'NONE', #2903, 5.000000000000004441 ) ;
#2238 = EDGE_CURVE ( 'NONE', #2262, #2918, #2941, .T. ) ;
#2239 = ORIENTED_EDGE ( 'NONE', *, *, #597, .F. ) ;
#2240 = ORIENTED_EDGE ( 'NONE', *, *, #2093, .T. ) ;
#2241 = DIRECTION ( 'NONE',  ( 1.000000000000000000, 0.000000000000000000, 2.885194970439601952E-16 ) ) ;
#2242 = LINE ( 'NONE', #1518, #1997 ) ;
#2243 = CARTESIAN_POINT ( 'NONE',  ( 50.49999999999997868, -22.60000000000001563, 0.000000000000000000 ) ) ;
#2244 = CARTESIAN_POINT ( 'NONE',  ( -30.50000000000002487, -47.12997571504072880, -127.2000000000000313 ) ) ;
#2245 = PLANE ( 'NONE',  #2932 ) ;
#2246 = ORIENTED_EDGE ( 'NONE', *, *, #1431, .F. ) ;
#2247 = DIRECTION ( 'NONE',  ( -2.885194970439601459E-16, 0.000000000000000000, -1.000000000000000000 ) ) ;
#2248 = ORIENTED_EDGE ( 'NONE', *, *, #2168, .T. ) ;
#2249 = ADVANCED_FACE ( 'NONE', ( #1984 ), #2013, .F. ) ;
#2250 = ORIENTED_EDGE ( 'NONE', *, *, #2996, .T. ) ;
#2251 = ORIENTED_EDGE ( 'NONE', *, *, #2269, .F. ) ;
#2252 = PLANE ( 'NONE',  #1324 ) ;
#2253 = VERTEX_POINT ( 'NONE', #2025 ) ;
#2254 = EDGE_CURVE ( 'NONE', #2381, #295, #1549, .T. ) ;
#2255 = DIRECTION ( 'NONE',  ( 1.000000000000000000, 0.000000000000000000, 0.000000000000000000 ) ) ;
#2256 = CARTESIAN_POINT ( 'NONE',  ( -53.00000000000000711, -52.78677324489567013, -130.2000000000001023 ) ) ;
#2257 = CARTESIAN_POINT ( 'NONE',  ( 68.49999999999994316, -18.17742825450812205, -145.1383550522258759 ) ) ;
#2258 = CARTESIAN_POINT ( 'NONE',  ( 65.49999999999998579, -20.60000000000001563, -138.7999999999999829 ) ) ;
#2259 = VERTEX_POINT ( 'NONE', #636 ) ;
#2260 = CARTESIAN_POINT ( 'NONE',  ( 65.49999999999998579, -22.80000000000001492, -141.0000000000000000 ) ) ;
#2261 = FACE_OUTER_BOUND ( 'NONE', #333, .T. ) ;
#2262 = VERTEX_POINT ( 'NONE', #2258 ) ;
#2263 = EDGE_CURVE ( 'NONE', #719, #1601, #2698, .T. ) ;
#2264 = ORIENTED_EDGE ( 'NONE', *, *, #2811, .F. ) ;
#2265 = FILL_AREA_STYLE ('',( #2300 ) ) ;
#2266 = ORIENTED_EDGE ( 'NONE', *, *, #1506, .T. ) ;
#2267 = AXIS2_PLACEMENT_3D ( 'NONE', #866, #170, #137 ) ;
#2268 = EDGE_CURVE ( 'NONE', #660, #2499, #610, .T. ) ;
#2269 = EDGE_CURVE ( 'NONE', #747, #1119, #419, .T. ) ;
#2270 = CARTESIAN_POINT ( 'NONE',  ( -68.49999999999997158, 1.602373713730178828E-30, -105.7000000000000881 ) ) ;
#2271 = DIRECTION ( 'NONE',  ( 1.000000000000000000, 0.000000000000000000, 0.000000000000000000 ) ) ;
#2272 = CIRCLE ( 'NONE', #2929, 2.000000000000001776 ) ;
#2273 = CIRCLE ( 'NONE', #2533, 1.750000000000001554 ) ;
#2274 = CARTESIAN_POINT ( 'NONE',  ( 65.49999999999998579, -22.80000000000001492, -153.7999999999999829 ) ) ;
#2275 = VECTOR ( 'NONE', #1731, 1000.000000000000000 ) ;
#2276 = CARTESIAN_POINT ( 'NONE',  ( 65.49999999999995737, -78.34965579320700613, -31.65531572561272000 ) ) ;
#2277 = AXIS2_PLACEMENT_3D ( 'NONE', #1479, #2399, #1258 ) ;
#2278 = DIRECTION ( 'NONE',  ( 1.000000000000000000, -4.542510484243382359E-33, -3.083952846180988308E-16 ) ) ;
#2279 = LINE ( 'NONE', #2326, #1090 ) ;
#2280 = AXIS2_PLACEMENT_3D ( 'NONE', #2951, #1546, #856 ) ;
#2281 = AXIS2_PLACEMENT_3D ( 'NONE', #2615, #1035, #2848 ) ;
#2282 = PRODUCT ( 'FrontWingBuggy', 'FrontWingBuggy', '', ( #1346 ) ) ;
#2283 = VECTOR ( 'NONE', #2871, 1000.000000000000114 ) ;
#2284 = LINE ( 'NONE', #1158, #1514 ) ;
#2285 = ORIENTED_EDGE ( 'NONE', *, *, #1026, .T. ) ;
#2286 = EDGE_LOOP ( 'NONE', ( #532, #1629, #2420, #61 ) ) ;
#2287 = ORIENTED_EDGE ( 'NONE', *, *, #2005, .F. ) ;
#2288 = CARTESIAN_POINT ( 'NONE',  ( 50.49999999999997868, 114.4343466423975144, -108.7000000000001165 ) ) ;
#2289 = FACE_OUTER_BOUND ( 'NONE', #845, .T. ) ;
#2290 = EDGE_CURVE ( 'NONE', #2757, #611, #1580, .T. ) ;
#2291 = LINE ( 'NONE', #926, #2042 ) ;
#2292 = DIRECTION ( 'NONE',  ( 0.000000000000000000, 1.000000000000000000, -0.000000000000000000 ) ) ;
#2293 = LINE ( 'NONE', #1364, #984 ) ;
#2294 = LINE ( 'NONE', #2510, #2982 ) ;
#2295 = EDGE_CURVE ( 'NONE', #319, #2098, #3007, .T. ) ;
#2296 = ORIENTED_EDGE ( 'NONE', *, *, #657, .T. ) ;
#2297 = DIRECTION ( 'NONE',  ( 1.000000000000000000, 0.000000000000000000, 0.000000000000000000 ) ) ;
#2298 = ORIENTED_EDGE ( 'NONE', *, *, #120, .T. ) ;
#2299 = ORIENTED_EDGE ( 'NONE', *, *, #766, .T. ) ;
#2300 = FILL_AREA_STYLE_COLOUR ( '', #394 ) ;
#2301 = ORIENTED_EDGE ( 'NONE', *, *, #241, .F. ) ;
#2302 = EDGE_LOOP ( 'NONE', ( #2345, #2296, #1311, #751, #711, #246, #1011, #439 ) ) ;
#2303 = PLANE ( 'NONE',  #1560 ) ;
#2304 = DIRECTION ( 'NONE',  ( 0.000000000000000000, -1.442597485219800730E-16, -1.000000000000000000 ) ) ;
#2305 = FACE_OUTER_BOUND ( 'NONE', #485, .T. ) ;
#2306 = LINE ( 'NONE', #233, #938 ) ;
#2307 = EDGE_CURVE ( 'NONE', #2918, #530, #2306, .T. ) ;
#2308 = DIRECTION ( 'NONE',  ( -1.000000000000000000, -2.465190328815661892E-32, -2.937503844654690540E-16 ) ) ;
#2309 = PLANE ( 'NONE',  #892 ) ;
#2310 = LINE ( 'NONE', #1033, #587 ) ;
#2311 = EDGE_LOOP ( 'NONE', ( #362, #714, #703, #2337, #495, #701, #1915, #859 ) ) ;
#2312 = EDGE_CURVE ( 'NONE', #2701, #2969, #2566, .T. ) ;
#2313 = EDGE_CURVE ( 'NONE', #1181, #562, #1165, .T. ) ;
#2314 = DIRECTION ( 'NONE',  ( -1.000000000000000000, 2.465190328815661892E-32, 2.937503844654690540E-16 ) ) ;
#2315 = ORIENTED_EDGE ( 'NONE', *, *, #266, .F. ) ;
#2316 = FACE_OUTER_BOUND ( 'NONE', #1401, .T. ) ;
#2317 = ORIENTED_EDGE ( 'NONE', *, *, #515, .T. ) ;
#2318 = PLANE ( 'NONE',  #548 ) ;
#2319 = ORIENTED_EDGE ( 'NONE', *, *, #1034, .F. ) ;
#2320 = CARTESIAN_POINT ( 'NONE',  ( 35.49999999999993605, -28.60000000000001563, -131.2585481156725962 ) ) ;
#2321 = DIRECTION ( 'NONE',  ( 3.273063162220402652E-16, -0.8660254037844391517, 0.4999999999999989453 ) ) ;
#2322 = VECTOR ( 'NONE', #2920, 1000.000000000000000 ) ;
#2323 = PLANE ( 'NONE',  #1228 ) ;
#2324 = VERTEX_POINT ( 'NONE', #2076 ) ;
#2325 = CARTESIAN_POINT ( 'NONE',  ( 0.000000000000000000, -22.80000000000001492, -141.0000000000000000 ) ) ;
#2326 = CARTESIAN_POINT ( 'NONE',  ( 68.49999999999995737, 39.35000000000023590, -39.35000000000065512 ) ) ;
#2327 = VECTOR ( 'NONE', #1905, 1000.000000000000000 ) ;
#2328 = VECTOR ( 'NONE', #2509, 1000.000000000000000 ) ;
#2329 = ORIENTED_EDGE ( 'NONE', *, *, #1566, .T. ) ;
#2330 = AXIS2_PLACEMENT_3D ( 'NONE', #505, #69, #2643 ) ;
#2331 = VECTOR ( 'NONE', #1416, 1000.000000000000000 ) ;
#2332 = EDGE_CURVE ( 'NONE', #2785, #3008, #477, .T. ) ;
#2333 = DIRECTION ( 'NONE',  ( 1.806229940874179641E-16, -0.8992041110872029952, -0.4375293894172972986 ) ) ;
#2334 = VERTEX_POINT ( 'NONE', #2053 ) ;
#2335 = CIRCLE ( 'NONE', #980, 5.000000000000004441 ) ;
#2336 = CARTESIAN_POINT ( 'NONE',  ( -64.99999999999965894, -28.60000000000001563, 1.718202300015113721E-13 ) ) ;
#2337 = ORIENTED_EDGE ( 'NONE', *, *, #10, .T. ) ;
#2338 = CARTESIAN_POINT ( 'NONE',  ( 25.49999999999993250, -27.60000000000001208, -124.7000000000000313 ) ) ;
#2339 = VERTEX_POINT ( 'NONE', #960 ) ;
#2340 = ADVANCED_FACE ( 'NONE', ( #1874 ), #2323, .F. ) ;
#2341 = ORIENTED_EDGE ( 'NONE', *, *, #1234, .F. ) ;
#2342 = FACE_OUTER_BOUND ( 'NONE', #2054, .T. ) ;
#2343 = DIRECTION ( 'NONE',  ( 0.000000000000000000, -0.4999999999999990008, -0.8660254037844392627 ) ) ;
#2344 = DIRECTION ( 'NONE',  ( -1.285244263562730315E-16, -0.8992041110872031062, -0.4375293894172972986 ) ) ;
#2345 = ORIENTED_EDGE ( 'NONE', *, *, #1597, .T. ) ;
#2346 = CYLINDRICAL_SURFACE ( 'NONE', #65, 2.000000000000001776 ) ;
#2347 = FACE_OUTER_BOUND ( 'NONE', #588, .T. ) ;
#2348 = EDGE_LOOP ( 'NONE', ( #947, #1884, #1572, #2726 ) ) ;
#2349 = CARTESIAN_POINT ( 'NONE',  ( -142.5000000000000568, -21.67303296707959603, -149.1187127865820230 ) ) ;
#2350 = ORIENTED_EDGE ( 'NONE', *, *, #2529, .F. ) ;
#2351 = ORIENTED_EDGE ( 'NONE', *, *, #2056, .F. ) ;
#2352 = EDGE_CURVE ( 'NONE', #1596, #1293, #946, .T. ) ;
#2353 = PLANE ( 'NONE',  #1950 ) ;
#2354 = ORIENTED_EDGE ( 'NONE', *, *, #2419, .T. ) ;
#2355 = LINE ( 'NONE', #508, #687 ) ;
#2356 = CARTESIAN_POINT ( 'NONE',  ( 30.49999999999992184, -47.12997571504072880, -120.5284271247462300 ) ) ;
#2357 = EDGE_CURVE ( 'NONE', #38, #830, #2291, .T. ) ;
#2358 = DIRECTION ( 'NONE',  ( 0.000000000000000000, 0.000000000000000000, -1.000000000000000000 ) ) ;
#2359 = ORIENTED_EDGE ( 'NONE', *, *, #4, .F. ) ;
#2360 = CARTESIAN_POINT ( 'NONE',  ( -65.49999999999998579, -32.00000000000000711, -146.3747394397509254 ) ) ;
#2361 = LINE ( 'NONE', #558, #1652 ) ;
#2362 = UNCERTAINTY_MEASURE_WITH_UNIT (LENGTH_MEASURE( 1.000000000000000082E-05 ), #2716, 'distance_accuracy_value', 'NONE');
#2363 = ORIENTED_EDGE ( 'NONE', *, *, #41, .F. ) ;
#2364 = PLANE ( 'NONE',  #2037 ) ;
#2365 = ORIENTED_EDGE ( 'NONE', *, *, #2254, .T. ) ;
#2366 = VERTEX_POINT ( 'NONE', #1395 ) ;
#2367 = FACE_OUTER_BOUND ( 'NONE', #34, .T. ) ;
#2368 = ADVANCED_FACE ( 'NONE', ( #14 ), #1860, .F. ) ;
#2369 = CARTESIAN_POINT ( 'NONE',  ( 65.50000000000000000, -160.8998488283339157, -135.2999999999999829 ) ) ;
#2370 = LINE ( 'NONE', #294, #1562 ) ;
#2371 = ORIENTED_EDGE ( 'NONE', *, *, #1340, .T. ) ;
#2372 = DIRECTION ( 'NONE',  ( -1.000000000000000000, 3.083952846181021342E-16, -4.448902620437188836E-32 ) ) ;
#2373 = DIRECTION ( 'NONE',  ( 0.000000000000000000, 0.000000000000000000, -1.000000000000000000 ) ) ;
#2374 = EDGE_CURVE ( 'NONE', #1723, #1251, #2488, .T. ) ;
#2375 = DIRECTION ( 'NONE',  ( -4.004684765861462096E-16, 0.2428303037216977822, 0.9700687829192463640 ) ) ;
#2376 = ORIENTED_EDGE ( 'NONE', *, *, #206, .F. ) ;
#2377 = DIRECTION ( 'NONE',  ( 1.000000000000000000, -0.000000000000000000, 0.000000000000000000 ) ) ;
#2378 = PLANE ( 'NONE',  #2277 ) ;
#2379 = VECTOR ( 'NONE', #538, 1000.000000000000114 ) ;
#2380 = CARTESIAN_POINT ( 'NONE',  ( 53.99999999999995026, -28.60000000000001563, -114.2000000000000881 ) ) ;
#2381 = VERTEX_POINT ( 'NONE', #1439 ) ;
#2382 = VECTOR ( 'NONE', #2451, 1000.000000000000000 ) ;
#2383 = AXIS2_PLACEMENT_3D ( 'NONE', #1958, #2851, #2902 ) ;
#2384 = PLANE ( 'NONE',  #1527 ) ;
#2385 = VECTOR ( 'NONE', #1834, 1000.000000000000000 ) ;
#2386 = VERTEX_POINT ( 'NONE', #2582 ) ;
#2387 = CARTESIAN_POINT ( 'NONE',  ( 65.49999999999997158, -14.60000000000001563, -105.7000000000001023 ) ) ;
#2388 = DIRECTION ( 'NONE',  ( 2.824645215047770936E-32, 0.7071067811865514585, 0.7071067811865435759 ) ) ;
#2389 = AXIS2_PLACEMENT_3D ( 'NONE', #25, #1191, #35 ) ;
#2390 =( LENGTH_UNIT ( ) NAMED_UNIT ( * ) SI_UNIT ( .MILLI., .METRE. ) );
#2391 = CARTESIAN_POINT ( 'NONE',  ( -68.49999999999994316, 22.49036227091552576, -5.629849756243564762 ) ) ;
#2392 = DIRECTION ( 'NONE',  ( 0.000000000000000000, 1.000000000000000000, 0.000000000000000000 ) ) ;
#2393 = VERTEX_POINT ( 'NONE', #1198 ) ;
#2394 = CARTESIAN_POINT ( 'NONE',  ( -25.49999999999992895, -26.60000000000001208, -131.8358983848622188 ) ) ;
#2395 = ADVANCED_FACE ( 'NONE', ( #971 ), #738, .F. ) ;
#2396 = CARTESIAN_POINT ( 'NONE',  ( 68.49999999999997158, -32.00000000000000000, -105.7000000000000881 ) ) ;
#2397 = DIRECTION ( 'NONE',  ( -1.000000000000000000, -0.000000000000000000, 2.885194970439601459E-16 ) ) ;
#2398 = ORIENTED_EDGE ( 'NONE', *, *, #634, .T. ) ;
#2399 = DIRECTION ( 'NONE',  ( 1.000000000000000000, 0.000000000000000000, -2.885194970439601459E-16 ) ) ;
#2400 = EDGE_CURVE ( 'NONE', #1419, #1481, #650, .T. ) ;
#2401 = CARTESIAN_POINT ( 'NONE',  ( -68.50000000000001421, -21.55000000000001847, -142.2426406871193194 ) ) ;
#2402 = ORIENTED_EDGE ( 'NONE', *, *, #1585, .T. ) ;
#2403 = DIRECTION ( 'NONE',  ( -1.000000000000000000, 0.000000000000000000, -0.000000000000000000 ) ) ;
#2404 = ORIENTED_EDGE ( 'NONE', *, *, #709, .F. ) ;
#2405 = PLANE ( 'NONE',  #2441 ) ;
#2406 = LINE ( 'NONE', #1029, #887 ) ;
#2407 = CARTESIAN_POINT ( 'NONE',  ( 65.49999999999995737, 59.09999999999986642, -59.09999999999909903 ) ) ;
#2408 = DIRECTION ( 'NONE',  ( 0.7071067811865479058, 0.000000000000000000, 0.7071067811865470176 ) ) ;
#2409 = CARTESIAN_POINT ( 'NONE',  ( 0.000000000000000000, -28.60000000000001563, 0.000000000000000000 ) ) ;
#2410 = ADVANCED_FACE ( 'NONE', ( #208 ), #1982, .F. ) ;
#2411 = DIRECTION ( 'NONE',  ( 0.000000000000000000, 0.000000000000000000, 1.000000000000000000 ) ) ;
#2412 = VERTEX_POINT ( 'NONE', #372 ) ;
#2413 = CARTESIAN_POINT ( 'NONE',  ( 65.49999999999994316, -18.17742825450812205, -145.1383550522258759 ) ) ;
#2414 = DIRECTION ( 'NONE',  ( -2.593661948651698730E-16, -0.4694715627858931373, -0.8829475928589256561 ) ) ;
#2415 = CARTESIAN_POINT ( 'NONE',  ( 68.49999999999998579, -32.00000000000000711, -146.3747394397509538 ) ) ;
#2416 = ADVANCED_FACE ( 'NONE', ( #1301 ), #2214, .T. ) ;
#2417 = EDGE_CURVE ( 'NONE', #1490, #261, #1140, .T. ) ;
#2418 = ORIENTED_EDGE ( 'NONE', *, *, #787, .T. ) ;
#2419 = EDGE_CURVE ( 'NONE', #2762, #942, #163, .T. ) ;
#2420 = ORIENTED_EDGE ( 'NONE', *, *, #1358, .F. ) ;
#2421 = DIRECTION ( 'NONE',  ( 0.000000000000000000, 1.000000000000000000, -0.000000000000000000 ) ) ;
#2422 = CARTESIAN_POINT ( 'NONE',  ( 25.49999999999992539, -28.60000000000001563, -138.1867513459480676 ) ) ;
#2423 = DIRECTION ( 'NONE',  ( 1.000000000000000000, -0.000000000000000000, 2.885194970439601459E-16 ) ) ;
#2424 = CARTESIAN_POINT ( 'NONE',  ( 68.50000000000000000, -19.80000000000001492, -142.2426406871193194 ) ) ;
#2425 = CYLINDRICAL_SURFACE ( 'NONE', #1658, 2.000000000000001776 ) ;
#2426 = ORIENTED_EDGE ( 'NONE', *, *, #2572, .T. ) ;
#2427 = CARTESIAN_POINT ( 'NONE',  ( -65.49999999999998579, -23.60000000000000853, 0.000000000000000000 ) ) ;
#2428 = LINE ( 'NONE', #286, #1993 ) ;
#2429 = VECTOR ( 'NONE', #2502, 1000.000000000000114 ) ;
#2430 = ORIENTED_EDGE ( 'NONE', *, *, #1888, .T. ) ;
#2431 = AXIS2_PLACEMENT_3D ( 'NONE', #2766, #2534, #1334 ) ;
#2432 = ADVANCED_FACE ( 'NONE', ( #1660, #85 ), #2841, .T. ) ;
#2433 = CARTESIAN_POINT ( 'NONE',  ( 65.49999999999994316, -21.55000000000001492, -144.1426279727569977 ) ) ;
#2434 = VECTOR ( 'NONE', #529, 1000.000000000000000 ) ;
#2435 = ORIENTED_EDGE ( 'NONE', *, *, #709, .T. ) ;
#2436 = AXIS2_PLACEMENT_3D ( 'NONE', #51, #2857, #553 ) ;
#2437 = DIRECTION ( 'NONE',  ( 0.000000000000000000, 1.000000000000000000, -0.000000000000000000 ) ) ;
#2438 = ORIENTED_EDGE ( 'NONE', *, *, #638, .F. ) ;
#2439 = DIRECTION ( 'NONE',  ( 6.938893903907222461E-16, 6.245004513516500018E-15, 1.000000000000000000 ) ) ;
#2440 = EDGE_CURVE ( 'NONE', #942, #2555, #2870, .T. ) ;
#2441 = AXIS2_PLACEMENT_3D ( 'NONE', #2672, #2437, #1064 ) ;
#2442 = VECTOR ( 'NONE', #296, 1000.000000000000000 ) ;
#2443 = CYLINDRICAL_SURFACE ( 'NONE', #1321, 1.750000000000001554 ) ;
#2444 = AXIS2_PLACEMENT_3D ( 'NONE', #1532, #2454, #2485 ) ;
#2445 = FACE_OUTER_BOUND ( 'NONE', #488, .T. ) ;
#2446 = CYLINDRICAL_SURFACE ( 'NONE', #2280, 1.750000000000001554 ) ;
#2447 = DIRECTION ( 'NONE',  ( -0.000000000000000000, 0.000000000000000000, 1.000000000000000000 ) ) ;
#2448 = DIRECTION ( 'NONE',  ( 0.000000000000000000, 0.000000000000000000, 1.000000000000000000 ) ) ;
#2449 = CARTESIAN_POINT ( 'NONE',  ( 65.49999999999994316, -18.05000000000001492, 1.893286493148214150E-14 ) ) ;
#2450 = ORIENTED_EDGE ( 'NONE', *, *, #1927, .F. ) ;
#2451 = DIRECTION ( 'NONE',  ( -1.000000000000000000, 0.000000000000000000, 0.000000000000000000 ) ) ;
#2452 = EDGE_CURVE ( 'NONE', #2514, #933, #1249, .T. ) ;
#2453 = ORIENTED_EDGE ( 'NONE', *, *, #1124, .T. ) ;
#2454 = DIRECTION ( 'NONE',  ( 0.000000000000000000, 0.000000000000000000, 1.000000000000000000 ) ) ;
#2455 = LINE ( 'NONE', #2270, #490 ) ;
#2456 = DIRECTION ( 'NONE',  ( 0.000000000000000000, 0.000000000000000000, -1.000000000000000000 ) ) ;
#2457 = CARTESIAN_POINT ( 'NONE',  ( -25.49999999999992895, -28.60000000000001563, -131.2585481156725962 ) ) ;
#2458 = CARTESIAN_POINT ( 'NONE',  ( 0.000000000000000000, -23.60000000000001208, -138.1867513459480676 ) ) ;
#2459 = ORIENTED_EDGE ( 'NONE', *, *, #2295, .T. ) ;
#2460 = LINE ( 'NONE', #420, #2933 ) ;
#2461 = DIRECTION ( 'NONE',  ( -0.000000000000000000, 0.000000000000000000, 1.000000000000000000 ) ) ;
#2462 = ORIENTED_EDGE ( 'NONE', *, *, #1178, .F. ) ;
#2463 = ORIENTED_EDGE ( 'NONE', *, *, #2312, .F. ) ;
#2464 = LINE ( 'NONE', #1015, #1179 ) ;
#2465 = ORIENTED_EDGE ( 'NONE', *, *, #1645, .T. ) ;
#2466 =( LENGTH_UNIT ( ) NAMED_UNIT ( * ) SI_UNIT ( .MILLI., .METRE. ) );
#2467 = ORIENTED_EDGE ( 'NONE', *, *, #2852, .F. ) ;
#2468 = UNCERTAINTY_MEASURE_WITH_UNIT (LENGTH_MEASURE( 1.000000000000000082E-05 ), #2466, 'distance_accuracy_value', 'NONE');
#2469 = LINE ( 'NONE', #2256, #245 ) ;
#2470 = DIRECTION ( 'NONE',  ( -0.7071067811865464625, 0.000000000000000000, -0.7071067811865486830 ) ) ;
#2471 = DIRECTION ( 'NONE',  ( -0.000000000000000000, 1.000000000000000000, -0.000000000000000000 ) ) ;
#2472 = LINE ( 'NONE', #2204, #1372 ) ;
#2473 = EDGE_CURVE ( 'NONE', #68, #2999, #336, .T. ) ;
#2474 = DIRECTION ( 'NONE',  ( 2.675106193868892374E-16, -0.3746065934159165112, -0.9271838545667855369 ) ) ;
#2475 = ORIENTED_EDGE ( 'NONE', *, *, #2096, .F. ) ;
#2476 = DIRECTION ( 'NONE',  ( -0.000000000000000000, 0.000000000000000000, 1.000000000000000000 ) ) ;
#2477 = EDGE_CURVE ( 'NONE', #1648, #2564, #851, .T. ) ;
#2478 = VECTOR ( 'NONE', #2142, 1000.000000000000000 ) ;
#2479 = ORIENTED_EDGE ( 'NONE', *, *, #1450, .T. ) ;
#2480 = ORIENTED_EDGE ( 'NONE', *, *, #2552, .T. ) ;
#2481 = EDGE_LOOP ( 'NONE', ( #2234, #2861 ) ) ;
#2482 = VECTOR ( 'NONE', #1516, 1000.000000000000000 ) ;
#2483 = VECTOR ( 'NONE', #1669, 1000.000000000000114 ) ;
#2484 = AXIS2_PLACEMENT_3D ( 'NONE', #313, #1487, #1230 ) ;
#2485 = DIRECTION ( 'NONE',  ( 1.000000000000000000, 0.000000000000000000, 0.000000000000000000 ) ) ;
#2486 = CYLINDRICAL_SURFACE ( 'NONE', #1221, 2.000000000000001776 ) ;
#2487 = PLANE ( 'NONE',  #544 ) ;
#2488 = CIRCLE ( 'NONE', #2784, 2.000000000000001776 ) ;
#2489 = CARTESIAN_POINT ( 'NONE',  ( -64.99999999999994316, -52.78677324489567013, -109.2000000000000881 ) ) ;
#2490 = CYLINDRICAL_SURFACE ( 'NONE', #2431, 1.750000000000001554 ) ;
#2491 = VECTOR ( 'NONE', #2674, 1000.000000000000000 ) ;
#2492 = DIRECTION ( 'NONE',  ( 6.546126324440819108E-16, 0.000000000000000000, -1.000000000000000000 ) ) ;
#2493 = CARTESIAN_POINT ( 'NONE',  ( -53.00000000000000711, -22.60000000000001563, -109.2000000000000881 ) ) ;
#2494 = VERTEX_POINT ( 'NONE', #1768 ) ;
#2495 = ADVANCED_FACE ( 'NONE', ( #119 ), #2405, .F. ) ;
#2496 = DIRECTION ( 'NONE',  ( 0.000000000000000000, 0.000000000000000000, -1.000000000000000000 ) ) ;
#2497 = CARTESIAN_POINT ( 'NONE',  ( -75.09999999999995168, -28.60000000000001563, -75.10000000000006537 ) ) ;
#2498 = EDGE_CURVE ( 'NONE', #2366, #1802, #2689, .T. ) ;
#2499 = VERTEX_POINT ( 'NONE', #150 ) ;
#2500 = VERTEX_POINT ( 'NONE', #2703 ) ;
#2501 = ORIENTED_EDGE ( 'NONE', *, *, #1631, .F. ) ;
#2502 = DIRECTION ( 'NONE',  ( 0.000000000000000000, 0.8660254037844380415, -0.5000000000000009992 ) ) ;
#2503 = LINE ( 'NONE', #895, #2977 ) ;
#2504 = CARTESIAN_POINT ( 'NONE',  ( 68.49999999999994316, 31.53905518196781088, -12.74260543157728343 ) ) ;
#2505 = CARTESIAN_POINT ( 'NONE',  ( -44.60000000000000853, -28.60000000000001563, -44.59999999999987352 ) ) ;
#2506 = CARTESIAN_POINT ( 'NONE',  ( 30.49999999999993250, -28.60000000000001563, -129.2000000000000455 ) ) ;
#2507 = DIRECTION ( 'NONE',  ( 0.000000000000000000, 1.000000000000000000, 0.000000000000000000 ) ) ;
#2508 = ORIENTED_EDGE ( 'NONE', *, *, #2220, .F. ) ;
#2509 = DIRECTION ( 'NONE',  ( 1.000000000000000000, -0.000000000000000000, -3.083952846180988308E-16 ) ) ;
#2510 = CARTESIAN_POINT ( 'NONE',  ( 65.49999999999998579, -23.60000000000001208, -140.8996525863346960 ) ) ;
#2511 = EDGE_CURVE ( 'NONE', #530, #502, #2464, .T. ) ;
#2512 = ORIENTED_EDGE ( 'NONE', *, *, #1548, .F. ) ;
#2513 = ADVANCED_FACE ( 'NONE', ( #1815 ), #2939, .F. ) ;
#2514 = VERTEX_POINT ( 'NONE', #622 ) ;
#2515 = ORIENTED_EDGE ( 'NONE', *, *, #1689, .F. ) ;
#2516 = CARTESIAN_POINT ( 'NONE',  ( 35.49999999999993605, -26.60000000000001208, -131.8358983848622188 ) ) ;
#2517 = ORIENTED_EDGE ( 'NONE', *, *, #616, .T. ) ;
#2518 = LINE ( 'NONE', #2573, #2591 ) ;
#2519 = DIRECTION ( 'NONE',  ( 1.000000000000000000, 0.000000000000000000, 2.885194970439601952E-16 ) ) ;
#2520 = LINE ( 'NONE', #2458, #684 ) ;
#2521 = LINE ( 'NONE', #2109, #2981 ) ;
#2522 = DIRECTION ( 'NONE',  ( 0.000000000000000000, 0.7071067811865520136, -0.7071067811865431318 ) ) ;
#2523 = DIRECTION ( 'NONE',  ( 0.000000000000000000, -1.000000000000000000, 1.442597485219800976E-16 ) ) ;
#2524 = ORIENTED_EDGE ( 'NONE', *, *, #2944, .T. ) ;
#2525 = PLANE ( 'NONE',  #1760 ) ;
#2526 = VERTEX_POINT ( 'NONE', #181 ) ;
#2527 = PRESENTATION_STYLE_ASSIGNMENT (( #2763 ) ) ;
#2528 = ORIENTED_EDGE ( 'NONE', *, *, #2179, .F. ) ;
#2529 = EDGE_CURVE ( 'NONE', #571, #1419, #385, .T. ) ;
#2530 = CARTESIAN_POINT ( 'NONE',  ( 39.30000000000009663, -20.60000000000001563, -135.2999999999999829 ) ) ;
#2531 = EDGE_CURVE ( 'NONE', #911, #747, #251, .T. ) ;
#2532 = VECTOR ( 'NONE', #2774, 1000.000000000000000 ) ;
#2533 = AXIS2_PLACEMENT_3D ( 'NONE', #1152, #706, #1630 ) ;
#2534 = DIRECTION ( 'NONE',  ( 1.000000000000000000, 0.000000000000000000, 2.885194970439601952E-16 ) ) ;
#2535 = VECTOR ( 'NONE', #1245, 1000.000000000000000 ) ;
#2536 = DIRECTION ( 'NONE',  ( 0.000000000000000000, 0.000000000000000000, -1.000000000000000000 ) ) ;
#2537 = CIRCLE ( 'NONE', #1849, 1.750000000000001554 ) ;
#2538 = CARTESIAN_POINT ( 'NONE',  ( 68.49999999999998579, -10.15197879029933148, -136.0308564657625254 ) ) ;
#2539 = FACE_OUTER_BOUND ( 'NONE', #834, .T. ) ;
#2540 = VECTOR ( 'NONE', #2377, 1000.000000000000000 ) ;
#2541 = VECTOR ( 'NONE', #2788, 1000.000000000000000 ) ;
#2542 = LINE ( 'NONE', #457, #2992 ) ;
#2543 = VERTEX_POINT ( 'NONE', #2695 ) ;
#2544 = MECHANICAL_DESIGN_GEOMETRIC_PRESENTATION_REPRESENTATION (  '', ( #694 ), #1137 ) ;
#2545 = VECTOR ( 'NONE', #991, 1000.000000000000000 ) ;
#2546 = ORIENTED_EDGE ( 'NONE', *, *, #2649, .T. ) ;
#2547 = ORIENTED_EDGE ( 'NONE', *, *, #2268, .T. ) ;
#2548 = VERTEX_POINT ( 'NONE', #868 ) ;
#2549 = ADVANCED_FACE ( 'NONE', ( #1797 ), #2487, .F. ) ;
#2550 = ORIENTED_EDGE ( 'NONE', *, *, #2529, .T. ) ;
#2551 = FACE_OUTER_BOUND ( 'NONE', #2965, .T. ) ;
#2552 = EDGE_CURVE ( 'NONE', #2838, #1781, #2135, .T. ) ;
#2553 = CARTESIAN_POINT ( 'NONE',  ( -25.49999999999992539, -23.60000000000000853, -135.2999999999999829 ) ) ;
#2554 = DIRECTION ( 'NONE',  ( -2.040140928643175992E-16, -0.7071067811865431318, -0.7071067811865520136 ) ) ;
#2555 = VERTEX_POINT ( 'NONE', #1788 ) ;
#2556 = CARTESIAN_POINT ( 'NONE',  ( 68.49999999999997158, -0.8895320885995705584, -99.02884205050230548 ) ) ;
#2557 = DIRECTION ( 'NONE',  ( 2.675106193868894839E-16, 0.3746065934159146793, 0.9271838545667863141 ) ) ;
#2558 = ORIENTED_EDGE ( 'NONE', *, *, #1712, .T. ) ;
#2559 = ORIENTED_EDGE ( 'NONE', *, *, #1234, .T. ) ;
#2560 = VERTEX_POINT ( 'NONE', #1996 ) ;
#2561 = LINE ( 'NONE', #1418, #1089 ) ;
#2562 = EDGE_LOOP ( 'NONE', ( #2341, #377, #1084, #2067 ) ) ;
#2563 = DIRECTION ( 'NONE',  ( 0.000000000000000000, 0.000000000000000000, -1.000000000000000000 ) ) ;
#2564 = VERTEX_POINT ( 'NONE', #402 ) ;
#2565 = LINE ( 'NONE', #2530, #2972 ) ;
#2566 = LINE ( 'NONE', #2783, #1319 ) ;
#2567 = ORIENTED_EDGE ( 'NONE', *, *, #1869, .T. ) ;
#2568 = LINE ( 'NONE', #697, #2734 ) ;
#2569 = ADVANCED_FACE ( 'NONE', ( #1577 ), #2446, .F. ) ;
#2570 = LINE ( 'NONE', #2815, #303 ) ;
#2571 = VERTEX_POINT ( 'NONE', #2709 ) ;
#2572 = EDGE_CURVE ( 'NONE', #1648, #2192, #2242, .T. ) ;
#2573 = CARTESIAN_POINT ( 'NONE',  ( 35.49999999999993605, -26.60000000000000853, -131.8358983848622188 ) ) ;
#2574 = CARTESIAN_POINT ( 'NONE',  ( -68.49999999999994316, -18.05000000000001492, 2.017315848641881928E-14 ) ) ;
#2575 = ORIENTED_EDGE ( 'NONE', *, *, #1695, .T. ) ;
#2576 = ORIENTED_EDGE ( 'NONE', *, *, #2092, .F. ) ;
#2577 = CARTESIAN_POINT ( 'NONE',  ( 0.000000000000000000, -20.60000000000001563, -135.2999999999999829 ) ) ;
#2578 = EDGE_LOOP ( 'NONE', ( #1541, #2246, #21, #454 ) ) ;
#2579 = ORIENTED_EDGE ( 'NONE', *, *, #1339, .T. ) ;
#2580 = DIRECTION ( 'NONE',  ( 0.7071067811865486830, 0.000000000000000000, -0.7071067811865464625 ) ) ;
#2581 = DIRECTION ( 'NONE',  ( 0.000000000000000000, -5.204170427930416550E-15, -1.000000000000000000 ) ) ;
#2582 = CARTESIAN_POINT ( 'NONE',  ( -65.49999999999997158, -29.99999999999988631, -108.7000000000001023 ) ) ;
#2583 = ORIENTED_EDGE ( 'NONE', *, *, #520, .F. ) ;
#2584 = DIRECTION ( 'NONE',  ( 0.000000000000000000, -1.784287003861857238E-14, -1.000000000000000000 ) ) ;
#2585 = CARTESIAN_POINT ( 'NONE',  ( 65.49999999999997158, -29.99999999999991473, -108.7000000000000881 ) ) ;
#2586 = VECTOR ( 'NONE', #1272, 1000.000000000000000 ) ;
#2587 = AXIS2_PLACEMENT_3D ( 'NONE', #1222, #2648, #2138 ) ;
#2588 = EDGE_CURVE ( 'NONE', #1826, #2324, #2228, .T. ) ;
#2589 = ORIENTED_EDGE ( 'NONE', *, *, #2958, .T. ) ;
#2590 = AXIS2_PLACEMENT_3D ( 'NONE', #585, #1122, #1300 ) ;
#2591 = VECTOR ( 'NONE', #1217, 1000.000000000000000 ) ;
#2592 = PLANE ( 'NONE',  #2136 ) ;
#2593 = LINE ( 'NONE', #668, #2532 ) ;
#2594 = EDGE_CURVE ( 'NONE', #1528, #319, #1774, .T. ) ;
#2595 = EDGE_LOOP ( 'NONE', ( #1795, #952, #2905, #998, #1329, #2154 ) ) ;
#2596 = ORIENTED_EDGE ( 'NONE', *, *, #2572, .F. ) ;
#2597 = VERTEX_POINT ( 'NONE', #1980 ) ;
#2598 = LINE ( 'NONE', #1437, #298 ) ;
#2599 = CARTESIAN_POINT ( 'NONE',  ( -65.49999999999997158, -32.00000000000000000, -105.7000000000000881 ) ) ;
#2600 = CARTESIAN_POINT ( 'NONE',  ( 0.000000000000000000, -20.60000000000001563, -135.2999999999999829 ) ) ;
#2601 = ORIENTED_EDGE ( 'NONE', *, *, #1410, .F. ) ;
#2602 = DIRECTION ( 'NONE',  ( 2.723606137491697141E-16, -0.3746065934159088506, 0.9271838545667886455 ) ) ;
#2603 = DIRECTION ( 'NONE',  ( 0.000000000000000000, 0.000000000000000000, 1.000000000000000000 ) ) ;
#2604 = ORIENTED_EDGE ( 'NONE', *, *, #1069, .T. ) ;
#2605 = DIRECTION ( 'NONE',  ( -0.000000000000000000, 1.000000000000000000, -0.000000000000000000 ) ) ;
#2606 = DIRECTION ( 'NONE',  ( -0.7071067811865479058, 0.000000000000000000, -0.7071067811865470176 ) ) ;
#2607 = ORIENTED_EDGE ( 'NONE', *, *, #1141, .T. ) ;
#2608 = EDGE_CURVE ( 'NONE', #2969, #6, #2721, .T. ) ;
#2609 = EDGE_LOOP ( 'NONE', ( #1838, #3, #722, #906 ) ) ;
#2610 = DIRECTION ( 'NONE',  ( 1.000000000000000000, 0.000000000000000000, 2.885194970439601952E-16 ) ) ;
#2611 = DIRECTION ( 'NONE',  ( -2.675106193868901742E-16, -0.3746065934159088506, 0.9271838545667886455 ) ) ;
#2612 = CARTESIAN_POINT ( 'NONE',  ( 30.49999999999993250, -47.12997571504072880, -125.2000000000000313 ) ) ;
#2613 = DIRECTION ( 'NONE',  ( -0.000000000000000000, -1.000000000000000000, -0.000000000000000000 ) ) ;
#2614 = ORIENTED_EDGE ( 'NONE', *, *, #2958, .F. ) ;
#2615 = CARTESIAN_POINT ( 'NONE',  ( 30.49999999999993250, -47.12997571504072880, -127.2000000000000313 ) ) ;
#2616 = DIRECTION ( 'NONE',  ( 0.000000000000000000, 1.982541115402063335E-15, 1.000000000000000000 ) ) ;
#2617 = LINE ( 'NONE', #1071, #1895 ) ;
#2618 = LINE ( 'NONE', #83, #1756 ) ;
#2619 = ORIENTED_EDGE ( 'NONE', *, *, #1859, .F. ) ;
#2620 = DIRECTION ( 'NONE',  ( 1.000000000000000000, 0.000000000000000000, 0.000000000000000000 ) ) ;
#2621 = ORIENTED_EDGE ( 'NONE', *, *, #2152, .T. ) ;
#2622 = EDGE_CURVE ( 'NONE', #502, #367, #1557, .T. ) ;
#2623 = DIRECTION ( 'NONE',  ( -1.000000000000000000, -8.443554192449943098E-32, -3.083952846180988308E-16 ) ) ;
#2624 = CARTESIAN_POINT ( 'NONE',  ( -142.5000000000000568, -21.55000000000001847, -142.2426406871193478 ) ) ;
#2625 = DIRECTION ( 'NONE',  ( -3.994651572012803526E-32, -1.000000000000000000, 1.442597485219800976E-16 ) ) ;
#2626 = EDGE_CURVE ( 'NONE', #1828, #768, #2503, .T. ) ;
#2627 = LINE ( 'NONE', #2188, #105 ) ;
#2628 = LINE ( 'NONE', #2860, #2379 ) ;
#2629 = ORIENTED_EDGE ( 'NONE', *, *, #141, .T. ) ;
#2630 = DIRECTION ( 'NONE',  ( 1.000000000000000000, -0.000000000000000000, -0.000000000000000000 ) ) ;
#2631 = PLANE ( 'NONE',  #993 ) ;
#2632 = VECTOR ( 'NONE', #2664, 999.9999999999998863 ) ;
#2633 = CARTESIAN_POINT ( 'NONE',  ( 65.49999999999998579, -19.60000000000007248, -153.7999999999999829 ) ) ;
#2634 = DIRECTION ( 'NONE',  ( -0.000000000000000000, -1.000000000000000000, -0.000000000000000000 ) ) ;
#2635 = VERTEX_POINT ( 'NONE', #358 ) ;
#2636 = FACE_OUTER_BOUND ( 'NONE', #1594, .T. ) ;
#2637 = AXIS2_PLACEMENT_3D ( 'NONE', #406, #1363, #2753 ) ;
#2638 = CARTESIAN_POINT ( 'NONE',  ( -50.49999999999997868, -29.99999999999988631, -108.7000000000001023 ) ) ;
#2639 = AXIS2_PLACEMENT_3D ( 'NONE', #924, #2780, #289 ) ;
#2640 = PLANE ( 'NONE',  #1801 ) ;
#2641 = VECTOR ( 'NONE', #425, 1000.000000000000000 ) ;
#2642 = VECTOR ( 'NONE', #2985, 1000.000000000000000 ) ;
#2643 = DIRECTION ( 'NONE',  ( 2.885194970439601459E-16, 0.000000000000000000, -1.000000000000000000 ) ) ;
#2644 = LINE ( 'NONE', #307, #2283 ) ;
#2645 = PRODUCT_DEFINITION_FORMATION_WITH_SPECIFIED_SOURCE ( 'ANY', '', #2282, .NOT_KNOWN. ) ;
#2646 = VECTOR ( 'NONE', #1214, 1000.000000000000000 ) ;
#2647 = VERTEX_POINT ( 'NONE', #2257 ) ;
#2648 = DIRECTION ( 'NONE',  ( 8.458601222678245098E-18, -0.8829475928589255451, 0.4694715627858935814 ) ) ;
#2649 = EDGE_CURVE ( 'NONE', #2967, #1826, #879, .T. ) ;
#2650 = CARTESIAN_POINT ( 'NONE',  ( 25.49999999999992895, -27.60000000000000497, -132.9905989232414640 ) ) ;
#2651 = CARTESIAN_POINT ( 'NONE',  ( -68.49999999999998579, 1.602373713730178828E-30, -153.7999999999999829 ) ) ;
#2652 = CARTESIAN_POINT ( 'NONE',  ( 50.49999999999997868, -22.60000000000001563, -108.7000000000001023 ) ) ;
#2653 = EDGE_CURVE ( 'NONE', #2548, #437, #192, .T. ) ;
#2654 = CARTESIAN_POINT ( 'NONE',  ( 0.000000000000000000, -20.60000000000001563, -135.2999999999999829 ) ) ;
#2655 = ORIENTED_EDGE ( 'NONE', *, *, #1678, .T. ) ;
#2656 = DIRECTION ( 'NONE',  ( 0.000000000000000000, 0.000000000000000000, -1.000000000000000000 ) ) ;
#2657 = CARTESIAN_POINT ( 'NONE',  ( 65.50000000000000000, -20.05046122158773159, -149.7742743250598778 ) ) ;
#2658 = ADVANCED_FACE ( 'NONE', ( #2921 ), #836, .T. ) ;
#2659 = CARTESIAN_POINT ( 'NONE',  ( 0.000000000000000000, -20.60000000000001563, -135.2999999999999829 ) ) ;
#2660 = CARTESIAN_POINT ( 'NONE',  ( 75.09999999999995168, -28.60000000000001563, -75.10000000000006537 ) ) ;
#2661 = ORIENTED_EDGE ( 'NONE', *, *, #2511, .F. ) ;
#2662 = ORIENTED_EDGE ( 'NONE', *, *, #2681, .T. ) ;
#2663 = FACE_OUTER_BOUND ( 'NONE', #1607, .T. ) ;
#2664 = DIRECTION ( 'NONE',  ( -2.040140928643175992E-16, 0.7071067811865431318, 0.7071067811865520136 ) ) ;
#2665 = CARTESIAN_POINT ( 'NONE',  ( 68.49999999999994316, 22.49036227091552576, -5.629849756243564762 ) ) ;
#2666 = DIRECTION ( 'NONE',  ( 2.547475954078324964E-16, 0.4694715627858931373, 0.8829475928589256561 ) ) ;
#2667 = EDGE_CURVE ( 'NONE', #1677, #669, #1012, .T. ) ;
#2668 = LINE ( 'NONE', #561, #1130 ) ;
#2669 = EDGE_CURVE ( 'NONE', #1101, #1677, #2765, .T. ) ;
#2670 = ORIENTED_EDGE ( 'NONE', *, *, #2779, .F. ) ;
#2671 = VERTEX_POINT ( 'NONE', #925 ) ;
#2672 = CARTESIAN_POINT ( 'NONE',  ( -142.5000000000001137, -18.05000000000001492, -4.078217102696173024E-14 ) ) ;
#2673 = ORIENTED_EDGE ( 'NONE', *, *, #805, .F. ) ;
#2674 = DIRECTION ( 'NONE',  ( 7.501506923142942002E-16, 0.000000000000000000, 1.000000000000000000 ) ) ;
#2675 = CARTESIAN_POINT ( 'NONE',  ( 25.49999999999992895, -27.59999999999998721, -132.9905989232414925 ) ) ;
#2676 = CARTESIAN_POINT ( 'NONE',  ( -142.5000000000001137, -21.55000000000001847, -4.078217102696173024E-14 ) ) ;
#2677 = DIRECTION ( 'NONE',  ( 3.273063162220415470E-16, -0.8660254037844380415, 0.5000000000000009992 ) ) ;
#2678 = VERTEX_POINT ( 'NONE', #689 ) ;
#2679 = LINE ( 'NONE', #572, #2000 ) ;
#2680 = DIRECTION ( 'NONE',  ( 0.000000000000000000, -3.469446951953611033E-15, 1.000000000000000000 ) ) ;
#2681 = EDGE_CURVE ( 'NONE', #603, #1172, #2866, .T. ) ;
#2682 = VERTEX_POINT ( 'NONE', #1972 ) ;
#2683 = AXIS2_PLACEMENT_3D ( 'NONE', #2349, #458, #1171 ) ;
#2684 = VECTOR ( 'NONE', #909, 999.9999999999998863 ) ;
#2685 = EDGE_CURVE ( 'NONE', #1481, #1281, #1244, .T. ) ;
#2686 = DIRECTION ( 'NONE',  ( 1.000000000000000000, -0.000000000000000000, 0.000000000000000000 ) ) ;
#2687 = AXIS2_PLACEMENT_3D ( 'NONE', #2837, #95, #2165 ) ;
#2688 = VECTOR ( 'NONE', #455, 1000.000000000000000 ) ;
#2689 = LINE ( 'NONE', #600, #494 ) ;
#2690 = ORIENTED_EDGE ( 'NONE', *, *, #2855, .T. ) ;
#2691 = EDGE_LOOP ( 'NONE', ( #1616, #2240, #1065, #527, #2818, #2614, #1554, #2794 ) ) ;
#2692 = CIRCLE ( 'NONE', #64, 2.000000000000001776 ) ;
#2693 = AXIS2_PLACEMENT_3D ( 'NONE', #44, #556, #2408 ) ;
#2694 = DIRECTION ( 'NONE',  ( 0.000000000000000000, 1.000000000000000000, 0.000000000000000000 ) ) ;
#2695 = CARTESIAN_POINT ( 'NONE',  ( 25.49999999999992895, -26.60000000000001208, -131.8358983848622188 ) ) ;
#2696 = AXIS2_PLACEMENT_3D ( 'NONE', #1250, #349, #1062 ) ;
#2697 = CARTESIAN_POINT ( 'NONE',  ( -35.49999999999993605, -20.60000000000001563, -135.2999999999999829 ) ) ;
#2698 = LINE ( 'NONE', #652, #1083 ) ;
#2699 = ORIENTED_EDGE ( 'NONE', *, *, #2894, .F. ) ;
#2700 = CYLINDRICAL_SURFACE ( 'NONE', #1711, 5.000000000000004441 ) ;
#2701 = VERTEX_POINT ( 'NONE', #1057 ) ;
#2702 = ORIENTED_EDGE ( 'NONE', *, *, #2979, .F. ) ;
#2703 = CARTESIAN_POINT ( 'NONE',  ( -65.50000000000001421, -18.05000000000001492, -142.2426406871193194 ) ) ;
#2704 = EDGE_LOOP ( 'NONE', ( #916, #1309, #3003, #2968 ) ) ;
#2705 = CARTESIAN_POINT ( 'NONE',  ( -35.49999999999993605, -23.60000000000001208, -138.1867513459480676 ) ) ;
#2706 = ORIENTED_EDGE ( 'NONE', *, *, #1120, .F. ) ;
#2707 = EDGE_CURVE ( 'NONE', #530, #864, #1290, .T. ) ;
#2708 = LINE ( 'NONE', #583, #1649 ) ;
#2709 = CARTESIAN_POINT ( 'NONE',  ( -68.49999999999998579, -21.67303296707959603, -150.8687127865820230 ) ) ;
#2710 = EDGE_CURVE ( 'NONE', #187, #1048, #987, .T. ) ;
#2711 = LINE ( 'NONE', #624, #169 ) ;
#2712 = CARTESIAN_POINT ( 'NONE',  ( -25.50000000000001421, -27.60000000000001208, -1.669262212732409770E-14 ) ) ;
#2713 = PLANE ( 'NONE',  #2082 ) ;
#2714 = ORIENTED_EDGE ( 'NONE', *, *, #2269, .T. ) ;
#2715 = ORIENTED_EDGE ( 'NONE', *, *, #1747, .F. ) ;
#2716 =( LENGTH_UNIT ( ) NAMED_UNIT ( * ) SI_UNIT ( .MILLI., .METRE. ) );
#2717 = ORIENTED_EDGE ( 'NONE', *, *, #2452, .T. ) ;
#2718 = EDGE_CURVE ( 'NONE', #2334, #1172, #2163, .T. ) ;
#2719 = FACE_OUTER_BOUND ( 'NONE', #1770, .T. ) ;
#2720 = CARTESIAN_POINT ( 'NONE',  ( 50.49999999999997868, 114.4343466423975144, -1.719734727837564683E-14 ) ) ;
#2721 = LINE ( 'NONE', #632, #1132 ) ;
#2722 = DIRECTION ( 'NONE',  ( 1.080813059217109708E-16, 0.9271838545667863141, -0.3746065934159146793 ) ) ;
#2723 = LINE ( 'NONE', #2489, #596 ) ;
#2724 = EDGE_CURVE ( 'NONE', #261, #1528, #1270, .T. ) ;
#2725 = CARTESIAN_POINT ( 'NONE',  ( 39.30000000000009663, -63.73661856601736986, -110.3950616589795857 ) ) ;
#2726 = ORIENTED_EDGE ( 'NONE', *, *, #2816, .T. ) ;
#2727 = DIRECTION ( 'NONE',  ( 0.000000000000000000, 0.8660254037844391517, -0.4999999999999989453 ) ) ;
#2728 = ORIENTED_EDGE ( 'NONE', *, *, #575, .T. ) ;
#2729 = VERTEX_POINT ( 'NONE', #1733 ) ;
#2730 = ORIENTED_EDGE ( 'NONE', *, *, #825, .T. ) ;
#2731 = LINE ( 'NONE', #503, #1902 ) ;
#2732 = ORIENTED_EDGE ( 'NONE', *, *, #1869, .F. ) ;
#2733 = CIRCLE ( 'NONE', #204, 2.000000000000001776 ) ;
#2734 = VECTOR ( 'NONE', #1843, 1000.000000000000000 ) ;
#2735 = DIRECTION ( 'NONE',  ( 0.000000000000000000, -0.8660254037844380415, 0.5000000000000009992 ) ) ;
#2736 = CARTESIAN_POINT ( 'NONE',  ( 50.49999999999997868, 114.4343466423975144, -105.7000000000001165 ) ) ;
#2737 = VECTOR ( 'NONE', #2321, 1000.000000000000227 ) ;
#2738 = AXIS2_PLACEMENT_3D ( 'NONE', #1863, #1398, #713 ) ;
#2739 = EDGE_CURVE ( 'NONE', #1293, #2386, #2679, .T. ) ;
#2740 = FACE_OUTER_BOUND ( 'NONE', #1738, .T. ) ;
#2741 = STYLED_ITEM ( 'NONE', ( #292 ), #1457 ) ;
#2742 = CIRCLE ( 'NONE', #1426, 1.750000000000001554 ) ;
#2743 = DIRECTION ( 'NONE',  ( -0.000000000000000000, 0.000000000000000000, 1.000000000000000000 ) ) ;
#2744 = ADVANCED_FACE ( 'NONE', ( #145 ), #1525, .F. ) ;
#2745 = ORIENTED_EDGE ( 'NONE', *, *, #2035, .T. ) ;
#2746 = ADVANCED_FACE ( 'NONE', ( #363 ), #94, .F. ) ;
#2747 = EDGE_LOOP ( 'NONE', ( #972, #1483, #1008, #1961 ) ) ;
#2748 = VERTEX_POINT ( 'NONE', #547 ) ;
#2749 = DIRECTION ( 'NONE',  ( 1.000000000000000000, -0.000000000000000000, 0.000000000000000000 ) ) ;
#2750 = ORIENTED_EDGE ( 'NONE', *, *, #482, .T. ) ;
#2751 = LINE ( 'NONE', #2764, #1704 ) ;
#2752 = DIRECTION ( 'NONE',  ( 2.885194970439601459E-16, 0.000000000000000000, -1.000000000000000000 ) ) ;
#2753 = DIRECTION ( 'NONE',  ( 0.000000000000000000, -1.982541115402063493E-14, 1.000000000000000000 ) ) ;
#2754 = LINE ( 'NONE', #2801, #2688 ) ;
#2755 = CARTESIAN_POINT ( 'NONE',  ( 68.49999999999994316, -18.05000000000001137, -144.4827935137480495 ) ) ;
#2756 = EDGE_CURVE ( 'NONE', #1119, #2682, #1938, .T. ) ;
#2757 = VERTEX_POINT ( 'NONE', #2413 ) ;
#2758 = EDGE_LOOP ( 'NONE', ( #282, #1148, #151, #2868 ) ) ;
#2759 = EDGE_CURVE ( 'NONE', #2892, #2560, #330, .T. ) ;
#2760 = EDGE_LOOP ( 'NONE', ( #2792, #1028, #979, #24 ) ) ;
#2761 = CARTESIAN_POINT ( 'NONE',  ( -65.49999999999997158, -22.60000000000000853, -108.7000000000001307 ) ) ;
#2762 = VERTEX_POINT ( 'NONE', #2516 ) ;
#2763 = SURFACE_STYLE_USAGE ( .BOTH. , #1782 ) ;
#2764 = CARTESIAN_POINT ( 'NONE',  ( -142.5000000000000568, -21.55000000000001847, -142.2426406871193478 ) ) ;
#2765 = LINE ( 'NONE', #447, #2187 ) ;
#2766 = CARTESIAN_POINT ( 'NONE',  ( -142.5000000000000568, -19.80000000000001492, -142.2426406871193763 ) ) ;
#2767 = DIRECTION ( 'NONE',  ( 0.000000000000000000, 1.000000000000000000, 0.000000000000000000 ) ) ;
#2768 = FACE_OUTER_BOUND ( 'NONE', #1538, .T. ) ;
#2769 = ORIENTED_EDGE ( 'NONE', *, *, #1337, .F. ) ;
#2770 = FACE_OUTER_BOUND ( 'NONE', #1391, .T. ) ;
#2771 = CARTESIAN_POINT ( 'NONE',  ( 68.49999999999995737, -78.34965579320700613, -31.65531572561272000 ) ) ;
#2772 = ORIENTED_EDGE ( 'NONE', *, *, #2724, .T. ) ;
#2773 = EDGE_CURVE ( 'NONE', #38, #2514, #2692, .T. ) ;
#2774 = DIRECTION ( 'NONE',  ( -1.000000000000000000, 0.000000000000000000, 0.000000000000000000 ) ) ;
#2775 = ORIENTED_EDGE ( 'NONE', *, *, #1009, .F. ) ;
#2776 = ORIENTED_EDGE ( 'NONE', *, *, #726, .F. ) ;
#2777 = CARTESIAN_POINT ( 'NONE',  ( 0.000000000000000000, -22.60000000000001563, -109.2000000000000881 ) ) ;
#2778 = ORIENTED_EDGE ( 'NONE', *, *, #2186, .T. ) ;
#2779 = EDGE_CURVE ( 'NONE', #1828, #2192, #440, .T. ) ;
#2780 = DIRECTION ( 'NONE',  ( 1.080813059217115131E-16, 0.9271838545667856479, -0.3746065934159165667 ) ) ;
#2781 = VECTOR ( 'NONE', #2375, 1000.000000000000114 ) ;
#2782 = DIRECTION ( 'NONE',  ( -1.000000000000000000, 0.000000000000000000, 0.000000000000000000 ) ) ;
#2783 = CARTESIAN_POINT ( 'NONE',  ( -68.49999999999997158, 38.79045674254164311, -79.72158903496227822 ) ) ;
#2784 = AXIS2_PLACEMENT_3D ( 'NONE', #2812, #721, #1644 ) ;
#2785 = VERTEX_POINT ( 'NONE', #1343 ) ;
#2786 = AXIS2_PLACEMENT_3D ( 'NONE', #1862, #962, #1 ) ;
#2787 = CARTESIAN_POINT ( 'NONE',  ( 68.50000000000000000, -19.80000000000001492, -144.4827935137480495 ) ) ;
#2788 = DIRECTION ( 'NONE',  ( 2.675106193868894839E-16, -0.3746065934159146793, -0.9271838545667863141 ) ) ;
#2789 = AXIS2_PLACEMENT_3D ( 'NONE', #2424, #2940, #2923 ) ;
#2790 = CARTESIAN_POINT ( 'NONE',  ( 50.49999999999997868, -26.99999999999985789, -105.7000000000001023 ) ) ;
#2791 = ORIENTED_EDGE ( 'NONE', *, *, #1170, .T. ) ;
#2792 = ORIENTED_EDGE ( 'NONE', *, *, #2669, .T. ) ;
#2793 =( NAMED_UNIT ( * ) SI_UNIT ( $, .STERADIAN. ) SOLID_ANGLE_UNIT ( ) );
#2794 = ORIENTED_EDGE ( 'NONE', *, *, #1031, .F. ) ;
#2795 = VERTEX_POINT ( 'NONE', #1107 ) ;
#2796 = EDGE_CURVE ( 'NONE', #478, #1048, #2072, .T. ) ;
#2797 = DIRECTION ( 'NONE',  ( 0.7071067811865486830, -0.000000000000000000, 0.7071067811865464625 ) ) ;
#2798 = ADVANCED_FACE ( 'NONE', ( #1390 ), #2252, .T. ) ;
#2799 = CARTESIAN_POINT ( 'NONE',  ( 39.30000000000009663, -25.60000000000001208, -130.1038475772933509 ) ) ;
#2800 = ORIENTED_EDGE ( 'NONE', *, *, #1749, .F. ) ;
#2801 = CARTESIAN_POINT ( 'NONE',  ( -50.49999999999997868, 114.4343466423975144, -108.7000000000001307 ) ) ;
#2802 = FACE_OUTER_BOUND ( 'NONE', #2123, .T. ) ;
#2803 = DIRECTION ( 'NONE',  ( 0.000000000000000000, 0.000000000000000000, -1.000000000000000000 ) ) ;
#2804 = ORIENTED_EDGE ( 'NONE', *, *, #2739, .F. ) ;
#2805 = ORIENTED_EDGE ( 'NONE', *, *, #291, .F. ) ;
#2806 = LINE ( 'NONE', #2104, #1850 ) ;
#2807 = ORIENTED_EDGE ( 'NONE', *, *, #1771, .T. ) ;
#2808 = ORIENTED_EDGE ( 'NONE', *, *, #1986, .T. ) ;
#2809 = FACE_OUTER_BOUND ( 'NONE', #2832, .T. ) ;
#2810 = MANIFOLD_SOLID_BREP ( 'Fillet10', #613 ) ;
#2811 = EDGE_CURVE ( 'NONE', #915, #594, #487, .T. ) ;
#2812 = CARTESIAN_POINT ( 'NONE',  ( 30.49999999999992184, -27.60000000000001208, -122.5284271247462300 ) ) ;
#2813 = ORIENTED_EDGE ( 'NONE', *, *, #2987, .T. ) ;
#2814 = CARTESIAN_POINT ( 'NONE',  ( -68.49999999999998579, -30.21207867750540288, -150.8000000000000114 ) ) ;
#2815 = CARTESIAN_POINT ( 'NONE',  ( 68.49999999999997158, 1.602373713730178828E-30, -105.7000000000000881 ) ) ;
#2816 = EDGE_CURVE ( 'NONE', #1886, #368, #2731, .T. ) ;
#2817 = CARTESIAN_POINT ( 'NONE',  ( 0.000000000000000000, -28.60000000000001563, 0.000000000000000000 ) ) ;
#2818 = ORIENTED_EDGE ( 'NONE', *, *, #1146, .T. ) ;
#2819 = ORIENTED_EDGE ( 'NONE', *, *, #520, .T. ) ;
#2820 = CARTESIAN_POINT ( 'NONE',  ( 68.49999999999994316, -21.55000000000001847, -142.2426406871192910 ) ) ;
#2821 = ORIENTED_EDGE ( 'NONE', *, *, #1823, .T. ) ;
#2822 = CARTESIAN_POINT ( 'NONE',  ( -65.49999999999994316, 28.65035188793451937, -11.57549354213119486 ) ) ;
#2823 = CYLINDRICAL_SURFACE ( 'NONE', #1615, 2.000000000000001776 ) ;
#2824 = DIRECTION ( 'NONE',  ( 0.000000000000000000, 0.000000000000000000, 1.000000000000000000 ) ) ;
#2825 = EDGE_CURVE ( 'NONE', #752, #2748, #1881, .T. ) ;
#2826 = CARTESIAN_POINT ( 'NONE',  ( 0.000000000000000000, -28.60000000000001563, -130.2000000000001023 ) ) ;
#2827 = VECTOR ( 'NONE', #999, 1000.000000000000000 ) ;
#2828 = VECTOR ( 'NONE', #39, 1000.000000000000000 ) ;
#2829 = CARTESIAN_POINT ( 'NONE',  ( 65.49999999999994316, 0.000000000000000000, 1.893286493148214150E-14 ) ) ;
#2830 = CIRCLE ( 'NONE', #1604, 1.750000000000001554 ) ;
#2831 = VECTOR ( 'NONE', #2743, 1000.000000000000000 ) ;
#2832 = EDGE_LOOP ( 'NONE', ( #1162, #2038, #1387, #1498 ) ) ;
#2833 = EDGE_CURVE ( 'NONE', #3008, #2671, #1867, .T. ) ;
#2834 = EDGE_CURVE ( 'NONE', #1101, #2386, #2806, .T. ) ;
#2835 = DIRECTION ( 'NONE',  ( 0.000000000000000000, 0.000000000000000000, -1.000000000000000000 ) ) ;
#2836 = VECTOR ( 'NONE', #568, 1000.000000000000000 ) ;
#2837 = CARTESIAN_POINT ( 'NONE',  ( 30.49999999999992184, -47.12997571504072880, -122.5284271247462300 ) ) ;
#2838 = VERTEX_POINT ( 'NONE', #702 ) ;
#2839 = VECTOR ( 'NONE', #2057, 1000.000000000000000 ) ;
#2840 = ORIENTED_EDGE ( 'NONE', *, *, #2035, .F. ) ;
#2841 = PLANE ( 'NONE',  #2330 ) ;
#2842 = CARTESIAN_POINT ( 'NONE',  ( 31.91421356237301410, -27.60000000000001208, -121.1142135623731377 ) ) ;
#2843 = EDGE_LOOP ( 'NONE', ( #2778, #1847, #1794, #2655, #2115, #1320, #2690, #2398, #2479, #164, #1821, #48 ) ) ;
#2844 = CARTESIAN_POINT ( 'NONE',  ( 0.000000000000000000, -28.60000000000001563, 0.000000000000000000 ) ) ;
#2845 = DIRECTION ( 'NONE',  ( 0.000000000000000000, 1.387778780781444413E-14, -1.000000000000000000 ) ) ;
#2846 = LINE ( 'NONE', #1019, #842 ) ;
#2847 = VERTEX_POINT ( 'NONE', #2338 ) ;
#2848 = DIRECTION ( 'NONE',  ( 0.000000000000000000, 0.000000000000000000, 1.000000000000000000 ) ) ;
#2849 = CARTESIAN_POINT ( 'NONE',  ( 65.50000000000000000, -22.60000000000001563, -135.2999999999999829 ) ) ;
#2850 = ORIENTED_EDGE ( 'NONE', *, *, #2374, .F. ) ;
#2851 = DIRECTION ( 'NONE',  ( -1.000000000000000000, -0.000000000000000000, 2.885194970439601459E-16 ) ) ;
#2852 = EDGE_CURVE ( 'NONE', #594, #2061, #1640, .T. ) ;
#2853 = FACE_OUTER_BOUND ( 'NONE', #1857, .T. ) ;
#2854 = ORIENTED_EDGE ( 'NONE', *, *, #2031, .T. ) ;
#2855 = EDGE_CURVE ( 'NONE', #2334, #1976, #2561, .T. ) ;
#2856 = CARTESIAN_POINT ( 'NONE',  ( 65.49999999999997158, -22.59999999999995168, -108.7000000000001023 ) ) ;
#2857 = DIRECTION ( 'NONE',  ( 3.083952846180988308E-16, -1.356509677965685574E-63, -1.000000000000000000 ) ) ;
#2858 = LINE ( 'NONE', #2276, #1569 ) ;
#2859 = DIRECTION ( 'NONE',  ( 0.000000000000000000, 1.982541115402063335E-15, 1.000000000000000000 ) ) ;
#2860 = CARTESIAN_POINT ( 'NONE',  ( -65.49999999999994316, 34.78419867295181689, -14.05372850853317068 ) ) ;
#2861 = ORIENTED_EDGE ( 'NONE', *, *, #575, .F. ) ;
#2862 = LINE ( 'NONE', #742, #2646 ) ;
#2863 = DIRECTION ( 'NONE',  ( 0.000000000000000000, 0.000000000000000000, -1.000000000000000000 ) ) ;
#2864 = CARTESIAN_POINT ( 'NONE',  ( -50.49999999999997868, 114.4343466423975144, -105.7000000000001165 ) ) ;
#2865 = VERTEX_POINT ( 'NONE', #1656 ) ;
#2866 = LINE ( 'NONE', #1957, #2540 ) ;
#2867 = CARTESIAN_POINT ( 'NONE',  ( 0.000000000000000000, -22.60000000000001563, 0.000000000000000000 ) ) ;
#2868 = ORIENTED_EDGE ( 'NONE', *, *, #1088, .T. ) ;
#2869 = ADVANCED_FACE ( 'NONE', ( #2316 ), #263, .T. ) ;
#2870 = LINE ( 'NONE', #782, #209 ) ;
#2871 = DIRECTION ( 'NONE',  ( 2.547475954078324471E-16, -0.4694715627858935258, -0.8829475928589254341 ) ) ;
#2872 = ORIENTED_EDGE ( 'NONE', *, *, #1966, .F. ) ;
#2873 = CYLINDRICAL_SURFACE ( 'NONE', #110, 1.750000000000001554 ) ;
#2874 = CARTESIAN_POINT ( 'NONE',  ( 39.30000000000009663, -63.73661856601736986, -110.3950616589795857 ) ) ;
#2875 = EDGE_CURVE ( 'NONE', #459, #1826, #244, .T. ) ;
#2876 = LINE ( 'NONE', #1486, #756 ) ;
#2877 = VERTEX_POINT ( 'NONE', #310 ) ;
#2878 = LINE ( 'NONE', #540, #2978 ) ;
#2879 = LINE ( 'NONE', #273, #2545 ) ;
#2880 = VECTOR ( 'NONE', #1238, 1000.000000000000000 ) ;
#2881 = LINE ( 'NONE', #795, #1036 ) ;
#2882 = DIRECTION ( 'NONE',  ( 0.000000000000000000, 0.000000000000000000, -1.000000000000000000 ) ) ;
#2883 = AXIS2_PLACEMENT_3D ( 'NONE', #2867, #815, #1461 ) ;
#2884 = VECTOR ( 'NONE', #2835, 1000.000000000000000 ) ;
#2885 = PLANE ( 'NONE',  #2883 ) ;
#2886 = ORIENTED_EDGE ( 'NONE', *, *, #1211, .F. ) ;
#2887 = AXIS2_PLACEMENT_3D ( 'NONE', #2799, #250, #1185 ) ;
#2888 = AXIS2_PLACEMENT_3D ( 'NONE', #708, #674, #1406 ) ;
#2889 = PLANE ( 'NONE',  #1809 ) ;
#2890 = CIRCLE ( 'NONE', #256, 2.000000000000001776 ) ;
#2891 = CIRCLE ( 'NONE', #1570, 2.000000000000001776 ) ;
#2892 = VERTEX_POINT ( 'NONE', #2139 ) ;
#2893 = FACE_OUTER_BOUND ( 'NONE', #759, .T. ) ;
#2894 = EDGE_CURVE ( 'NONE', #1808, #1744, #2858, .T. ) ;
#2895 = CARTESIAN_POINT ( 'NONE',  ( -68.49999999999998579, -28.99999999999995737, -153.7999999999999829 ) ) ;
#2896 = LINE ( 'NONE', #1728, #1662 ) ;
#2897 = FACE_OUTER_BOUND ( 'NONE', #152, .T. ) ;
#2898 = EDGE_CURVE ( 'NONE', #2847, #2560, #2521, .T. ) ;
#2899 = DIRECTION ( 'NONE',  ( -1.000000000000000000, -2.465190328815661892E-32, -2.937503844654690540E-16 ) ) ;
#2900 = VERTEX_POINT ( 'NONE', #519 ) ;
#2901 = CARTESIAN_POINT ( 'NONE',  ( -35.49999999999993605, -47.12997571504072880, -135.2999999999999829 ) ) ;
#2902 = DIRECTION ( 'NONE',  ( 0.000000000000000000, -1.784287003861857238E-14, -1.000000000000000000 ) ) ;
#2903 = AXIS2_PLACEMENT_3D ( 'NONE', #2956, #339, #521 ) ;
#2904 = LINE ( 'NONE', #2130, #1706 ) ;
#2905 = ORIENTED_EDGE ( 'NONE', *, *, #787, .F. ) ;
#2906 = CARTESIAN_POINT ( 'NONE',  ( 35.49999999999993605, -28.60000000000001563, -138.1867513459480676 ) ) ;
#2907 = ORIENTED_EDGE ( 'NONE', *, *, #2417, .T. ) ;
#2908 = EDGE_LOOP ( 'NONE', ( #2351, #2044, #899, #599, #2601, #1866, #2699, #1837 ) ) ;
#2909 = CARTESIAN_POINT ( 'NONE',  ( 50.49999999999997868, -20.60000000000001563, -105.7000000000000881 ) ) ;
#2910 = CARTESIAN_POINT ( 'NONE',  ( -65.49999999999997158, -32.00000000000000000, -110.7000000000001734 ) ) ;
#2911 = EDGE_CURVE ( 'NONE', #1878, #2877, #215, .T. ) ;
#2912 = CARTESIAN_POINT ( 'NONE',  ( -65.50000000000001421, -18.17742825450812205, -145.1383550522259043 ) ) ;
#2913 = CARTESIAN_POINT ( 'NONE',  ( 25.49999999999995737, -99.08410035229786672, -89.98718353449511653 ) ) ;
#2914 = EDGE_LOOP ( 'NONE', ( #2948, #2106, #2069, #1341 ) ) ;
#2915 = DIRECTION ( 'NONE',  ( 1.000000000000000000, 0.000000000000000000, -2.885194970439601459E-16 ) ) ;
#2916 = EDGE_CURVE ( 'NONE', #1478, #1723, #290, .T. ) ;
#2917 = ORIENTED_EDGE ( 'NONE', *, *, #1075, .F. ) ;
#2918 = VERTEX_POINT ( 'NONE', #1210 ) ;
#2919 = CARTESIAN_POINT ( 'NONE',  ( 65.50000000000001421, -26.80000000000001137, -153.7999999999999545 ) ) ;
#2920 = DIRECTION ( 'NONE',  ( 0.000000000000000000, 1.000000000000000000, 0.000000000000000000 ) ) ;
#2921 = FACE_OUTER_BOUND ( 'NONE', #1005, .T. ) ;
#2922 = CARTESIAN_POINT ( 'NONE',  ( -68.49999999999998579, -26.80000000000003979, -153.7999999999999829 ) ) ;
#2923 = DIRECTION ( 'NONE',  ( 0.000000000000000000, 0.000000000000000000, -1.000000000000000000 ) ) ;
#2924 = CARTESIAN_POINT ( 'NONE',  ( -30.50000000000002487, -28.60000000000001563, -127.2000000000000313 ) ) ;
#2925 = ORIENTED_EDGE ( 'NONE', *, *, #672, .T. ) ;
#2926 = DIRECTION ( 'NONE',  ( -2.723606137491687774E-16, -0.3746065934159165112, -0.9271838545667855369 ) ) ;
#2927 = ADVANCED_FACE ( 'NONE', ( #1901 ), #2994, .F. ) ;
#2928 = EDGE_LOOP ( 'NONE', ( #1882, #1641, #2528, #2850 ) ) ;
#2929 = AXIS2_PLACEMENT_3D ( 'NONE', #974, #1201, #525 ) ;
#2930 = VECTOR ( 'NONE', #207, 1000.000000000000000 ) ;
#2931 = ADVANCED_FACE ( 'NONE', ( #1832 ), #1002, .T. ) ;
#2932 = AXIS2_PLACEMENT_3D ( 'NONE', #2983, #2507, #1100 ) ;
#2933 = VECTOR ( 'NONE', #131, 1000.000000000000000 ) ;
#2934 = ORIENTED_EDGE ( 'NONE', *, *, #685, .F. ) ;
#2935 = ORIENTED_EDGE ( 'NONE', *, *, #1124, .F. ) ;
#2936 = VECTOR ( 'NONE', #1381, 999.9999999999998863 ) ;
#2937 = VECTOR ( 'NONE', #1668, 1000.000000000000000 ) ;
#2938 = LINE ( 'NONE', #2032, #489 ) ;
#2939 = PLANE ( 'NONE',  #1710 ) ;
#2940 = DIRECTION ( 'NONE',  ( -1.000000000000000000, -2.465190328815661892E-32, -2.937503844654690540E-16 ) ) ;
#2941 = LINE ( 'NONE', #662, #59 ) ;
#2942 = VERTEX_POINT ( 'NONE', #1917 ) ;
#2943 = DIRECTION ( 'NONE',  ( 1.000000000000000000, 0.000000000000000000, 0.000000000000000000 ) ) ;
#2944 = EDGE_CURVE ( 'NONE', #933, #830, #67, .T. ) ;
#2945 = AXIS2_PLACEMENT_3D ( 'NONE', #88, #1696, #1018 ) ;
#2946 = ORIENTED_EDGE ( 'NONE', *, *, #766, .F. ) ;
#2947 = EDGE_LOOP ( 'NONE', ( #1434, #2250, #2589, #1464 ) ) ;
#2948 = ORIENTED_EDGE ( 'NONE', *, *, #147, .T. ) ;
#2949 = ADVANCED_FACE ( 'NONE', ( #1600 ), #534, .F. ) ;
#2950 = DIRECTION ( 'NONE',  ( 1.000000000000000000, 0.000000000000000000, 2.885194970439601952E-16 ) ) ;
#2951 = CARTESIAN_POINT ( 'NONE',  ( -142.5000000000000568, -19.80000000000001492, -144.4827935137481063 ) ) ;
#2952 = DIRECTION ( 'NONE',  ( 1.000000000000000000, 0.000000000000000000, 2.885194970439601952E-16 ) ) ;
#2953 = CARTESIAN_POINT ( 'NONE',  ( -25.50000000000001421, -23.60000000000001208, -1.669262212732409770E-14 ) ) ;
#2954 = ORIENTED_EDGE ( 'NONE', *, *, #2498, .F. ) ;
#2955 = CARTESIAN_POINT ( 'NONE',  ( -25.50000000000001421, -28.60000000000001563, -1.669262212732409770E-14 ) ) ;
#2956 = CARTESIAN_POINT ( 'NONE',  ( 0.000000000000000000, -28.60000000000001563, -138.1867513459480676 ) ) ;
#2957 = ORIENTED_EDGE ( 'NONE', *, *, #176, .F. ) ;
#2958 = EDGE_CURVE ( 'NONE', #1344, #2678, #1143, .T. ) ;
#2959 = VERTEX_POINT ( 'NONE', #1932 ) ;
#2960 = ADVANCED_FACE ( 'NONE', ( #2768 ), #2823, .F. ) ;
#2961 = PLANE ( 'NONE',  #2267 ) ;
#2962 = DIRECTION ( 'NONE',  ( 1.000000000000000000, 0.000000000000000000, 2.885194970439601952E-16 ) ) ;
#2963 = EDGE_CURVE ( 'NONE', #1687, #2526, #2890, .T. ) ;
#2964 = DIRECTION ( 'NONE',  ( -1.000000000000000000, 0.000000000000000000, 0.000000000000000000 ) ) ;
#2965 = EDGE_LOOP ( 'NONE', ( #407, #1392, #1330, #1297 ) ) ;
#2966 = DIRECTION ( 'NONE',  ( 0.000000000000000000, 0.000000000000000000, 1.000000000000000000 ) ) ;
#2967 = VERTEX_POINT ( 'NONE', #2909 ) ;
#2968 = ORIENTED_EDGE ( 'NONE', *, *, #10, .F. ) ;
#2969 = VERTEX_POINT ( 'NONE', #1965 ) ;
#2970 = VERTEX_POINT ( 'NONE', #338 ) ;
#2971 = AXIS2_PLACEMENT_3D ( 'NONE', #299, #2113, #1022 ) ;
#2972 = VECTOR ( 'NONE', #463, 1000.000000000000000 ) ;
#2973 = AXIS2_PLACEMENT_3D ( 'NONE', #2817, #1204, #1593 ) ;
#2974 = VECTOR ( 'NONE', #2882, 1000.000000000000000 ) ;
#2975 = CARTESIAN_POINT ( 'NONE',  ( -65.49999999999997158, -32.00000000000000000, -105.7000000000000881 ) ) ;
#2976 = CARTESIAN_POINT ( 'NONE',  ( 68.49999999999997158, -14.60000000000001386, -105.7000000000000881 ) ) ;
#2977 = VECTOR ( 'NONE', #138, 1000.000000000000000 ) ;
#2978 = VECTOR ( 'NONE', #2372, 1000.000000000000000 ) ;
#2979 = EDGE_CURVE ( 'NONE', #1563, #1767, #1296, .T. ) ;
#2980 = PLANE ( 'NONE',  #745 ) ;
#2981 = VECTOR ( 'NONE', #755, 1000.000000000000114 ) ;
#2982 = VECTOR ( 'NONE', #2998, 1000.000000000000000 ) ;
#2983 = CARTESIAN_POINT ( 'NONE',  ( 0.000000000000000000, -28.60000000000001563, 0.000000000000000000 ) ) ;
#2984 = ORIENTED_EDGE ( 'NONE', *, *, #810, .T. ) ;
#2985 = DIRECTION ( 'NONE',  ( -0.000000000000000000, -1.000000000000000000, -0.000000000000000000 ) ) ;
#2986 = DIRECTION ( 'NONE',  ( 2.675106193868901742E-16, -0.3746065934159084621, -0.9271838545667887566 ) ) ;
#2987 = EDGE_CURVE ( 'NONE', #937, #1490, #1714, .T. ) ;
#2988 = ORIENTED_EDGE ( 'NONE', *, *, #2238, .F. ) ;
#2989 = ORIENTED_EDGE ( 'NONE', *, *, #1032, .T. ) ;
#2990 = ORIENTED_EDGE ( 'NONE', *, *, #805, .T. ) ;
#2991 = ORIENTED_EDGE ( 'NONE', *, *, #1108, .F. ) ;
#2992 = VECTOR ( 'NONE', #2557, 1000.000000000000000 ) ;
#2993 = CARTESIAN_POINT ( 'NONE',  ( -44.60000000000000853, -27.60000000000001208, -44.59999999999987352 ) ) ;
#2994 = PLANE ( 'NONE',  #1376 ) ;
#2995 = ORIENTED_EDGE ( 'NONE', *, *, #2263, .T. ) ;
#2996 = EDGE_CURVE ( 'NONE', #2795, #1344, #582, .T. ) ;
#2997 = DIRECTION ( 'NONE',  ( -2.593661948651698237E-16, 0.4694715627858935258, 0.8829475928589254341 ) ) ;
#2998 = DIRECTION ( 'NONE',  ( 1.000000000000000000, 0.000000000000000000, 0.000000000000000000 ) ) ;
#2999 = VERTEX_POINT ( 'NONE', #2705 ) ;
#3000 = ORIENTED_EDGE ( 'NONE', *, *, #2238, .T. ) ;
#3001 = EDGE_CURVE ( 'NONE', #267, #2900, #1949, .T. ) ;
#3002 = EDGE_LOOP ( 'NONE', ( #1240, #1642, #2769, #144, #1219, #1373 ) ) ;
#3003 = ORIENTED_EDGE ( 'NONE', *, *, #2911, .T. ) ;
#3004 = EDGE_LOOP ( 'NONE', ( #86, #1990, #1684, #1446, #229, #2990, #2063, #1427 ) ) ;
#3005 = ORIENTED_EDGE ( 'NONE', *, *, #2059, .T. ) ;
#3006 = PLANE ( 'NONE',  #2639 ) ;
#3007 = LINE ( 'NONE', #1632, #541 ) ;
#3008 = VERTEX_POINT ( 'NONE', #1066 ) ;
ENDSEC;
END-ISO-10303-21;
