ISO-10303-21;
HEADER;
FILE_DESCRIPTION (( 'STEP AP214' ),
    '1' );
FILE_NAME ('FrontWingBumper.STEP',
    '2024-04-29T20:19:26',
    ( '' ),
    ( '' ),
    'SwSTEP 2.0',
    'SolidWorks 2022',
    '' );
FILE_SCHEMA (( 'AUTOMOTIVE_DESIGN' ));
ENDSEC;

DATA;
#1 = ADVANCED_FACE ( 'NONE', ( #945 ), #3056, .T. ) ;
#2 = CARTESIAN_POINT ( 'NONE',  ( 98.67785929418596425, 24.07785929418603033, -87.12214070581335079 ) ) ;
#3 = ORIENTED_EDGE ( 'NONE', *, *, #2740, .F. ) ;
#4 = ORIENTED_EDGE ( 'NONE', *, *, #2365, .T. ) ;
#5 = LINE ( 'NONE', #36, #2996 ) ;
#6 = CARTESIAN_POINT ( 'NONE',  ( -67.00000000000005684, -21.54999999999999005, -143.7426406871192910 ) ) ;
#7 = LINE ( 'NONE', #2536, #44 ) ;
#8 = CARTESIAN_POINT ( 'NONE',  ( -70.00000000000002842, -19.79999999999998295, -145.9827935137482200 ) ) ;
#9 =( BOUNDED_CURVE ( )  B_SPLINE_CURVE ( 3, ( #1701, #418, #1686, #3210 ),
 .UNSPECIFIED., .F., .T. ) 
 B_SPLINE_CURVE_WITH_KNOTS ( ( 4, 4 ),
 ( 1.570796326794897224, 2.617993877991486862 ),
 .UNSPECIFIED. ) 
 CURVE ( )  GEOMETRIC_REPRESENTATION_ITEM ( )  RATIONAL_B_SPLINE_CURVE ( ( 1.000000000000000000, 0.9106836025229603226, 0.9106836025229603226, 1.000000000000000000 ) ) 
 REPRESENTATION_ITEM ( '' )  );
#10 = LINE ( 'NONE', #3176, #2649 ) ;
#11 = DIRECTION ( 'NONE',  ( 0.000000000000000000, 0.000000000000000000, 1.000000000000000000 ) ) ;
#12 = EDGE_CURVE ( 'NONE', #2043, #1607, #1105, .T. ) ;
#13 = ORIENTED_EDGE ( 'NONE', *, *, #2642, .F. ) ;
#14 = CARTESIAN_POINT ( 'NONE',  ( 35.49999999999993605, -23.59999999999999787, -130.1038475772933225 ) ) ;
#15 = EDGE_CURVE ( 'NONE', #525, #700, #2609, .T. ) ;
#16 = VERTEX_POINT ( 'NONE', #1576 ) ;
#17 = VERTEX_POINT ( 'NONE', #2846 ) ;
#18 = AXIS2_PLACEMENT_3D ( 'NONE', #899, #2177, #3266 ) ;
#19 = CARTESIAN_POINT ( 'NONE',  ( -67.00000000000000000, -79.73031947122056806, -32.21314006058822343 ) ) ;
#20 = CARTESIAN_POINT ( 'NONE',  ( 15.61472762530858027, -25.82216865032497211, -134.5233346432310952 ) ) ;
#21 = LINE ( 'NONE', #294, #45 ) ;
#22 = AXIS2_PLACEMENT_3D ( 'NONE', #593, #2172, #1665 ) ;
#23 = DIRECTION ( 'NONE',  ( 0.000000000000000000, 0.000000000000000000, 1.000000000000000000 ) ) ;
#24 = FACE_OUTER_BOUND ( 'NONE', #290, .T. ) ;
#25 = LINE ( 'NONE', #2347, #2093 ) ;
#26 = CARTESIAN_POINT ( 'NONE',  ( 52.00000000000002132, 117.4335778825590069, -104.2000000000001307 ) ) ;
#27 = ORIENTED_EDGE ( 'NONE', *, *, #2041, .F. ) ;
#28 = EDGE_CURVE ( 'NONE', #755, #299, #1828, .T. ) ;
#29 = DIRECTION ( 'NONE',  ( 1.000000000000000000, 0.000000000000000000, 0.000000000000000000 ) ) ;
#30 = VERTEX_POINT ( 'NONE', #2161 ) ;
#31 = ORIENTED_EDGE ( 'NONE', *, *, #1494, .T. ) ;
#32 = AXIS2_PLACEMENT_3D ( 'NONE', #796, #1055, #1861 ) ;
#33 = EDGE_CURVE ( 'NONE', #819, #3285, #583, .T. ) ;
#34 = DIRECTION ( 'NONE',  ( 0.000000000000000000, 0.000000000000000000, 1.000000000000000000 ) ) ;
#35 = CARTESIAN_POINT ( 'NONE',  ( 15.31140168409731217, -21.31256861917607281, -134.8885983159026409 ) ) ;
#36 = CARTESIAN_POINT ( 'NONE',  ( -67.00000000000002842, -31.00000000000000711, -155.2999999999999829 ) ) ;
#37 = DIRECTION ( 'NONE',  ( 0.000000000000000000, 1.000000000000000000, 0.000000000000000000 ) ) ;
#38 = DIRECTION ( 'NONE',  ( 0.000000000000000000, 1.000000000000000000, 0.000000000000000000 ) ) ;
#39 = ORIENTED_EDGE ( 'NONE', *, *, #1682, .F. ) ;
#40 = EDGE_CURVE ( 'NONE', #1265, #2822, #10, .T. ) ;
#41 = VECTOR ( 'NONE', #791, 1000.000000000000227 ) ;
#42 = DIRECTION ( 'NONE',  ( -1.000000000000000000, 0.000000000000000000, -2.715809747126122424E-16 ) ) ;
#43 = CARTESIAN_POINT ( 'NONE',  ( -70.00000000000005684, -18.04999999999998295, -145.9827935137482200 ) ) ;
#44 = VECTOR ( 'NONE', #247, 1000.000000000000000 ) ;
#45 = VECTOR ( 'NONE', #1353, 1000.000000000000000 ) ;
#46 = CARTESIAN_POINT ( 'NONE',  ( -141.0000000000000568, 32.06004895981227065, -12.95310058132349518 ) ) ;
#47 = ORIENTED_EDGE ( 'NONE', *, *, #517, .T. ) ;
#48 = VECTOR ( 'NONE', #90, 1000.000000000000000 ) ;
#49 = CARTESIAN_POINT ( 'NONE',  ( -38.49999999999993605, -20.60000000000000142, -135.2999999999999829 ) ) ;
#50 = CYLINDRICAL_SURFACE ( 'NONE', #630, 1.750000000000001554 ) ;
#51 = ORIENTED_EDGE ( 'NONE', *, *, #2978, .T. ) ;
#52 = ORIENTED_EDGE ( 'NONE', *, *, #225, .F. ) ;
#53 = CARTESIAN_POINT ( 'NONE',  ( -53.00000000000000711, -27.59999999999999787, 0.000000000000000000 ) ) ;
#54 = LINE ( 'NONE', #2133, #185 ) ;
#55 = LINE ( 'NONE', #758, #795 ) ;
#56 = CARTESIAN_POINT ( 'NONE',  ( -70.00000000000002842, -19.60000000000002984, -155.2999999999999829 ) ) ;
#57 = EDGE_CURVE ( 'NONE', #1846, #1783, #3159, .T. ) ;
#58 = VERTEX_POINT ( 'NONE', #3110 ) ;
#59 = CARTESIAN_POINT ( 'NONE',  ( -70.00000000000002842, -19.60000000000002274, -155.2999999999999829 ) ) ;
#60 = PLANE ( 'NONE',  #2178 ) ;
#61 = VERTEX_POINT ( 'NONE', #566 ) ;
#62 = EDGE_CURVE ( 'NONE', #2039, #3315, #1606, .T. ) ;
#63 = LINE ( 'NONE', #2963, #2766 ) ;
#64 = ORIENTED_EDGE ( 'NONE', *, *, #2998, .T. ) ;
#65 = LINE ( 'NONE', #2400, #129 ) ;
#66 = LINE ( 'NONE', #2214, #584 ) ;
#67 = VERTEX_POINT ( 'NONE', #281 ) ;
#68 = ORIENTED_EDGE ( 'NONE', *, *, #57, .T. ) ;
#69 = CARTESIAN_POINT ( 'NONE',  ( -20.09615242270661284, -26.59999999999999787, -130.1038475772933225 ) ) ;
#70 = DIRECTION ( 'NONE',  ( 0.000000000000000000, -0.000000000000000000, -1.000000000000000000 ) ) ;
#71 = CARTESIAN_POINT ( 'NONE',  ( 10.78743782054344358, -23.59999999999999787, -137.1372665557538255 ) ) ;
#72 = DIRECTION ( 'NONE',  ( -3.083952846180988308E-16, -1.899113549151959749E-63, -1.000000000000000000 ) ) ;
#73 = VECTOR ( 'NONE', #3047, 1000.000000000000000 ) ;
#74 = ORIENTED_EDGE ( 'NONE', *, *, #1474, .T. ) ;
#75 = EDGE_CURVE ( 'NONE', #3027, #2452, #3142, .T. ) ;
#76 = VECTOR ( 'NONE', #2273, 1000.000000000000000 ) ;
#77 = CARTESIAN_POINT ( 'NONE',  ( -31.49999999999993250, -26.59999999999999787, -126.3568542494923861 ) ) ;
#78 = VECTOR ( 'NONE', #2817, 1000.000000000000000 ) ;
#79 = EDGE_CURVE ( 'NONE', #853, #2096, #2591, .T. ) ;
#80 = DIRECTION ( 'NONE',  ( 1.000000000000000000, -0.000000000000000000, -0.000000000000000000 ) ) ;
#81 = ORIENTED_EDGE ( 'NONE', *, *, #2391, .T. ) ;
#82 = EDGE_CURVE ( 'NONE', #3315, #120, #533, .T. ) ;
#83 = DIRECTION ( 'NONE',  ( -0.000000000000000000, -1.000000000000000000, 0.000000000000000000 ) ) ;
#84 = LINE ( 'NONE', #1407, #577 ) ;
#85 = EDGE_LOOP ( 'NONE', ( #2153, #2239, #3100, #389 ) ) ;
#86 = ORIENTED_EDGE ( 'NONE', *, *, #1063, .T. ) ;
#87 = CARTESIAN_POINT ( 'NONE',  ( 69.99999999999998579, -21.54999999999999361, -145.6426279727571114 ) ) ;
#88 = DIRECTION ( 'NONE',  ( 0.000000000000000000, 0.000000000000000000, 1.000000000000000000 ) ) ;
#89 = LINE ( 'NONE', #3207, #558 ) ;
#90 = DIRECTION ( 'NONE',  ( 4.930380657631323784E-32, 1.000000000000000000, -1.520506146185781629E-47 ) ) ;
#91 = ORIENTED_EDGE ( 'NONE', *, *, #2285, .F. ) ;
#92 = LINE ( 'NONE', #1652, #1992 ) ;
#93 = VECTOR ( 'NONE', #705, 1000.000000000000114 ) ;
#94 = VECTOR ( 'NONE', #476, 1000.000000000000000 ) ;
#95 =( BOUNDED_SURFACE ( )  B_SPLINE_SURFACE ( 3, 2, ( 
 ( #1647, #2715, #397 ),
 ( #1120, #1941, #2439 ),
 ( #622, #1892, #605 ),
 ( #2954, #142, #2206 ),
 ( #1153, #2921, #2190 ),
 ( #3223, #913, #1959 ),
 ( #1168, #1925, #1629 ),
 ( #3248, #654, #1666 ),
 ( #107, #2405, #1399 ),
 ( #2743, #2677, #71 ),
 ( #2420, #2219, #3191 ),
 ( #2988, #862, #2455 ),
 ( #1907, #1102, #2692 ),
 ( #1697, #364, #3206 ) ),
 .UNSPECIFIED., .F., .F., .T. ) 
 B_SPLINE_SURFACE_WITH_KNOTS ( ( 4, 2, 2, 2, 2, 2, 4 ),
 ( 3, 3 ),
 ( 0.006239977158371745256, 0.007528200222596666442, 0.008816423286821587629, 0.01010464635104650795, 0.01139286941527142827, 0.01396931554372126891, 0.01654576167217110955 ),
 ( 0.000000000000000000, 1.000000000000000000 ),
 .UNSPECIFIED. ) 
 GEOMETRIC_REPRESENTATION_ITEM ( )  RATIONAL_B_SPLINE_SURFACE ( (
 ( 1.000000000000000000, 0.7263818015510690174, 1.000000000000000000),
 ( 1.000000000000000000, 0.7496969782801045090, 1.000000000000000000),
 ( 1.000000000000000000, 0.7715551314775425107, 1.000000000000000000),
 ( 1.000000000000000000, 0.8122928251270765676, 1.000000000000000000),
 ( 1.000000000000000000, 0.8311699351424647331, 1.000000000000000000),
 ( 1.000000000000000000, 0.8658843809271269398, 1.000000000000000000),
 ( 1.000000000000000000, 0.8817442443502295779, 1.000000000000000000),
 ( 1.000000000000000000, 0.9102920813160991775, 1.000000000000000000),
 ( 1.000000000000000000, 0.9229849378874595001, 1.000000000000000000),
 ( 1.000000000000000000, 0.9565533534580029640, 1.000000000000000000),
 ( 1.000000000000000000, 0.9729353617061330395, 1.000000000000000000),
 ( 1.000000000000000000, 0.9946554519930160820, 1.000000000000000000),
 ( 1.000000000000000000, 0.9999888561338139414, 1.000000000000000000),
 ( 1.000000000000000000, 1.000000000000000000, 1.000000000000000000) ) ) 
 REPRESENTATION_ITEM ( '' )  SURFACE ( )  );
#96 = CARTESIAN_POINT ( 'NONE',  ( -52.00000000000002132, -26.99999999999991473, -104.2000000000001023 ) ) ;
#97 = AXIS2_PLACEMENT_3D ( 'NONE', #1620, #3199, #2446 ) ;
#98 = AXIS2_PLACEMENT_3D ( 'NONE', #1749, #1875, #579 ) ;
#99 = EDGE_CURVE ( 'NONE', #671, #2709, #1308, .T. ) ;
#100 = VERTEX_POINT ( 'NONE', #297 ) ;
#101 = DIRECTION ( 'NONE',  ( 0.7071067811865465735, 0.000000000000000000, 0.7071067811865484609 ) ) ;
#102 = LINE ( 'NONE', #1145, #2704 ) ;
#103 = ADVANCED_FACE ( 'NONE', ( #316 ), #1293, .F. ) ;
#104 = ORIENTED_EDGE ( 'NONE', *, *, #220, .F. ) ;
#105 = ORIENTED_EDGE ( 'NONE', *, *, #2502, .T. ) ;
#106 = DIRECTION ( 'NONE',  ( -1.000000000000000000, 0.000000000000000000, -0.000000000000000000 ) ) ;
#107 = CARTESIAN_POINT ( 'NONE',  ( 13.26207719357065073, -24.48934405193195474, -136.9379228064038614 ) ) ;
#108 = AXIS2_PLACEMENT_3D ( 'NONE', #2598, #2072, #765 ) ;
#109 = VERTEX_POINT ( 'NONE', #813 ) ;
#110 = VECTOR ( 'NONE', #678, 1000.000000000000000 ) ;
#111 = CARTESIAN_POINT ( 'NONE',  ( -13.90439373501901166, -23.59999999999999787, -132.0625187964260476 ) ) ;
#112 = PLANE ( 'NONE',  #1492 ) ;
#113 = CARTESIAN_POINT ( 'NONE',  ( -37.31925405360790649, -23.83659361598613557, -138.8881680675869461 ) ) ;
#114 = CARTESIAN_POINT ( 'NONE',  ( 17.78675134594807972, -28.60000000000000497, -132.4132486540518414 ) ) ;
#115 = ORIENTED_EDGE ( 'NONE', *, *, #2599, .F. ) ;
#116 = ADVANCED_FACE ( 'NONE', ( #1324, #24 ), #2108, .T. ) ;
#117 = LINE ( 'NONE', #1640, #1070 ) ;
#118 = CARTESIAN_POINT ( 'NONE',  ( -53.00000000000000711, -27.59999999999999787, -130.2000000000001023 ) ) ;
#119 = ORIENTED_EDGE ( 'NONE', *, *, #3103, .F. ) ;
#120 = VERTEX_POINT ( 'NONE', #1088 ) ;
#121 = ADVANCED_FACE ( 'NONE', ( #1848 ), #367, .F. ) ;
#122 = DIRECTION ( 'NONE',  ( 0.000000000000000000, 1.000000000000000000, -0.000000000000000000 ) ) ;
#123 = LINE ( 'NONE', #895, #3073 ) ;
#124 = DIRECTION ( 'NONE',  ( -3.994651572012802978E-32, -1.000000000000000000, 1.442597485219800730E-16 ) ) ;
#125 = EDGE_LOOP ( 'NONE', ( #2000, #1462, #1517, #1727, #287, #610, #1623, #2739, #1553, #601 ) ) ;
#126 = DIRECTION ( 'NONE',  ( 4.930380657631323784E-32, 1.000000000000000000, -1.520506146185781629E-47 ) ) ;
#127 = LINE ( 'NONE', #1419, #2030 ) ;
#128 = CARTESIAN_POINT ( 'NONE',  ( 11.20498504554096009, -23.59999999999999787, -136.2316250571019509 ) ) ;
#129 = VECTOR ( 'NONE', #2881, 1000.000000000000114 ) ;
#130 = CIRCLE ( 'NONE', #2941, 1.750000000000001554 ) ;
#131 = FACE_OUTER_BOUND ( 'NONE', #1456, .T. ) ;
#132 = CARTESIAN_POINT ( 'NONE',  ( 32.62132034355960286, -26.59999999999999787, -121.8213203435596910 ) ) ;
#133 = VECTOR ( 'NONE', #2770, 1000.000000000000000 ) ;
#134 = ORIENTED_EDGE ( 'NONE', *, *, #1726, .T. ) ;
#135 = LINE ( 'NONE', #390, #505 ) ;
#136 = CARTESIAN_POINT ( 'NONE',  ( 67.00000000000002842, -22.80000000000000071, -142.5000000000000000 ) ) ;
#137 = CARTESIAN_POINT ( 'NONE',  ( -67.00000000000002842, -21.67303296707958182, -150.6187127865821083 ) ) ;
#138 = VECTOR ( 'NONE', #2780, 1000.000000000000000 ) ;
#139 = VERTEX_POINT ( 'NONE', #2223 ) ;
#140 = ORIENTED_EDGE ( 'NONE', *, *, #3255, .T. ) ;
#141 =( NAMED_UNIT ( * ) SI_UNIT ( $, .STERADIAN. ) SOLID_ANGLE_UNIT ( ) );
#142 = CARTESIAN_POINT ( 'NONE',  ( 14.62777064247390690, -23.60000000000000142, -134.6056900126207836 ) ) ;
#143 = EDGE_CURVE ( 'NONE', #1299, #393, #2458, .T. ) ;
#144 = ORIENTED_EDGE ( 'NONE', *, *, #2386, .F. ) ;
#145 = DIRECTION ( 'NONE',  ( -1.278215442449606849E-16, -0.8992041110872031062, -0.4375293894172972986 ) ) ;
#146 = CARTESIAN_POINT ( 'NONE',  ( 0.000000000000000000, -28.60000000000000142, 0.000000000000000000 ) ) ;
#147 = EDGE_CURVE ( 'NONE', #2966, #2321, #2423, .T. ) ;
#148 = VECTOR ( 'NONE', #1344, 1000.000000000000000 ) ;
#149 = CARTESIAN_POINT ( 'NONE',  ( -52.00000000000002132, -27.59999999999998721, -1.775565730949279002E-14 ) ) ;
#150 = EDGE_LOOP ( 'NONE', ( #3245, #3024, #2461, #1762 ) ) ;
#151 = AXIS2_PLACEMENT_3D ( 'NONE', #852, #518, #1616 ) ;
#152 = LINE ( 'NONE', #633, #2732 ) ;
#153 = DIRECTION ( 'NONE',  ( 1.000000000000000000, -0.000000000000000000, -3.083952846180988308E-16 ) ) ;
#154 = AXIS2_PLACEMENT_3D ( 'NONE', #3016, #1711, #684 ) ;
#155 = ORIENTED_EDGE ( 'NONE', *, *, #1948, .F. ) ;
#156 = VECTOR ( 'NONE', #3217, 1000.000000000000000 ) ;
#157 = DIRECTION ( 'NONE',  ( -2.921439046990504887E-16, 0.000000000000000000, 1.000000000000000000 ) ) ;
#158 = LINE ( 'NONE', #1458, #1065 ) ;
#159 = CARTESIAN_POINT ( 'NONE',  ( -30.49999999999992184, -28.60000000000000142, -123.9426406871192938 ) ) ;
#160 = CYLINDRICAL_SURFACE ( 'NONE', #1231, 1.750000000000001554 ) ;
#161 = ORIENTED_EDGE ( 'NONE', *, *, #2369, .F. ) ;
#162 = LINE ( 'NONE', #2234, #1436 ) ;
#163 = EDGE_CURVE ( 'NONE', #1318, #3092, #92, .T. ) ;
#164 = LINE ( 'NONE', #658, #1230 ) ;
#165 = VECTOR ( 'NONE', #2804, 1000.000000000000000 ) ;
#166 = EDGE_CURVE ( 'NONE', #3168, #239, #261, .T. ) ;
#167 = LINE ( 'NONE', #149, #1590 ) ;
#168 = ORIENTED_EDGE ( 'NONE', *, *, #1051, .F. ) ;
#169 = DIRECTION ( 'NONE',  ( -3.994651572012802978E-32, -1.000000000000000000, 0.000000000000000000 ) ) ;
#170 = ORIENTED_EDGE ( 'NONE', *, *, #2006, .T. ) ;
#171 = EDGE_LOOP ( 'NONE', ( #976, #2873, #3113, #1956, #717, #2363, #341 ) ) ;
#172 = DIRECTION ( 'NONE',  ( 1.000000000000000000, 0.000000000000000000, 2.524853261995226177E-64 ) ) ;
#173 = CARTESIAN_POINT ( 'NONE',  ( 12.23046261414884128, -23.62731030047917002, -135.3000000000000114 ) ) ;
#174 = FACE_OUTER_BOUND ( 'NONE', #2567, .T. ) ;
#175 = VERTEX_POINT ( 'NONE', #897 ) ;
#176 = DIRECTION ( 'NONE',  ( 0.000000000000000000, 1.000000000000000000, 0.000000000000000000 ) ) ;
#177 = DIRECTION ( 'NONE',  ( 0.000000000000000000, 1.000000000000000000, 0.000000000000000000 ) ) ;
#178 = CARTESIAN_POINT ( 'NONE',  ( -38.15598859556561706, -23.61854624049153628, -140.4448136123314441 ) ) ;
#179 = EDGE_CURVE ( 'NONE', #175, #1472, #599, .T. ) ;
#180 = VERTEX_POINT ( 'NONE', #2176 ) ;
#181 = CARTESIAN_POINT ( 'NONE',  ( 35.49999999999993605, -26.59999999999999787, 0.000000000000000000 ) ) ;
#182 = CIRCLE ( 'NONE', #931, 3.000000000000002665 ) ;
#183 = ORIENTED_EDGE ( 'NONE', *, *, #816, .F. ) ;
#184 = EDGE_CURVE ( 'NONE', #2798, #2492, #2974, .T. ) ;
#185 = VECTOR ( 'NONE', #3153, 1000.000000000000000 ) ;
#186 = DIRECTION ( 'NONE',  ( -1.000000000000000000, 3.994651572012802978E-32, 0.000000000000000000 ) ) ;
#187 = ORIENTED_EDGE ( 'NONE', *, *, #333, .F. ) ;
#188 = VECTOR ( 'NONE', #1488, 1000.000000000000114 ) ;
#189 = DIRECTION ( 'NONE',  ( 1.000000000000000000, 0.000000000000000000, 2.885194970439601952E-16 ) ) ;
#190 = LINE ( 'NONE', #2296, #1609 ) ;
#191 = ORIENTED_EDGE ( 'NONE', *, *, #529, .T. ) ;
#192 = CARTESIAN_POINT ( 'NONE',  ( -32.62132034355960286, -26.59999999999999787, -121.8213203435596910 ) ) ;
#193 = CARTESIAN_POINT ( 'NONE',  ( -15.66826516513923551, -26.03035231935599114, -134.5317348346946176 ) ) ;
#194 = CARTESIAN_POINT ( 'NONE',  ( -67.00000000000001421, -23.60000000000000853, -142.3996525863348097 ) ) ;
#195 = VERTEX_POINT ( 'NONE', #3195 ) ;
#196 = LINE ( 'NONE', #946, #3046 ) ;
#197 = CARTESIAN_POINT ( 'NONE',  ( 0.000000000000000000, -22.60000000000000142, -114.2000000000000881 ) ) ;
#198 = ORIENTED_EDGE ( 'NONE', *, *, #2592, .F. ) ;
#199 = EDGE_CURVE ( 'NONE', #1062, #2917, #1384, .T. ) ;
#200 = VERTEX_POINT ( 'NONE', #644 ) ;
#201 = ORIENTED_EDGE ( 'NONE', *, *, #147, .F. ) ;
#202 = DIRECTION ( 'NONE',  ( -1.734723475976805517E-14, 0.000000000000000000, 1.000000000000000000 ) ) ;
#203 = FACE_OUTER_BOUND ( 'NONE', #2449, .T. ) ;
#204 = EDGE_CURVE ( 'NONE', #3059, #556, #2193, .T. ) ;
#205 = PLANE ( 'NONE',  #1261 ) ;
#206 = ORIENTED_EDGE ( 'NONE', *, *, #2188, .T. ) ;
#207 = CIRCLE ( 'NONE', #952, 1.750000000000001554 ) ;
#208 = VECTOR ( 'NONE', #1328, 1000.000000000000000 ) ;
#209 = ORIENTED_EDGE ( 'NONE', *, *, #2683, .T. ) ;
#210 = DIRECTION ( 'NONE',  ( -0.000000000000000000, -1.000000000000000000, -0.000000000000000000 ) ) ;
#211 = CARTESIAN_POINT ( 'NONE',  ( -15.64970684544772617, -23.59999999999999787, -134.0796866286799798 ) ) ;
#212 = B_SPLINE_CURVE_WITH_KNOTS ( 'NONE', 3,
 ( #2837, #494, #2339, #2618, #2352, #539, #1061, #753, #303, #2384, #288, #769, #508, #275 ),
 .UNSPECIFIED., .F., .F.,
 ( 4, 2, 2, 2, 2, 2, 4 ),
 ( 2.359479019930958006E-17, 0.001001596939894052124, 0.002003193879788080396, 0.003004790819682108885, 0.003505589289629137007, 0.003755988524602666898, 0.004006387759576196354 ),
 .UNSPECIFIED. ) ;
#213 = ORIENTED_EDGE ( 'NONE', *, *, #779, .F. ) ;
#214 = LINE ( 'NONE', #2291, #2890 ) ;
#215 = CARTESIAN_POINT ( 'NONE',  ( 28.37867965644028700, -26.59999999999999787, -121.8213203435596625 ) ) ;
#216 = LINE ( 'NONE', #197, #2095 ) ;
#217 = ORIENTED_EDGE ( 'NONE', *, *, #612, .T. ) ;
#218 = DIRECTION ( 'NONE',  ( 0.000000000000000000, -3.965082230804126670E-15, 1.000000000000000000 ) ) ;
#219 = ORIENTED_EDGE ( 'NONE', *, *, #2763, .T. ) ;
#220 = EDGE_CURVE ( 'NONE', #2768, #139, #1930, .T. ) ;
#221 = DIRECTION ( 'NONE',  ( 1.000000000000000000, 0.000000000000000000, 2.885194970439601952E-16 ) ) ;
#222 = CARTESIAN_POINT ( 'NONE',  ( -141.0000000000000284, -21.54999999999999005, -143.7426406871193194 ) ) ;
#223 = DIRECTION ( 'NONE',  ( 0.000000000000000000, 0.000000000000000000, -1.000000000000000000 ) ) ;
#224 = DIRECTION ( 'NONE',  ( 1.000000000000000000, 0.000000000000000000, 2.885194970439601952E-16 ) ) ;
#225 = EDGE_CURVE ( 'NONE', #936, #1663, #9, .T. ) ;
#226 = EDGE_LOOP ( 'NONE', ( #1461, #2486, #340, #2849, #2320 ) ) ;
#227 = ORIENTED_EDGE ( 'NONE', *, *, #2760, .F. ) ;
#228 = EDGE_CURVE ( 'NONE', #393, #462, #2561, .T. ) ;
#229 =( BOUNDED_CURVE ( )  B_SPLINE_CURVE ( 3, ( #2608, #3155, #830, #2905 ),
 .UNSPECIFIED., .F., .T. ) 
 B_SPLINE_CURVE_WITH_KNOTS ( ( 4, 4 ),
 ( 0.8030610904754544865, 1.570796326794896780 ),
 .UNSPECIFIED. ) 
 CURVE ( )  GEOMETRIC_REPRESENTATION_ITEM ( )  RATIONAL_B_SPLINE_CURVE ( ( 1.000000000000000000, 0.9514820764781444229, 0.9514820764781444229, 1.000000000000000000 ) ) 
 REPRESENTATION_ITEM ( '' )  );
#230 = CARTESIAN_POINT ( 'NONE',  ( 5.602540879466162701E-30, -22.60000000000000853, -107.2000000000001307 ) ) ;
#231 = FACE_OUTER_BOUND ( 'NONE', #479, .T. ) ;
#232 = CARTESIAN_POINT ( 'NONE',  ( -12.83997562712280605, -23.59999999999999787, -133.3949526813520663 ) ) ;
#233 = VERTEX_POINT ( 'NONE', #2681 ) ;
#234 = CARTESIAN_POINT ( 'NONE',  ( 67.00000000000002842, -26.79999999999999716, -155.3000000000000398 ) ) ;
#235 = DIRECTION ( 'NONE',  ( 0.000000000000000000, 3.172065784643301336E-14, -1.000000000000000000 ) ) ;
#236 = CARTESIAN_POINT ( 'NONE',  ( 5.602540879466162701E-30, 117.4335778825590069, -107.2000000000001450 ) ) ;
#237 = ORIENTED_EDGE ( 'NONE', *, *, #2913, .T. ) ;
#238 = AXIS2_PLACEMENT_3D ( 'NONE', #1969, #1955, #157 ) ;
#239 = VERTEX_POINT ( 'NONE', #915 ) ;
#240 = CIRCLE ( 'NONE', #1917, 2.000000000000001776 ) ;
#241 = CARTESIAN_POINT ( 'NONE',  ( 70.00000000000002842, -21.67303296707958182, -152.3687127865821083 ) ) ;
#242 = ORIENTED_EDGE ( 'NONE', *, *, #1929, .F. ) ;
#243 = ORIENTED_EDGE ( 'NONE', *, *, #754, .F. ) ;
#244 = DIRECTION ( 'NONE',  ( 1.000000000000000000, -0.000000000000000000, 0.000000000000000000 ) ) ;
#245 = CARTESIAN_POINT ( 'NONE',  ( -0.000000000000000000, -22.60000000000000142, -133.7999999999999545 ) ) ;
#246 = CARTESIAN_POINT ( 'NONE',  ( -13.34410808084403754, -23.59999999999999787, -132.7089931058623336 ) ) ;
#247 = DIRECTION ( 'NONE',  ( 1.000000000000000000, 0.000000000000000000, 0.000000000000000000 ) ) ;
#248 = ADVANCED_FACE ( 'NONE', ( #2991 ), #1962, .F. ) ;
#249 = ORIENTED_EDGE ( 'NONE', *, *, #62, .T. ) ;
#250 = CYLINDRICAL_SURFACE ( 'NONE', #2572, 1.750000000000001554 ) ;
#251 = DIRECTION ( 'NONE',  ( 1.000000000000000000, -0.000000000000000000, 0.000000000000000000 ) ) ;
#252 = LINE ( 'NONE', #2109, #78 ) ;
#253 = EDGE_CURVE ( 'NONE', #538, #1632, #1433, .T. ) ;
#254 = CARTESIAN_POINT ( 'NONE',  ( 67.00000000000000000, -21.67303296707958182, -150.6187127865820798 ) ) ;
#255 = DIRECTION ( 'NONE',  ( 0.000000000000000000, 1.000000000000000000, 0.000000000000000000 ) ) ;
#256 = ORIENTED_EDGE ( 'NONE', *, *, #2724, .T. ) ;
#257 = DIRECTION ( 'NONE',  ( 0.000000000000000000, 0.2428303037216978100, 0.9700687829192463640 ) ) ;
#258 = ORIENTED_EDGE ( 'NONE', *, *, #3228, .T. ) ;
#259 = VERTEX_POINT ( 'NONE', #2489 ) ;
#260 = VECTOR ( 'NONE', #172, 1000.000000000000000 ) ;
#261 = CIRCLE ( 'NONE', #1122, 2.000000000000001776 ) ;
#262 = PLANE ( 'NONE',  #3290 ) ;
#263 = CYLINDRICAL_SURFACE ( 'NONE', #1416, 2.000000000000001776 ) ;
#264 = DIRECTION ( 'NONE',  ( 0.000000000000000000, -1.357904873563061212E-16, -1.000000000000000000 ) ) ;
#265 = VECTOR ( 'NONE', #1275, 1000.000000000000000 ) ;
#266 = VECTOR ( 'NONE', #3154, 999.9999999999998863 ) ;
#267 = EDGE_CURVE ( 'NONE', #259, #462, #162, .T. ) ;
#268 = CARTESIAN_POINT ( 'NONE',  ( -30.49999999999992184, -54.44027863626858732, -120.9426406871192938 ) ) ;
#269 = CARTESIAN_POINT ( 'NONE',  ( 52.00000000000002132, -26.99999999999982947, -104.2000000000001023 ) ) ;
#270 = CARTESIAN_POINT ( 'NONE',  ( 9.923371890543254636, -23.60000000000000142, -139.1211402030699844 ) ) ;
#271 = CARTESIAN_POINT ( 'NONE',  ( -35.53284456632122357, -26.10067160182827806, -134.4489585153847599 ) ) ;
#272 = ADVANCED_FACE ( 'NONE', ( #2697 ), #2076, .F. ) ;
#273 = ORIENTED_EDGE ( 'NONE', *, *, #2306, .F. ) ;
#274 = VECTOR ( 'NONE', #2977, 1000.000000000000000 ) ;
#275 = CARTESIAN_POINT ( 'NONE',  ( -16.07157287525376077, -26.40514591068205874, -134.1284271247461675 ) ) ;
#276 = VERTEX_POINT ( 'NONE', #3312 ) ;
#277 = EDGE_LOOP ( 'NONE', ( #2772, #1166, #445, #2600 ) ) ;
#278 = CARTESIAN_POINT ( 'NONE',  ( 16.02160565571260165, -26.35691336679920838, -134.1783943442873692 ) ) ;
#279 = CARTESIAN_POINT ( 'NONE',  ( 0.000000000000000000, -27.59999999999999787, 0.000000000000000000 ) ) ;
#280 = CARTESIAN_POINT ( 'NONE',  ( 67.00000000000000000, 59.84999999999993037, -59.84999999999953246 ) ) ;
#281 = CARTESIAN_POINT ( 'NONE',  ( -28.37867965644028700, -26.59999999999999787, -121.8213203435596625 ) ) ;
#282 = CARTESIAN_POINT ( 'NONE',  ( -16.07157287525376077, -26.40514591068205874, -134.1284271247461675 ) ) ;
#283 = LINE ( 'NONE', #536, #1471 ) ;
#284 = EDGE_CURVE ( 'NONE', #1922, #1262, #3005, .T. ) ;
#285 = DIRECTION ( 'NONE',  ( -3.994651572012802978E-32, -1.000000000000000000, 1.442597485219800730E-16 ) ) ;
#286 = EDGE_CURVE ( 'NONE', #522, #2354, #2597, .T. ) ;
#287 = ORIENTED_EDGE ( 'NONE', *, *, #351, .F. ) ;
#288 = CARTESIAN_POINT ( 'NONE',  ( -15.88926222796263232, -26.17958887529950118, -134.3002852616536984 ) ) ;
#289 = ORIENTED_EDGE ( 'NONE', *, *, #1374, .T. ) ;
#290 = EDGE_LOOP ( 'NONE', ( #2007, #1551, #1028, #2387, #2755, #2801, #2433, #1746, #2973 ) ) ;
#291 = VECTOR ( 'NONE', #544, 1000.000000000000000 ) ;
#292 = CARTESIAN_POINT ( 'NONE',  ( 30.49999999999992895, -26.59999999999999787, -120.9426406871192938 ) ) ;
#293 = FACE_OUTER_BOUND ( 'NONE', #171, .T. ) ;
#294 = CARTESIAN_POINT ( 'NONE',  ( -70.00000000000002842, -29.99999999999995737, -155.2999999999999829 ) ) ;
#295 = LINE ( 'NONE', #2106, #2960 ) ;
#296 = VERTEX_POINT ( 'NONE', #1447 ) ;
#297 = CARTESIAN_POINT ( 'NONE',  ( 17.78675134594807972, -28.60000000000000497, -132.4132486540518414 ) ) ;
#298 = DIRECTION ( 'NONE',  ( 0.000000000000000000, 1.000000000000000000, 0.000000000000000000 ) ) ;
#299 = VERTEX_POINT ( 'NONE', #2027 ) ;
#300 = ORIENTED_EDGE ( 'NONE', *, *, #308, .T. ) ;
#301 = LINE ( 'NONE', #49, #2313 ) ;
#302 = ADVANCED_FACE ( 'NONE', ( #2774 ), #743, .F. ) ;
#303 = CARTESIAN_POINT ( 'NONE',  ( -15.70755670764342327, -25.93989598445483225, -134.4528947517008532 ) ) ;
#304 = VERTEX_POINT ( 'NONE', #2555 ) ;
#305 = ORIENTED_EDGE ( 'NONE', *, *, #511, .T. ) ;
#306 = VECTOR ( 'NONE', #2478, 1000.000000000000000 ) ;
#307 = CARTESIAN_POINT ( 'NONE',  ( -35.49999999999993605, -23.60000000000000853, -132.2999999999999829 ) ) ;
#308 = EDGE_CURVE ( 'NONE', #2293, #926, #1550, .T. ) ;
#309 = LINE ( 'NONE', #1031, #3179 ) ;
#310 = CARTESIAN_POINT ( 'NONE',  ( 75.09999999999995168, -54.44027863626858732, -75.10000000000006537 ) ) ;
#311 = DIRECTION ( 'NONE',  ( -1.000000000000000000, 0.000000000000000000, 2.715809747126122917E-16 ) ) ;
#312 = CARTESIAN_POINT ( 'NONE',  ( 67.00000000000014211, -20.60000000000000142, -4.649058915617848693E-14 ) ) ;
#313 = ORIENTED_EDGE ( 'NONE', *, *, #1043, .T. ) ;
#314 = VECTOR ( 'NONE', #1882, 999.9999999999998863 ) ;
#315 = VECTOR ( 'NONE', #1540, 1000.000000000000000 ) ;
#316 = FACE_OUTER_BOUND ( 'NONE', #1571, .T. ) ;
#317 = DIRECTION ( 'NONE',  ( 2.708711116470581963E-16, -0.3746065934159088506, 0.9271838545667886455 ) ) ;
#318 = EDGE_LOOP ( 'NONE', ( #144, #941, #651, #2689 ) ) ;
#319 = AXIS2_PLACEMENT_3D ( 'NONE', #2232, #2808, #2757 ) ;
#320 = EDGE_LOOP ( 'NONE', ( #2713, #1570, #161, #1950 ) ) ;
#321 = CARTESIAN_POINT ( 'NONE',  ( -30.50000000000002487, -28.60000000000000142, -129.2000000000000455 ) ) ;
#322 = CARTESIAN_POINT ( 'NONE',  ( 67.00000000000002842, -33.00000000000000711, -147.8747394397509254 ) ) ;
#323 = ORIENTED_EDGE ( 'NONE', *, *, #812, .T. ) ;
#324 = EDGE_CURVE ( 'NONE', #1500, #239, #3070, .T. ) ;
#325 = ORIENTED_EDGE ( 'NONE', *, *, #922, .F. ) ;
#326 = DIRECTION ( 'NONE',  ( 2.065769360950161519E-16, 0.7071067811865441310, 0.7071067811865510144 ) ) ;
#327 = LINE ( 'NONE', #827, #1781 ) ;
#328 = ADVANCED_FACE ( 'NONE', ( #448 ), #706, .F. ) ;
#329 = EDGE_CURVE ( 'NONE', #1685, #2164, #776, .T. ) ;
#330 = ORIENTED_EDGE ( 'NONE', *, *, #2487, .F. ) ;
#331 = DIRECTION ( 'NONE',  ( 0.000000000000000000, 0.000000000000000000, -1.000000000000000000 ) ) ;
#332 = VERTEX_POINT ( 'NONE', #6 ) ;
#333 = EDGE_CURVE ( 'NONE', #30, #3027, #1843, .T. ) ;
#334 = DIRECTION ( 'NONE',  ( -2.708711116470571609E-16, -0.3746065934159182875, -0.9271838545667848708 ) ) ;
#335 = ORIENTED_EDGE ( 'NONE', *, *, #1405, .T. ) ;
#336 = DIRECTION ( 'NONE',  ( 1.000000000000000000, -0.000000000000000000, -3.083952846180988308E-16 ) ) ;
#337 = CARTESIAN_POINT ( 'NONE',  ( -16.07157287525376788, -20.60000000000000142, -134.1284271247461675 ) ) ;
#338 = CARTESIAN_POINT ( 'NONE',  ( -50.70261638806118043, -82.61195062801962763, -99.49738361193881531 ) ) ;
#339 = CARTESIAN_POINT ( 'NONE',  ( -67.00000000000001421, -23.60000000000000853, 0.000000000000000000 ) ) ;
#340 = ORIENTED_EDGE ( 'NONE', *, *, #834, .T. ) ;
#341 = ORIENTED_EDGE ( 'NONE', *, *, #2821, .T. ) ;
#342 = CARTESIAN_POINT ( 'NONE',  ( -35.52704570029738562, -25.10000000000002274, -132.7019237886466385 ) ) ;
#343 = EDGE_LOOP ( 'NONE', ( #3017, #1029, #2602, #355 ) ) ;
#344 = CARTESIAN_POINT ( 'NONE',  ( -67.00000000000005684, -18.17742825450810429, -146.6383550522260180 ) ) ;
#345 = CARTESIAN_POINT ( 'NONE',  ( 0.000000000000000000, -22.60000000000000142, 0.000000000000000000 ) ) ;
#346 = CARTESIAN_POINT ( 'NONE',  ( -67.00000000000001421, -14.59999999999999432, -104.2000000000001023 ) ) ;
#347 = FACE_OUTER_BOUND ( 'NONE', #872, .T. ) ;
#348 = ORIENTED_EDGE ( 'NONE', *, *, #1005, .F. ) ;
#349 = AXIS2_PLACEMENT_3D ( 'NONE', #2454, #1366, #894 ) ;
#350 = DIRECTION ( 'NONE',  ( 0.000000000000000000, 0.000000000000000000, -1.000000000000000000 ) ) ;
#351 = EDGE_CURVE ( 'NONE', #991, #1060, #2871, .T. ) ;
#352 = ORIENTED_EDGE ( 'NONE', *, *, #3079, .F. ) ;
#353 = CARTESIAN_POINT ( 'NONE',  ( -35.49999999999993605, -23.59999999999999787, -130.1038475772933225 ) ) ;
#354 = EDGE_CURVE ( 'NONE', #1409, #2768, #21, .T. ) ;
#355 = ORIENTED_EDGE ( 'NONE', *, *, #1025, .F. ) ;
#356 = LINE ( 'NONE', #1585, #1872 ) ;
#357 = FACE_OUTER_BOUND ( 'NONE', #85, .T. ) ;
#358 = DIRECTION ( 'NONE',  ( 1.000000000000000000, -0.000000000000000000, 0.000000000000000000 ) ) ;
#359 = DIRECTION ( 'NONE',  ( 1.000000000000000000, -4.275826894170391137E-33, -3.083952846180988308E-16 ) ) ;
#360 = ORIENTED_EDGE ( 'NONE', *, *, #99, .T. ) ;
#361 = EDGE_LOOP ( 'NONE', ( #1012, #510, #1284, #1669 ) ) ;
#362 = CARTESIAN_POINT ( 'NONE',  ( -18.99807621135330393, -26.59999999999999787, -131.2019237886466101 ) ) ;
#363 = DIRECTION ( 'NONE',  ( -4.930380657631323784E-32, 1.000000000000000000, -1.520506146185781629E-47 ) ) ;
#364 = CARTESIAN_POINT ( 'NONE',  ( 9.126497308088813654, -23.59999999999999787, -141.0735026919111021 ) ) ;
#365 = LINE ( 'NONE', #863, #3276 ) ;
#366 = ORIENTED_EDGE ( 'NONE', *, *, #474, .F. ) ;
#367 = CYLINDRICAL_SURFACE ( 'NONE', #2756, 1.750000000000001554 ) ;
#368 = EDGE_CURVE ( 'NONE', #1262, #993, #562, .T. ) ;
#369 = VECTOR ( 'NONE', #1418, 1000.000000000000000 ) ;
#370 = DIRECTION ( 'NONE',  ( -0.000000000000000000, 1.000000000000000000, -0.000000000000000000 ) ) ;
#371 = EDGE_CURVE ( 'NONE', #936, #1589, #327, .T. ) ;
#372 = CIRCLE ( 'NONE', #2711, 1.750000000000001554 ) ;
#373 = CIRCLE ( 'NONE', #1493, 2.000000000000001776 ) ;
#374 = ORIENTED_EDGE ( 'NONE', *, *, #163, .F. ) ;
#375 = ADVANCED_FACE ( 'NONE', ( #3138 ), #2641, .F. ) ;
#376 = CARTESIAN_POINT ( 'NONE',  ( 69.99999999999998579, 35.30519245079632640, -14.26422365827936822 ) ) ;
#377 = DIRECTION ( 'NONE',  ( -0.000000000000000000, 1.000000000000000000, -0.000000000000000000 ) ) ;
#378 = VERTEX_POINT ( 'NONE', #2607 ) ;
#379 = ORIENTED_EDGE ( 'NONE', *, *, #2166, .T. ) ;
#380 = CARTESIAN_POINT ( 'NONE',  ( -36.92447428298178380, -20.60000000000004761, -135.2999999999999829 ) ) ;
#381 = LINE ( 'NONE', #578, #825 ) ;
#382 = DIRECTION ( 'NONE',  ( 1.000000000000000000, -4.275826894170391137E-33, -3.083952846180988308E-16 ) ) ;
#383 = ORIENTED_EDGE ( 'NONE', *, *, #550, .F. ) ;
#384 = AXIS2_PLACEMENT_3D ( 'NONE', #761, #1019, #3257 ) ;
#385 = CARTESIAN_POINT ( 'NONE',  ( -52.00000000000002132, 117.4335778825590069, -104.2000000000001307 ) ) ;
#386 = PLANE ( 'NONE',  #3288 ) ;
#387 = DIRECTION ( 'NONE',  ( 0.000000000000000000, 0.000000000000000000, -1.000000000000000000 ) ) ;
#388 = ADVANCED_FACE ( 'NONE', ( #2134 ), #2082, .F. ) ;
#389 = ORIENTED_EDGE ( 'NONE', *, *, #817, .F. ) ;
#390 = CARTESIAN_POINT ( 'NONE',  ( 66.99999999999998579, 32.06004895981227065, -12.95310058132343656 ) ) ;
#391 = DIRECTION ( 'NONE',  ( -0.000000000000000000, -1.000000000000000000, 0.000000000000000000 ) ) ;
#392 = EDGE_CURVE ( 'NONE', #2505, #671, #809, .T. ) ;
#393 = VERTEX_POINT ( 'NONE', #2855 ) ;
#394 = ORIENTED_EDGE ( 'NONE', *, *, #75, .F. ) ;
#395 = PLANE ( 'NONE',  #1177 ) ;
#396 = CARTESIAN_POINT ( 'NONE',  ( 12.74516616812059056, -23.73387195664645688, -135.2999999999999829 ) ) ;
#397 = CARTESIAN_POINT ( 'NONE',  ( 13.90433687481305469, -23.59999999999999787, -132.0625801630836520 ) ) ;
#398 = VERTEX_POINT ( 'NONE', #2068 ) ;
#399 = CARTESIAN_POINT ( 'NONE',  ( -13.00129942907810054, -23.81472781985093334, -135.2999999999999829 ) ) ;
#400 = CARTESIAN_POINT ( 'NONE',  ( 37.64832049187820928, -23.71812244709587603, -139.5088017595401766 ) ) ;
#401 = AXIS2_PLACEMENT_3D ( 'NONE', #1803, #2668, #1853 ) ;
#402 = VECTOR ( 'NONE', #1535, 1000.000000000000000 ) ;
#403 = LINE ( 'NONE', #932, #2632 ) ;
#404 = VECTOR ( 'NONE', #1325, 1000.000000000000000 ) ;
#405 = VERTEX_POINT ( 'NONE', #1557 ) ;
#406 = DIRECTION ( 'NONE',  ( 0.000000000000000000, -0.5000000000000027756, -0.8660254037844370423 ) ) ;
#407 = CIRCLE ( 'NONE', #2300, 2.000000000000001776 ) ;
#408 = LINE ( 'NONE', #1622, #306 ) ;
#409 = ORIENTED_EDGE ( 'NONE', *, *, #1760, .F. ) ;
#410 = ADVANCED_FACE ( 'NONE', ( #1595 ), #2843, .T. ) ;
#411 = ORIENTED_EDGE ( 'NONE', *, *, #2592, .T. ) ;
#412 = CARTESIAN_POINT ( 'NONE',  ( -13.24314575050757803, -20.60000000000000142, -135.2999999999999829 ) ) ;
#413 = CARTESIAN_POINT ( 'NONE',  ( 52.00000000000002132, -22.60000000000000142, -133.7999999999999545 ) ) ;
#414 = CARTESIAN_POINT ( 'NONE',  ( -35.49999999999993605, -26.59999999999999787, -132.2999999999999829 ) ) ;
#415 = CARTESIAN_POINT ( 'NONE',  ( -52.00000000000002132, 117.4335778825590069, -107.2000000000001450 ) ) ;
#416 = ORIENTED_EDGE ( 'NONE', *, *, #2931, .T. ) ;
#417 = EDGE_CURVE ( 'NONE', #2245, #2328, #55, .T. ) ;
#418 = CARTESIAN_POINT ( 'NONE',  ( 18.99807621135330038, -26.59999999999999787, -131.2019237886466101 ) ) ;
#419 = CARTESIAN_POINT ( 'NONE',  ( -67.00000000000005684, -21.54999999999999361, -145.6426279727571398 ) ) ;
#420 = ORIENTED_EDGE ( 'NONE', *, *, #3334, .T. ) ;
#421 = CARTESIAN_POINT ( 'NONE',  ( -50.50000000000000711, -20.60000000000000142, -135.2999999999999829 ) ) ;
#422 = DIRECTION ( 'NONE',  ( 1.000000000000000000, -1.198509146801202772E-94, -3.083952846180988308E-16 ) ) ;
#423 = PLANE ( 'NONE',  #1549 ) ;
#424 = CARTESIAN_POINT ( 'NONE',  ( -20.09615242270661284, -26.59999999999999787, -130.1038475772933225 ) ) ;
#425 = ORIENTED_EDGE ( 'NONE', *, *, #33, .T. ) ;
#426 = ORIENTED_EDGE ( 'NONE', *, *, #3235, .F. ) ;
#427 = CARTESIAN_POINT ( 'NONE',  ( 35.52704570029738562, -25.10000000000002274, -132.7019237886466385 ) ) ;
#428 = DIRECTION ( 'NONE',  ( -0.000000000000000000, -0.8992041110872031062, -0.4375293894172972431 ) ) ;
#429 = CARTESIAN_POINT ( 'NONE',  ( -9.928945660341112145, -23.60000000000000142, -139.1236889663078387 ) ) ;
#430 = ADVANCED_FACE ( 'NONE', ( #1321 ), #1337, .F. ) ;
#431 = ORIENTED_EDGE ( 'NONE', *, *, #3274, .F. ) ;
#432 = DIRECTION ( 'NONE',  ( 0.000000000000000000, 0.000000000000000000, -1.000000000000000000 ) ) ;
#433 = EDGE_CURVE ( 'NONE', #1472, #525, #1536, .T. ) ;
#434 = VECTOR ( 'NONE', #1795, 1000.000000000000000 ) ;
#435 = DIRECTION ( 'NONE',  ( 0.000000000000000000, 0.000000000000000000, 1.000000000000000000 ) ) ;
#436 = EDGE_CURVE ( 'NONE', #2822, #1146, #2390, .T. ) ;
#437 = ORIENTED_EDGE ( 'NONE', *, *, #2369, .T. ) ;
#438 = CARTESIAN_POINT ( 'NONE',  ( 34.32842712474614899, -28.60000000000000142, -123.5284271247462442 ) ) ;
#439 = CARTESIAN_POINT ( 'NONE',  ( 44.60000000000000853, -26.59999999999999787, -44.59999999999987352 ) ) ;
#440 = LINE ( 'NONE', #3287, #3295 ) ;
#441 = DIRECTION ( 'NONE',  ( 0.7071067811865484609, 0.000000000000000000, -0.7071067811865465735 ) ) ;
#442 = EDGE_LOOP ( 'NONE', ( #2728, #2967, #2196, #2674 ) ) ;
#443 = CARTESIAN_POINT ( 'NONE',  ( -30.50000000000002487, -28.60000000000000142, -125.2000000000000313 ) ) ;
#444 = FACE_OUTER_BOUND ( 'NONE', #1391, .T. ) ;
#445 = ORIENTED_EDGE ( 'NONE', *, *, #3228, .F. ) ;
#446 = ORIENTED_EDGE ( 'NONE', *, *, #1965, .F. ) ;
#447 = FACE_OUTER_BOUND ( 'NONE', #2503, .T. ) ;
#448 = FACE_OUTER_BOUND ( 'NONE', #2901, .T. ) ;
#449 = CARTESIAN_POINT ( 'NONE',  ( -16.07157287525376432, -22.62922374470915088, -134.1284271247461675 ) ) ;
#450 = EDGE_CURVE ( 'NONE', #1742, #2096, #2356, .T. ) ;
#451 = CARTESIAN_POINT ( 'NONE',  ( 67.00000000000002842, -10.15197879029935635, -137.5308564657626960 ) ) ;
#452 = FACE_OUTER_BOUND ( 'NONE', #1247, .T. ) ;
#453 = VECTOR ( 'NONE', #1908, 1000.000000000000000 ) ;
#454 = EDGE_LOOP ( 'NONE', ( #3084, #330, #1681, #1966 ) ) ;
#455 = ADVANCED_FACE ( 'NONE', ( #3121 ), #793, .F. ) ;
#456 = DIRECTION ( 'NONE',  ( 0.000000000000000000, 0.000000000000000000, -1.000000000000000000 ) ) ;
#457 = ORIENTED_EDGE ( 'NONE', *, *, #1137, .F. ) ;
#458 = DIRECTION ( 'NONE',  ( 0.7071067811865465735, 0.000000000000000000, -0.7071067811865484609 ) ) ;
#459 = VECTOR ( 'NONE', #2227, 1000.000000000000114 ) ;
#460 = CARTESIAN_POINT ( 'NONE',  ( -66.99999999999998579, 0.000000000000000000, 1.817994761385374285E-14 ) ) ;
#461 = LINE ( 'NONE', #1870, #736 ) ;
#462 = VERTEX_POINT ( 'NONE', #2158 ) ;
#463 = VERTEX_POINT ( 'NONE', #2173 ) ;
#464 =( BOUNDED_CURVE ( )  B_SPLINE_CURVE ( 3, ( #3136, #1083, #35, #2344 ),
 .UNSPECIFIED., .F., .T. ) 
 B_SPLINE_CURVE_WITH_KNOTS ( ( 4, 4 ),
 ( 0.000000000000000000, 0.7853981633974441712 ),
 .UNSPECIFIED. ) 
 CURVE ( )  GEOMETRIC_REPRESENTATION_ITEM ( )  RATIONAL_B_SPLINE_CURVE ( ( 1.000000000000000000, 0.9492530216741915661, 0.9492530216741915661, 1.000000000000000000 ) ) 
 REPRESENTATION_ITEM ( '' )  );
#465 = CARTESIAN_POINT ( 'NONE',  ( 13.24314575050757803, -20.60000000000000142, -135.2999999999999829 ) ) ;
#466 = DIRECTION ( 'NONE',  ( 0.000000000000000000, 0.000000000000000000, -1.000000000000000000 ) ) ;
#467 = ORIENTED_EDGE ( 'NONE', *, *, #2408, .F. ) ;
#468 = CARTESIAN_POINT ( 'NONE',  ( -70.00000000000002842, 3.204747427460359759E-30, -155.2999999999999829 ) ) ;
#469 = CARTESIAN_POINT ( 'NONE',  ( -67.00000000000000000, 59.84999999999993037, -59.84999999999953246 ) ) ;
#470 = EDGE_CURVE ( 'NONE', #2629, #1575, #689, .T. ) ;
#471 = VERTEX_POINT ( 'NONE', #346 ) ;
#472 = DIRECTION ( 'NONE',  ( 2.715809747126122424E-16, -0.000000000000000000, -1.000000000000000000 ) ) ;
#473 = EDGE_CURVE ( 'NONE', #3131, #2492, #1367, .T. ) ;
#474 = EDGE_CURVE ( 'NONE', #1857, #2321, #594, .T. ) ;
#475 = ORIENTED_EDGE ( 'NONE', *, *, #2456, .T. ) ;
#476 = DIRECTION ( 'NONE',  ( 1.000000000000000000, 0.000000000000000000, 2.885194970439601952E-16 ) ) ;
#477 = CARTESIAN_POINT ( 'NONE',  ( 35.73812612206211980, -22.39571099517833730, -134.2632457735469984 ) ) ;
#478 = ADVANCED_FACE ( 'NONE', ( #2727 ), #95, .F. ) ;
#479 = EDGE_LOOP ( 'NONE', ( #3147, #2765, #1531, #74 ) ) ;
#480 = AXIS2_PLACEMENT_3D ( 'NONE', #2494, #391, #951 ) ;
#481 = VECTOR ( 'NONE', #1573, 1000.000000000000000 ) ;
#482 = ORIENTED_EDGE ( 'NONE', *, *, #1314, .F. ) ;
#483 = CARTESIAN_POINT ( 'NONE',  ( -67.00000000000001421, -0.03440934984276847186, -97.11276151311159310 ) ) ;
#484 = DIRECTION ( 'NONE',  ( 0.000000000000000000, -1.000000000000000000, 0.000000000000000000 ) ) ;
#485 = CARTESIAN_POINT ( 'NONE',  ( -35.49999999999993605, -33.60000000000000142, -141.0735026918962660 ) ) ;
#486 = FACE_OUTER_BOUND ( 'NONE', #1822, .T. ) ;
#487 = LINE ( 'NONE', #2329, #2358 ) ;
#488 = CARTESIAN_POINT ( 'NONE',  ( 9.126497308103667550, -23.59999999999999787, -141.0735026918962660 ) ) ;
#489 = DIRECTION ( 'NONE',  ( 2.524853261995225840E-64, -1.442597485219800730E-16, -1.000000000000000000 ) ) ;
#490 = ORIENTED_EDGE ( 'NONE', *, *, #2763, .F. ) ;
#491 = LINE ( 'NONE', #1263, #3156 ) ;
#492 = ORIENTED_EDGE ( 'NONE', *, *, #1358, .T. ) ;
#493 = EDGE_CURVE ( 'NONE', #953, #1568, #123, .T. ) ;
#494 = CARTESIAN_POINT ( 'NONE',  ( -13.55545574010362841, -24.05642713252440146, -135.2999999999999545 ) ) ;
#495 = B_SPLINE_CURVE_WITH_KNOTS ( 'NONE', 3,
 ( #668, #1198, #3015, #427 ),
 .UNSPECIFIED., .F., .F.,
 ( 4, 4 ),
 ( 0.000000000000000000, 0.0006767114527813894009 ),
 .UNSPECIFIED. ) ;
#496 = EDGE_LOOP ( 'NONE', ( #3302, #1643, #1642, #3214 ) ) ;
#497 = ORIENTED_EDGE ( 'NONE', *, *, #2391, .F. ) ;
#498 = LINE ( 'NONE', #307, #1603 ) ;
#499 = EDGE_CURVE ( 'NONE', #195, #576, #1415, .T. ) ;
#500 = CARTESIAN_POINT ( 'NONE',  ( -66.99999999999998579, -21.54999999999999005, 1.817994761385374285E-14 ) ) ;
#501 = CARTESIAN_POINT ( 'NONE',  ( -13.35389755309943105, -23.59999999999924469, -135.6250284407331890 ) ) ;
#502 = DIRECTION ( 'NONE',  ( 0.000000000000000000, 3.965082230804126670E-15, 1.000000000000000000 ) ) ;
#503 = CARTESIAN_POINT ( 'NONE',  ( -16.74399335354241103, -27.05422245575715223, -133.4560066464575243 ) ) ;
#504 = CARTESIAN_POINT ( 'NONE',  ( -69.99999999999998579, -21.54999999999999005, 2.053133022852877188E-14 ) ) ;
#505 = VECTOR ( 'NONE', #1404, 1000.000000000000114 ) ;
#506 = ORIENTED_EDGE ( 'NONE', *, *, #920, .T. ) ;
#507 = AXIS2_PLACEMENT_3D ( 'NONE', #345, #122, #1084 ) ;
#508 = CARTESIAN_POINT ( 'NONE',  ( -16.02179864929627229, -26.35709966036492347, -134.1782013507036879 ) ) ;
#510 = ORIENTED_EDGE ( 'NONE', *, *, #143, .F. ) ;
#509 = CIRCLE ( 'NONE', #2414, 1.750000000000001554 ) ;
#511 = EDGE_CURVE ( 'NONE', #462, #907, #1183, .T. ) ;
#512 = ORIENTED_EDGE ( 'NONE', *, *, #873, .T. ) ;
#513 = DIRECTION ( 'NONE',  ( -2.180683970394141229E-16, -0.7071067811865440200, 0.7071067811865511255 ) ) ;
#514 = DIRECTION ( 'NONE',  ( 0.000000000000000000, -1.000000000000000000, 0.000000000000000000 ) ) ;
#515 = DIRECTION ( 'NONE',  ( 0.000000000000000000, 1.000000000000000000, -0.000000000000000000 ) ) ;
#516 = CARTESIAN_POINT ( 'NONE',  ( -75.09999999999995168, -54.44027863626858732, -75.10000000000006537 ) ) ;
#517 = EDGE_CURVE ( 'NONE', #2233, #686, #2530, .T. ) ;
#518 = DIRECTION ( 'NONE',  ( -0.000000000000000000, -1.000000000000000000, 0.000000000000000000 ) ) ;
#519 = DIRECTION ( 'NONE',  ( -0.000000000000000000, 0.000000000000000000, 1.000000000000000000 ) ) ;
#520 = CARTESIAN_POINT ( 'NONE',  ( 30.49999999999993250, -54.44027863626858732, -127.2000000000000313 ) ) ;
#521 = CARTESIAN_POINT ( 'NONE',  ( -34.32842712474614899, -28.60000000000000142, -123.5284271247462442 ) ) ;
#522 = VERTEX_POINT ( 'NONE', #1445 ) ;
#523 = CARTESIAN_POINT ( 'NONE',  ( 50.50000000000000711, -20.60000000000000142, -135.2999999999999829 ) ) ;
#524 = EDGE_LOOP ( 'NONE', ( #766, #1712, #2983, #2266, #2836, #1480, #1361, #1932, #1608, #988, #3064, #2417, #2495, #2337 ) ) ;
#525 = VERTEX_POINT ( 'NONE', #3032 ) ;
#526 = DIRECTION ( 'NONE',  ( -0.000000000000000000, -1.000000000000000000, 0.000000000000000000 ) ) ;
#527 = DIRECTION ( 'NONE',  ( -2.833996820686842732E-16, 0.2428303037216978655, 0.9700687829192464751 ) ) ;
#528 = CARTESIAN_POINT ( 'NONE',  ( -67.00000000000001421, -27.59999999999999787, 0.000000000000000000 ) ) ;
#529 = EDGE_CURVE ( 'NONE', #788, #1289, #2824, .T. ) ;
#530 = VECTOR ( 'NONE', #2736, 1000.000000000000000 ) ;
#531 = VECTOR ( 'NONE', #2887, 1000.000000000000000 ) ;
#532 = CARTESIAN_POINT ( 'NONE',  ( -35.49999999999993605, -25.64375011589961773, -132.2999999999999829 ) ) ;
#533 = LINE ( 'NONE', #268, #1716 ) ;
#534 = ADVANCED_FACE ( 'NONE', ( #174 ), #1430, .F. ) ;
#535 = FACE_OUTER_BOUND ( 'NONE', #454, .T. ) ;
#536 = CARTESIAN_POINT ( 'NONE',  ( 70.00000000000000000, -79.73031947122058227, -32.21314006058822343 ) ) ;
#537 = LINE ( 'NONE', #3341, #1295 ) ;
#538 = VERTEX_POINT ( 'NONE', #2022 ) ;
#539 = CARTESIAN_POINT ( 'NONE',  ( -15.10667744921366840, -25.23995510891411342, -134.8485430567432672 ) ) ;
#540 = ORIENTED_EDGE ( 'NONE', *, *, #2802, .T. ) ;
#541 = ORIENTED_EDGE ( 'NONE', *, *, #2237, .F. ) ;
#542 = CARTESIAN_POINT ( 'NONE',  ( 67.00000000000002842, -22.79999999999998650, -145.3996525863350087 ) ) ;
#543 = DIRECTION ( 'NONE',  ( 0.000000000000000000, 0.3746065934159159005, 0.9271838545667857590 ) ) ;
#544 = DIRECTION ( 'NONE',  ( -1.000000000000000000, 0.000000000000000000, 0.000000000000000000 ) ) ;
#545 = CARTESIAN_POINT ( 'NONE',  ( -67.00000000000001421, -33.00000000000000000, -104.2000000000001023 ) ) ;
#546 = LINE ( 'NONE', #312, #1484 ) ;
#547 = ORIENTED_EDGE ( 'NONE', *, *, #3098, .F. ) ;
#548 = DIRECTION ( 'NONE',  ( 2.708711116470581963E-16, 0.3746065934159088506, -0.9271838545667886455 ) ) ;
#549 = ORIENTED_EDGE ( 'NONE', *, *, #3202, .T. ) ;
#550 = EDGE_CURVE ( 'NONE', #2187, #1385, #190, .T. ) ;
#551 = LINE ( 'NONE', #568, #2428 ) ;
#552 = ORIENTED_EDGE ( 'NONE', *, *, #2962, .T. ) ;
#553 = ADVANCED_FACE ( 'NONE', ( #938 ), #160, .F. ) ;
#554 = CARTESIAN_POINT ( 'NONE',  ( -70.00000000000002842, -20.05046122158771382, -151.2742743250599915 ) ) ;
#555 = CARTESIAN_POINT ( 'NONE',  ( 69.99999999999998579, -21.54999999999999005, -143.7426406871192626 ) ) ;
#556 = VERTEX_POINT ( 'NONE', #1188 ) ;
#557 = ORIENTED_EDGE ( 'NONE', *, *, #1005, .T. ) ;
#558 = VECTOR ( 'NONE', #1960, 1000.000000000000000 ) ;
#559 = LINE ( 'NONE', #1030, #1171 ) ;
#560 = DIRECTION ( 'NONE',  ( 2.833996820686842732E-16, 0.2428303037216978655, 0.9700687829192464751 ) ) ;
#561 = FACE_OUTER_BOUND ( 'NONE', #2046, .T. ) ;
#562 = LINE ( 'NONE', #2117, #266 ) ;
#563 = AXIS2_PLACEMENT_3D ( 'NONE', #159, #2529, #957 ) ;
#564 = DIRECTION ( 'NONE',  ( 6.938893903907222461E-16, 0.000000000000000000, 1.000000000000000000 ) ) ;
#565 = EDGE_LOOP ( 'NONE', ( #590, #1910, #2012, #3157 ) ) ;
#566 = CARTESIAN_POINT ( 'NONE',  ( 52.00000000000002132, -22.60000000000000142, -124.2000000000000881 ) ) ;
#567 = DIRECTION ( 'NONE',  ( 0.7071067811865524577, -2.824645215047774767E-32, 0.7071067811865426878 ) ) ;
#568 = CARTESIAN_POINT ( 'NONE',  ( -44.60000000000000853, -26.59999999999999787, -44.59999999999987352 ) ) ;
#569 = LINE ( 'NONE', #2361, #2493 ) ;
#570 = EDGE_CURVE ( 'NONE', #398, #3131, #1479, .T. ) ;
#571 = ORIENTED_EDGE ( 'NONE', *, *, #82, .F. ) ;
#572 = EDGE_CURVE ( 'NONE', #2422, #953, #1380, .T. ) ;
#573 = LINE ( 'NONE', #2149, #2968 ) ;
#574 = ADVANCED_FACE ( 'NONE', ( #203 ), #2788, .T. ) ;
#575 = ORIENTED_EDGE ( 'NONE', *, *, #228, .T. ) ;
#576 = VERTEX_POINT ( 'NONE', #1460 ) ;
#577 = VECTOR ( 'NONE', #2949, 1000.000000000000000 ) ;
#578 = CARTESIAN_POINT ( 'NONE',  ( 70.00000000000001421, 3.204747427460359759E-30, -104.2000000000001023 ) ) ;
#579 = DIRECTION ( 'NONE',  ( 0.000000000000000000, 0.000000000000000000, 1.000000000000000000 ) ) ;
#580 = ADVANCED_FACE ( 'NONE', ( #2512 ), #2003, .F. ) ;
#581 = DIRECTION ( 'NONE',  ( 1.000000000000000000, 0.000000000000000000, -3.083952846180988308E-16 ) ) ;
#582 = EDGE_LOOP ( 'NONE', ( #3355, #1396, #2407, #2722 ) ) ;
#583 = LINE ( 'NONE', #833, #315 ) ;
#584 = VECTOR ( 'NONE', #3167, 1000.000000000000000 ) ;
#585 = VERTEX_POINT ( 'NONE', #1985 ) ;
#586 = PLANE ( 'NONE',  #97 ) ;
#587 = CARTESIAN_POINT ( 'NONE',  ( 30.49999999999993250, -28.60000000000000142, -127.2000000000000313 ) ) ;
#588 = DIRECTION ( 'NONE',  ( 0.000000000000000000, 0.000000000000000000, -1.000000000000000000 ) ) ;
#589 = ORIENTED_EDGE ( 'NONE', *, *, #1844, .F. ) ;
#590 = ORIENTED_EDGE ( 'NONE', *, *, #687, .F. ) ;
#591 = ADVANCED_FACE ( 'NONE', ( #444 ), #1784, .F. ) ;
#592 = CARTESIAN_POINT ( 'NONE',  ( 52.00000000000002132, -22.60000000000000142, 0.000000000000000000 ) ) ;
#593 = CARTESIAN_POINT ( 'NONE',  ( -141.0000000000000568, -18.04999999999998650, -4.140059776096500909E-14 ) ) ;
#594 = LINE ( 'NONE', #1684, #739 ) ;
#595 = DIRECTION ( 'NONE',  ( -1.000000000000000000, 0.000000000000000000, -0.000000000000000000 ) ) ;
#596 = CARTESIAN_POINT ( 'NONE',  ( -141.0000000000000568, 35.30519245079632640, -14.26422365827943040 ) ) ;
#597 = ORIENTED_EDGE ( 'NONE', *, *, #1278, .T. ) ;
#598 = EDGE_CURVE ( 'NONE', #676, #378, #3294, .T. ) ;
#599 = LINE ( 'NONE', #1896, #1546 ) ;
#600 = DIRECTION ( 'NONE',  ( 0.000000000000000000, 1.000000000000000000, -0.000000000000000000 ) ) ;
#601 = ORIENTED_EDGE ( 'NONE', *, *, #1128, .T. ) ;
#602 = ORIENTED_EDGE ( 'NONE', *, *, #1257, .T. ) ;
#603 = ORIENTED_EDGE ( 'NONE', *, *, #1885, .F. ) ;
#604 = LINE ( 'NONE', #1594, #1584 ) ;
#605 = CARTESIAN_POINT ( 'NONE',  ( 13.34457714270581974, -23.59999999999999787, -132.7083956797685858 ) ) ;
#606 = PLANE ( 'NONE',  #1099 ) ;
#607 = DIRECTION ( 'NONE',  ( 0.000000000000000000, 0.000000000000000000, -1.000000000000000000 ) ) ;
#608 = EDGE_CURVE ( 'NONE', #2496, #2467, #461, .T. ) ;
#609 = VECTOR ( 'NONE', #519, 1000.000000000000000 ) ;
#610 = ORIENTED_EDGE ( 'NONE', *, *, #1314, .T. ) ;
#611 = DIRECTION ( 'NONE',  ( -1.000000000000000000, 0.000000000000000000, 0.000000000000000000 ) ) ;
#612 = EDGE_CURVE ( 'NONE', #393, #698, #212, .T. ) ;
#613 = VECTOR ( 'NONE', #3112, 1000.000000000000000 ) ;
#614 = FACE_OUTER_BOUND ( 'NONE', #1597, .T. ) ;
#615 = CARTESIAN_POINT ( 'NONE',  ( 16.07157287525376432, -26.40514591068206229, -134.1284271247461675 ) ) ;
#616 = ORIENTED_EDGE ( 'NONE', *, *, #2976, .T. ) ;
#617 = DIRECTION ( 'NONE',  ( 0.000000000000000000, -1.942890293094022368E-14, -1.000000000000000000 ) ) ;
#618 = LINE ( 'NONE', #2982, #3233 ) ;
#619 = ORIENTED_EDGE ( 'NONE', *, *, #473, .F. ) ;
#620 = ORIENTED_EDGE ( 'NONE', *, *, #199, .T. ) ;
#621 = DIRECTION ( 'NONE',  ( -0.7071067811865470176, 0.000000000000000000, 0.7071067811865481278 ) ) ;
#622 = CARTESIAN_POINT ( 'NONE',  ( 15.66867336030730229, -26.03070541343206301, -134.5313266395228311 ) ) ;
#623 = EDGE_LOOP ( 'NONE', ( #1190, #2585, #227, #704 ) ) ;
#624 = ADVANCED_FACE ( 'NONE', ( #1045 ), #1267, .T. ) ;
#625 = DIRECTION ( 'NONE',  ( 1.000000000000000000, 0.000000000000000000, 2.885194970439601952E-16 ) ) ;
#626 = CARTESIAN_POINT ( 'NONE',  ( 35.72356773999052137, -25.44364004947888702, -135.2774499043225376 ) ) ;
#627 = CLOSED_SHELL ( 'NONE', ( #574, #2721, #667, #2078, #2485, #2265, #2525, #1180, #1518, #1233, #1148, #646, #3039, #1710, #974, #3269, #731, #1631, #3226, #1656, #3020, #3209, #1737, #410, #2861, #751, #591, #2490, #1274, #2634, #3143, #1107, #1073, #1698, #116, #1451, #3332, #624, #1827, #328, #534, #1780, #1208, #1069, #1076, #632, #1316, #628, #1132, #430, #1865, #2664, #2588, #3146, #2226, #1821, #2878, #2937, #2705, #553, #2616, #3033, #3165, #2240, #1157, #1578, #121, #3308, #2282, #388, #1522, #2738, #1333, #3185, #2028, #375, #1467, #248, #580, #2448, #2182, #103, #1713, #478, #272, #2326, #455, #839, #1752, #898, #2062, #1, #1431, #3122, #1782, #2124, #3124, #302 ) ) ;
#628 = ADVANCED_FACE ( 'NONE', ( #1315 ), #3132, .F. ) ;
#629 = DIRECTION ( 'NONE',  ( 2.921439046990504887E-16, 0.000000000000000000, 1.000000000000000000 ) ) ;
#630 = AXIS2_PLACEMENT_3D ( 'NONE', #1027, #1079, #3148 ) ;
#631 = ORIENTED_EDGE ( 'NONE', *, *, #3041, .T. ) ;
#632 = ADVANCED_FACE ( 'NONE', ( #2366 ), #2601, .F. ) ;
#633 = CARTESIAN_POINT ( 'NONE',  ( -30.50000000000002487, -54.44027863626858732, -129.2000000000000455 ) ) ;
#634 = DIRECTION ( 'NONE',  ( -1.000000000000000000, -0.000000000000000000, -0.000000000000000000 ) ) ;
#635 = FACE_OUTER_BOUND ( 'NONE', #1244, .T. ) ;
#636 = VECTOR ( 'NONE', #1876, 1000.000000000000000 ) ;
#637 = ORIENTED_EDGE ( 'NONE', *, *, #2202, .T. ) ;
#638 = VERTEX_POINT ( 'NONE', #1532 ) ;
#639 = FACE_OUTER_BOUND ( 'NONE', #623, .T. ) ;
#640 = DIRECTION ( 'NONE',  ( -0.000000000000000000, -1.000000000000000000, -0.000000000000000000 ) ) ;
#641 = CARTESIAN_POINT ( 'NONE',  ( 0.000000000000000000, -20.60000000000000142, -135.2999999999999829 ) ) ;
#642 = ORIENTED_EDGE ( 'NONE', *, *, #550, .T. ) ;
#643 = UNCERTAINTY_MEASURE_WITH_UNIT (LENGTH_MEASURE( 1.000000000000000082E-05 ), #2742, 'distance_accuracy_value', 'NONE');
#644 = CARTESIAN_POINT ( 'NONE',  ( 67.00000000000002842, -27.59999999999994458, -152.3000000000000114 ) ) ;
#645 = CARTESIAN_POINT ( 'NONE',  ( 36.84447745012280251, -24.09161891160912461, -137.9598907389214446 ) ) ;
#646 = ADVANCED_FACE ( 'NONE', ( #3085 ), #1854, .T. ) ;
#647 = ORIENTED_EDGE ( 'NONE', *, *, #2166, .F. ) ;
#648 = FACE_OUTER_BOUND ( 'NONE', #3347, .T. ) ;
#649 = DIRECTION ( 'NONE',  ( 1.000000000000000000, 0.000000000000000000, 2.885194970439601952E-16 ) ) ;
#650 = EDGE_CURVE ( 'NONE', #1472, #3346, #1838, .T. ) ;
#651 = ORIENTED_EDGE ( 'NONE', *, *, #2957, .F. ) ;
#652 = ORIENTED_EDGE ( 'NONE', *, *, #371, .F. ) ;
#653 = FACE_BOUND ( 'NONE', #2160, .T. ) ;
#654 = CARTESIAN_POINT ( 'NONE',  ( 12.75916097335110955, -23.59999999999999787, -136.2229722703395680 ) ) ;
#655 = LINE ( 'NONE', #415, #3213 ) ;
#656 = VERTEX_POINT ( 'NONE', #555 ) ;
#657 = CARTESIAN_POINT ( 'NONE',  ( -66.99999999999998579, 32.06004895981228486, -12.95310058132344189 ) ) ;
#658 = CARTESIAN_POINT ( 'NONE',  ( -67.00000000000000000, 38.20031440401338330, -78.50873698486809360 ) ) ;
#659 = AXIS2_PLACEMENT_3D ( 'NONE', #254, #2092, #218 ) ;
#660 = AXIS2_PLACEMENT_3D ( 'NONE', #468, #3300, #762 ) ;
#661 = ORIENTED_EDGE ( 'NONE', *, *, #1565, .T. ) ;
#662 = AXIS2_PLACEMENT_3D ( 'NONE', #516, #2324, #3090 ) ;
#663 = CARTESIAN_POINT ( 'NONE',  ( 67.00000000000000000, -79.73031947122058227, -32.21314006058822343 ) ) ;
#664 = EDGE_CURVE ( 'NONE', #1852, #2217, #1819, .T. ) ;
#665 = LINE ( 'NONE', #2018, #165 ) ;
#666 = EDGE_LOOP ( 'NONE', ( #1692, #3029, #1567, #557 ) ) ;
#667 = ADVANCED_FACE ( 'NONE', ( #1805 ), #50, .F. ) ;
#668 = CARTESIAN_POINT ( 'NONE',  ( 35.49999999999993605, -25.64375011589961773, -132.2999999999999829 ) ) ;
#669 = CARTESIAN_POINT ( 'NONE',  ( 13.24314575050808429, -23.92021085505092515, -135.2999999999999829 ) ) ;
#670 = CARTESIAN_POINT ( 'NONE',  ( -9.227010647386597597, -23.59999999999999432, -140.8273684349054236 ) ) ;
#671 = VERTEX_POINT ( 'NONE', #821 ) ;
#672 = AXIS2_PLACEMENT_3D ( 'NONE', #2872, #1630, #23 ) ;
#673 = DIRECTION ( 'NONE',  ( -0.000000000000000000, 1.000000000000000000, -0.000000000000000000 ) ) ;
#674 = DIRECTION ( 'NONE',  ( -1.806229940874179641E-16, -0.8992041110872031062, -0.4375293894172972431 ) ) ;
#675 = AXIS2_PLACEMENT_3D ( 'NONE', #353, #2410, #1108 ) ;
#676 = VERTEX_POINT ( 'NONE', #787 ) ;
#677 = VECTOR ( 'NONE', #2453, 1000.000000000000000 ) ;
#678 = DIRECTION ( 'NONE',  ( -1.000000000000000000, 0.000000000000000000, 0.000000000000000000 ) ) ;
#679 = VECTOR ( 'NONE', #2782, 999.9999999999998863 ) ;
#680 = CIRCLE ( 'NONE', #1836, 3.000000000000002665 ) ;
#681 = ORIENTED_EDGE ( 'NONE', *, *, #2857, .T. ) ;
#682 = DIRECTION ( 'NONE',  ( 8.458601222678393009E-18, -0.8829475928589252121, 0.4694715627858939699 ) ) ;
#683 = LINE ( 'NONE', #2787, #133 ) ;
#684 = DIRECTION ( 'NONE',  ( 0.000000000000000000, 1.000000000000000000, -1.442597485219800730E-16 ) ) ;
#685 = CARTESIAN_POINT ( 'NONE',  ( 35.49999999999993605, -26.59999999999999787, 0.000000000000000000 ) ) ;
#686 = VERTEX_POINT ( 'NONE', #241 ) ;
#687 = EDGE_CURVE ( 'NONE', #30, #175, #2319, .T. ) ;
#688 = ORIENTED_EDGE ( 'NONE', *, *, #1604, .F. ) ;
#689 =( BOUNDED_CURVE ( )  B_SPLINE_CURVE ( 3, ( #414, #1382, #2935, #3173 ),
 .UNSPECIFIED., .F., .T. ) 
 B_SPLINE_CURVE_WITH_KNOTS ( ( 4, 4 ),
 ( 1.570796326794896558, 3.141592653589793116 ),
 .UNSPECIFIED. ) 
 CURVE ( )  GEOMETRIC_REPRESENTATION_ITEM ( )  RATIONAL_B_SPLINE_CURVE ( ( 1.000000000000000000, 0.8047378541243649375, 0.8047378541243649375, 1.000000000000000000 ) ) 
 REPRESENTATION_ITEM ( '' )  );
#690 = CARTESIAN_POINT ( 'NONE',  ( -141.0000000000000284, -18.04999999999998650, -143.7426406871193194 ) ) ;
#691 = CARTESIAN_POINT ( 'NONE',  ( -13.26268670347162804, -24.48961745130825918, -136.9373132965025377 ) ) ;
#692 = CARTESIAN_POINT ( 'NONE',  ( 36.26414441155937851, -24.56479175426229133, -136.7382520229035379 ) ) ;
#693 = VECTOR ( 'NONE', #2053, 1000.000000000000114 ) ;
#694 = EDGE_CURVE ( 'NONE', #2883, #921, #3345, .T. ) ;
#695 = DIRECTION ( 'NONE',  ( 0.000000000000000000, 1.000000000000000000, 0.000000000000000000 ) ) ;
#696 = DIRECTION ( 'NONE',  ( -1.000000000000000000, 0.000000000000000000, 0.000000000000000000 ) ) ;
#697 = LINE ( 'NONE', #1736, #138 ) ;
#698 = VERTEX_POINT ( 'NONE', #2850 ) ;
#699 = ORIENTED_EDGE ( 'NONE', *, *, #754, .T. ) ;
#700 = VERTEX_POINT ( 'NONE', #523 ) ;
#701 = LINE ( 'NONE', #1743, #1778 ) ;
#702 = CARTESIAN_POINT ( 'NONE',  ( 35.52704570029738562, -25.10000000000002274, -132.7019237886466385 ) ) ;
#703 = VERTEX_POINT ( 'NONE', #1301 ) ;
#704 = ORIENTED_EDGE ( 'NONE', *, *, #1515, .F. ) ;
#705 = DIRECTION ( 'NONE',  ( 1.806229940874179641E-16, -0.8992041110872031062, -0.4375293894172972431 ) ) ;
#706 = PLANE ( 'NONE',  #98 ) ;
#707 = EDGE_CURVE ( 'NONE', #585, #1937, #680, .T. ) ;
#708 = CARTESIAN_POINT ( 'NONE',  ( -67.00000000000001421, -33.00000000000000000, -104.2000000000001023 ) ) ;
#709 = CARTESIAN_POINT ( 'NONE',  ( -141.0000000000000568, -18.04999999999998650, -4.140059776096500909E-14 ) ) ;
#710 = EDGE_CURVE ( 'NONE', #1500, #2637, #373, .T. ) ;
#711 = EDGE_LOOP ( 'NONE', ( #1428, #2746, #1765, #1709 ) ) ;
#712 = EDGE_CURVE ( 'NONE', #975, #1395, #2465, .T. ) ;
#713 = DIRECTION ( 'NONE',  ( 1.000000000000000000, -4.275826894170391137E-33, -3.083952846180988308E-16 ) ) ;
#714 = VECTOR ( 'NONE', #1502, 1000.000000000000000 ) ;
#715 = ORIENTED_EDGE ( 'NONE', *, *, #3252, .T. ) ;
#716 = LINE ( 'NONE', #2580, #2718 ) ;
#717 = ORIENTED_EDGE ( 'NONE', *, *, #371, .T. ) ;
#718 = COLOUR_RGB ( '',0.7921568627450980005, 0.8196078431372548767, 0.9333333333333333481 ) ;
#719 = ORIENTED_EDGE ( 'NONE', *, *, #1169, .T. ) ;
#720 = CARTESIAN_POINT ( 'NONE',  ( 70.00000000000002842, -10.15197879029935635, -137.5308564657626675 ) ) ;
#721 = CARTESIAN_POINT ( 'NONE',  ( -9.525793329137179910, -23.59999999999999787, -140.0976060810180854 ) ) ;
#722 = CARTESIAN_POINT ( 'NONE',  ( -141.0000000000000284, -19.79999999999998650, -143.7426406871193478 ) ) ;
#723 = ORIENTED_EDGE ( 'NONE', *, *, #82, .T. ) ;
#724 = VERTEX_POINT ( 'NONE', #1641 ) ;
#725 = LINE ( 'NONE', #2701, #2858 ) ;
#726 = CARTESIAN_POINT ( 'NONE',  ( -9.449739171296251072, -23.59999999999999787, -140.2819570483405300 ) ) ;
#727 = ORIENTED_EDGE ( 'NONE', *, *, #2140, .T. ) ;
#728 = DIRECTION ( 'NONE',  ( 1.000000000000000000, -4.930380657631323784E-32, -2.921439046990504887E-16 ) ) ;
#729 = DIRECTION ( 'NONE',  ( -1.000000000000000000, 0.000000000000000000, 3.083952846180988308E-16 ) ) ;
#730 = ORIENTED_EDGE ( 'NONE', *, *, #267, .F. ) ;
#731 = ADVANCED_FACE ( 'NONE', ( #635 ), #2654, .T. ) ;
#732 = LINE ( 'NONE', #2820, #1847 ) ;
#733 = VECTOR ( 'NONE', #1036, 1000.000000000000000 ) ;
#734 = ORIENTED_EDGE ( 'NONE', *, *, #15, .F. ) ;
#735 = EDGE_CURVE ( 'NONE', #16, #538, #1437, .T. ) ;
#736 = VECTOR ( 'NONE', #2063, 1000.000000000000000 ) ;
#737 = DIRECTION ( 'NONE',  ( 0.000000000000000000, 0.000000000000000000, 1.000000000000000000 ) ) ;
#738 = ORIENTED_EDGE ( 'NONE', *, *, #2679, .T. ) ;
#739 = VECTOR ( 'NONE', #382, 1000.000000000000000 ) ;
#740 = VERTEX_POINT ( 'NONE', #322 ) ;
#741 = CARTESIAN_POINT ( 'NONE',  ( 69.99999999999998579, -20.05046122158771027, -151.2742743250599631 ) ) ;
#742 = CARTESIAN_POINT ( 'NONE',  ( 15.10447087165143643, -25.23775166185533436, -134.8496518132356243 ) ) ;
#743 = PLANE ( 'NONE',  #3296 ) ;
#744 = FACE_OUTER_BOUND ( 'NONE', #2402, .T. ) ;
#745 = VECTOR ( 'NONE', #472, 1000.000000000000000 ) ;
#746 = CARTESIAN_POINT ( 'NONE',  ( 67.00000000000001421, -27.59999999999999787, -107.2000000000001876 ) ) ;
#747 = CARTESIAN_POINT ( 'NONE',  ( -70.00000000000002842, -21.67303296707958182, -150.6187127865821083 ) ) ;
#748 = DIRECTION ( 'NONE',  ( 2.715809747126122424E-16, 0.000000000000000000, -1.000000000000000000 ) ) ;
#749 = ORIENTED_EDGE ( 'NONE', *, *, #99, .F. ) ;
#750 = DIRECTION ( 'NONE',  ( 0.5773502691896226224, -0.5773502691896240657, -0.5773502691896306160 ) ) ;
#751 = ADVANCED_FACE ( 'NONE', ( #2431 ), #1131, .T. ) ;
#752 = EDGE_LOOP ( 'NONE', ( #2651, #2869, #3201, #2100 ) ) ;
#753 = CARTESIAN_POINT ( 'NONE',  ( -15.61340112668247748, -25.82052974900567222, -134.5243024879072777 ) ) ;
#754 = EDGE_CURVE ( 'NONE', #3198, #2911, #2912, .T. ) ;
#755 = VERTEX_POINT ( 'NONE', #2947 ) ;
#756 = DIRECTION ( 'NONE',  ( -1.000000000000000000, -4.930380657631323784E-32, -2.921439046990504887E-16 ) ) ;
#757 = CARTESIAN_POINT ( 'NONE',  ( 15.31968041523626844, -25.46897329701326740, -134.7271199323527924 ) ) ;
#758 = CARTESIAN_POINT ( 'NONE',  ( 67.00000000000001421, -27.59999999999999787, -107.2000000000001876 ) ) ;
#759 = CYLINDRICAL_SURFACE ( 'NONE', #2568, 3.000000000000002665 ) ;
#760 = CARTESIAN_POINT ( 'NONE',  ( -14.31819015876633649, -20.60000000000004405, -135.2999999999999545 ) ) ;
#761 = CARTESIAN_POINT ( 'NONE',  ( 30.49999999999992895, -28.60000000000000142, -123.9426406871192938 ) ) ;
#762 = DIRECTION ( 'NONE',  ( -1.000000000000000000, 0.000000000000000000, 3.083952846180988308E-16 ) ) ;
#763 = LINE ( 'NONE', #2088, #1670 ) ;
#764 = DIRECTION ( 'NONE',  ( 0.000000000000000000, 0.000000000000000000, 1.000000000000000000 ) ) ;
#765 = DIRECTION ( 'NONE',  ( 0.000000000000000000, 0.000000000000000000, -1.000000000000000000 ) ) ;
#766 = ORIENTED_EDGE ( 'NONE', *, *, #1394, .F. ) ;
#767 = EDGE_CURVE ( 'NONE', #2019, #1818, #66, .T. ) ;
#768 = AXIS2_PLACEMENT_3D ( 'NONE', #2048, #514, #2116 ) ;
#769 = CARTESIAN_POINT ( 'NONE',  ( -15.97859428447931762, -26.29728173229733912, -134.2190692663154437 ) ) ;
#770 = ORIENTED_EDGE ( 'NONE', *, *, #2334, .F. ) ;
#771 = VERTEX_POINT ( 'NONE', #2670 ) ;
#772 = STYLED_ITEM ( 'NONE', ( #1964 ), #2364 ) ;
#773 = EDGE_CURVE ( 'NONE', #1080, #120, #2488, .T. ) ;
#774 = DIRECTION ( 'NONE',  ( -0.7071067811865481278, 0.000000000000000000, -0.7071067811865470176 ) ) ;
#775 = CARTESIAN_POINT ( 'NONE',  ( 15.88951267126400424, -26.17992080555986689, -134.3000603399955253 ) ) ;
#776 = LINE ( 'NONE', #3105, #3018 ) ;
#777 = DIRECTION ( 'NONE',  ( 0.000000000000000000, 0.000000000000000000, -1.000000000000000000 ) ) ;
#778 = FACE_OUTER_BOUND ( 'NONE', #2477, .T. ) ;
#779 = EDGE_CURVE ( 'NONE', #120, #67, #2060, .T. ) ;
#780 = DIRECTION ( 'NONE',  ( 2.518054949610443880E-16, -0.3746065934159182875, -0.9271838545667848708 ) ) ;
#781 = CARTESIAN_POINT ( 'NONE',  ( 66.99999999999998579, 0.000000000000000000, 1.817994761385374285E-14 ) ) ;
#782 = DIRECTION ( 'NONE',  ( -1.000000000000000000, -0.000000000000000000, -0.000000000000000000 ) ) ;
#783 = VECTOR ( 'NONE', #2573, 1000.000000000000000 ) ;
#784 = ORIENTED_EDGE ( 'NONE', *, *, #2506, .T. ) ;
#785 = ORIENTED_EDGE ( 'NONE', *, *, #1511, .F. ) ;
#786 = AXIS2_PLACEMENT_3D ( 'NONE', #2459, #962, #1463 ) ;
#787 = CARTESIAN_POINT ( 'NONE',  ( -67.00000000000002842, -19.60000000000002984, -155.2999999999999829 ) ) ;
#788 = VERTEX_POINT ( 'NONE', #118 ) ;
#789 = ORIENTED_EDGE ( 'NONE', *, *, #1682, .T. ) ;
#790 = VECTOR ( 'NONE', #1056, 1000.000000000000000 ) ;
#791 = DIRECTION ( 'NONE',  ( 2.518054949610451276E-16, 0.3746065934159109045, 0.9271838545667877574 ) ) ;
#792 = CARTESIAN_POINT ( 'NONE',  ( -32.62132034355958865, -54.44027863626858732, -121.8213203435596768 ) ) ;
#793 = CYLINDRICAL_SURFACE ( 'NONE', #2815, 3.000000000000002665 ) ;
#794 = AXIS2_PLACEMENT_3D ( 'NONE', #836, #2430, #1130 ) ;
#795 = VECTOR ( 'NONE', #311, 1000.000000000000000 ) ;
#796 = CARTESIAN_POINT ( 'NONE',  ( -53.00000000000000711, -55.52582403567247837, 0.000000000000000000 ) ) ;
#797 = EDGE_CURVE ( 'NONE', #2866, #1589, #1144, .T. ) ;
#798 = DIRECTION ( 'NONE',  ( 2.715809747126122424E-16, 0.000000000000000000, -1.000000000000000000 ) ) ;
#799 = CARTESIAN_POINT ( 'NONE',  ( -36.01175351860401008, -24.87037431163675905, -136.1464984069134516 ) ) ;
#800 = EDGE_CURVE ( 'NONE', #3059, #67, #1349, .T. ) ;
#801 =( BOUNDED_CURVE ( )  B_SPLINE_CURVE ( 3, ( #1426, #1755, #503, #282 ),
 .UNSPECIFIED., .F., .T. ) 
 B_SPLINE_CURVE_WITH_KNOTS ( ( 4, 4 ),
 ( 0.5235987755982982605, 0.8030610904754544865 ),
 .UNSPECIFIED. ) 
 CURVE ( )  GEOMETRIC_REPRESENTATION_ITEM ( )  RATIONAL_B_SPLINE_CURVE ( ( 1.000000000000000000, 0.9935023170373131762, 0.9935023170373131762, 1.000000000000000000 ) ) 
 REPRESENTATION_ITEM ( '' )  );
#802 = CARTESIAN_POINT ( 'NONE',  ( -35.49999999999993605, -28.60000000000000497, -132.4132486540518414 ) ) ;
#803 = ORIENTED_EDGE ( 'NONE', *, *, #2142, .F. ) ;
#804 = CARTESIAN_POINT ( 'NONE',  ( -70.00000000000002842, -29.99999999999995737, -155.2999999999999829 ) ) ;
#805 = ORIENTED_EDGE ( 'NONE', *, *, #664, .F. ) ;
#806 = ORIENTED_EDGE ( 'NONE', *, *, #1394, .T. ) ;
#807 = DIRECTION ( 'NONE',  ( -2.518054949610453741E-16, 0.3746065934159088506, -0.9271838545667886455 ) ) ;
#808 = FACE_OUTER_BOUND ( 'NONE', #565, .T. ) ;
#809 = LINE ( 'NONE', #1068, #2435 ) ;
#810 = PLANE ( 'NONE',  #32 ) ;
#811 = ORIENTED_EDGE ( 'NONE', *, *, #3013, .T. ) ;
#812 = EDGE_CURVE ( 'NONE', #1852, #1663, #1884, .T. ) ;
#813 = CARTESIAN_POINT ( 'NONE',  ( -70.00000000000002842, -10.15197879029935635, -137.5308564657626675 ) ) ;
#814 = CARTESIAN_POINT ( 'NONE',  ( 52.00000000000002132, -20.60000000000000142, -104.2000000000001023 ) ) ;
#815 = ORIENTED_EDGE ( 'NONE', *, *, #324, .F. ) ;
#816 = EDGE_CURVE ( 'NONE', #740, #638, #838, .T. ) ;
#817 = EDGE_CURVE ( 'NONE', #1938, #522, #84, .T. ) ;
#818 = CARTESIAN_POINT ( 'NONE',  ( 36.74264068711921993, -23.59999999999999787, -135.2999999999999829 ) ) ;
#819 = VERTEX_POINT ( 'NONE', #1662 ) ;
#820 = LINE ( 'NONE', #1605, #2271 ) ;
#821 = CARTESIAN_POINT ( 'NONE',  ( -67.00000000000001421, -31.21207867750532117, -152.3000000000000114 ) ) ;
#822 = VECTOR ( 'NONE', #1211, 1000.000000000000000 ) ;
#823 = EDGE_LOOP ( 'NONE', ( #243, #206, #1313, #1694, #831, #3028 ) ) ;
#824 = ORIENTED_EDGE ( 'NONE', *, *, #2683, .F. ) ;
#825 = VECTOR ( 'NONE', #363, 1000.000000000000000 ) ;
#826 = CARTESIAN_POINT ( 'NONE',  ( 67.00000000000001421, -27.59999999999999787, -104.8000000000001961 ) ) ;
#827 = CARTESIAN_POINT ( 'NONE',  ( 75.09999999999995168, -26.59999999999999787, -75.10000000000006537 ) ) ;
#828 = CIRCLE ( 'NONE', #563, 3.000000000000002665 ) ;
#829 = AXIS2_PLACEMENT_3D ( 'NONE', #1294, #1829, #2360 ) ;
#830 = CARTESIAN_POINT ( 'NONE',  ( -11.75053977635965197, -23.59999999999999787, -138.4494602236402727 ) ) ;
#831 = ORIENTED_EDGE ( 'NONE', *, *, #2011, .F. ) ;
#832 = AXIS2_PLACEMENT_3D ( 'NONE', #708, #3333, #2069 ) ;
#833 = CARTESIAN_POINT ( 'NONE',  ( -141.0000000000000284, -21.54999999999999361, -145.6426279727571682 ) ) ;
#834 = EDGE_CURVE ( 'NONE', #296, #1395, #102, .T. ) ;
#835 = ORIENTED_EDGE ( 'NONE', *, *, #1172, .T. ) ;
#836 = CARTESIAN_POINT ( 'NONE',  ( 31.49999999999992539, -54.44027863626858732, -126.3568542494923861 ) ) ;
#837 = DIRECTION ( 'NONE',  ( -0.7071067811865481278, 0.000000000000000000, 0.7071067811865470176 ) ) ;
#838 = LINE ( 'NONE', #1920, #3344 ) ;
#839 = ADVANCED_FACE ( 'NONE', ( #1114 ), #3219, .F. ) ;
#840 = EDGE_LOOP ( 'NONE', ( #681, #620, #1074, #2258, #3134, #3000, #2950 ) ) ;
#841 = ORIENTED_EDGE ( 'NONE', *, *, #2574, .T. ) ;
#842 = CARTESIAN_POINT ( 'NONE',  ( -0.000000000000000000, -22.60000000000000142, -133.7999999999999545 ) ) ;
#843 = ORIENTED_EDGE ( 'NONE', *, *, #2035, .F. ) ;
#844 = CARTESIAN_POINT ( 'NONE',  ( 0.000000000000000000, -22.80000000000000071, -142.5000000000000000 ) ) ;
#845 = PLANE ( 'NONE',  #22 ) ;
#846 = DIRECTION ( 'NONE',  ( -1.000000000000000000, 0.000000000000000000, -3.083952846180988308E-16 ) ) ;
#847 = CARTESIAN_POINT ( 'NONE',  ( 67.00000000000000000, -20.05046122158772448, -151.2742743250599915 ) ) ;
#848 = VECTOR ( 'NONE', #3229, 1000.000000000000000 ) ;
#849 = ORIENTED_EDGE ( 'NONE', *, *, #1543, .T. ) ;
#850 = VECTOR ( 'NONE', #2741, 1000.000000000000000 ) ;
#851 = AXIS2_PLACEMENT_3D ( 'NONE', #545, #3089, #264 ) ;
#852 = CARTESIAN_POINT ( 'NONE',  ( -30.49999999999992184, -28.60000000000000142, -123.9426406871192938 ) ) ;
#853 = VERTEX_POINT ( 'NONE', #1133 ) ;
#854 = DIRECTION ( 'NONE',  ( 0.000000000000000000, 0.000000000000000000, 1.000000000000000000 ) ) ;
#855 = EDGE_CURVE ( 'NONE', #3164, #16, #618, .T. ) ;
#856 = LINE ( 'NONE', #339, #2325 ) ;
#857 = EDGE_LOOP ( 'NONE', ( #2558, #1625, #3175, #3244 ) ) ;
#858 = ORIENTED_EDGE ( 'NONE', *, *, #1564, .T. ) ;
#859 = CARTESIAN_POINT ( 'NONE',  ( 70.00000000000002842, -19.60000000000004405, -155.2999999999999829 ) ) ;
#860 = EDGE_CURVE ( 'NONE', #1846, #2883, #408, .T. ) ;
#861 = DIRECTION ( 'NONE',  ( 0.000000000000000000, 1.000000000000000000, 0.000000000000000000 ) ) ;
#862 = CARTESIAN_POINT ( 'NONE',  ( 10.11070788932440045, -23.60000000000000497, -139.6185161862260884 ) ) ;
#863 = CARTESIAN_POINT ( 'NONE',  ( 53.99999999999995026, -22.60000000000000142, 0.000000000000000000 ) ) ;
#864 = ORIENTED_EDGE ( 'NONE', *, *, #2059, .T. ) ;
#865 = DIRECTION ( 'NONE',  ( 0.000000000000000000, 1.000000000000000000, 0.000000000000000000 ) ) ;
#866 = LINE ( 'NONE', #1094, #1724 ) ;
#867 = ORIENTED_EDGE ( 'NONE', *, *, #15, .T. ) ;
#868 = CARTESIAN_POINT ( 'NONE',  ( -70.00000000000001421, -0.03440934984277194131, -97.11276151311160731 ) ) ;
#869 = FACE_OUTER_BOUND ( 'NONE', #840, .T. ) ;
#870 = DIRECTION ( 'NONE',  ( 0.000000000000000000, 1.000000000000000000, -0.000000000000000000 ) ) ;
#871 = CARTESIAN_POINT ( 'NONE',  ( -52.00000000000002132, -22.60000000000000142, -133.7999999999999545 ) ) ;
#872 = EDGE_LOOP ( 'NONE', ( #3004, #960, #2819, #647 ) ) ;
#873 = EDGE_CURVE ( 'NONE', #2633, #1705, #856, .T. ) ;
#874 = ORIENTED_EDGE ( 'NONE', *, *, #473, .T. ) ;
#875 = LINE ( 'NONE', #2676, #3102 ) ;
#876 = LINE ( 'NONE', #2989, #877 ) ;
#877 = VECTOR ( 'NONE', #3224, 1000.000000000000000 ) ;
#878 = EDGE_CURVE ( 'NONE', #3260, #2930, #2185, .T. ) ;
#879 = ORIENTED_EDGE ( 'NONE', *, *, #3202, .F. ) ;
#880 = UNCERTAINTY_MEASURE_WITH_UNIT (LENGTH_MEASURE( 1.000000000000000082E-05 ), #3247, 'distance_accuracy_value', 'NONE');
#881 = MECHANICAL_DESIGN_GEOMETRIC_PRESENTATION_REPRESENTATION (  '', ( #2091 ), #1923 ) ;
#882 = CARTESIAN_POINT ( 'NONE',  ( -35.49999999999993605, -26.59999999999999787, -130.1038475772933225 ) ) ;
#883 = DIRECTION ( 'NONE',  ( 0.000000000000000000, 0.000000000000000000, -1.000000000000000000 ) ) ;
#884 = VECTOR ( 'NONE', #2038, 1000.000000000000000 ) ;
#885 = CARTESIAN_POINT ( 'NONE',  ( 13.24314575050757981, -20.60000000000000142, -135.2999999999999829 ) ) ;
#886 = ORIENTED_EDGE ( 'NONE', *, *, #3274, .T. ) ;
#887 = DIRECTION ( 'NONE',  ( -2.579477574224338613E-16, 0.4694715627858939144, 0.8829475928589252121 ) ) ;
#888 = DIRECTION ( 'NONE',  ( 0.000000000000000000, -0.000000000000000000, -1.000000000000000000 ) ) ;
#889 = CARTESIAN_POINT ( 'NONE',  ( 35.49999999999993605, -33.60000000000000142, -141.0735026918962660 ) ) ;
#890 = DIRECTION ( 'NONE',  ( 0.000000000000000000, 0.000000000000000000, -1.000000000000000000 ) ) ;
#891 = EDGE_LOOP ( 'NONE', ( #637, #1376, #1820, #3097 ) ) ;
#892 = EDGE_LOOP ( 'NONE', ( #879, #2810, #1432, #2042, #2560, #1615, #3254, #959 ) ) ;
#893 = PLANE ( 'NONE',  #1693 ) ;
#894 = DIRECTION ( 'NONE',  ( 0.000000000000000000, 0.000000000000000000, 1.000000000000000000 ) ) ;
#895 = CARTESIAN_POINT ( 'NONE',  ( 38.49999999999993605, -20.60000000000000142, -135.2999999999999829 ) ) ;
#896 = ORIENTED_EDGE ( 'NONE', *, *, #329, .F. ) ;
#897 = CARTESIAN_POINT ( 'NONE',  ( 67.00000000000002842, -23.59999999999999787, -134.7999999999999545 ) ) ;
#898 = ADVANCED_FACE ( 'NONE', ( #614 ), #2700, .F. ) ;
#899 = CARTESIAN_POINT ( 'NONE',  ( -67.00000000000002842, -21.67303296707958182, -150.6187127865821083 ) ) ;
#900 = AXIS2_PLACEMENT_3D ( 'NONE', #1995, #695, #2891 ) ;
#901 = EDGE_CURVE ( 'NONE', #200, #2505, #559, .T. ) ;
#902 = AXIS2_PLACEMENT_3D ( 'NONE', #2832, #1034, #1240 ) ;
#903 = AXIS2_PLACEMENT_3D ( 'NONE', #1033, #2587, #1810 ) ;
#904 = EDGE_LOOP ( 'NONE', ( #2682, #3009, #1115, #2186 ) ) ;
#905 = LINE ( 'NONE', #1706, #1421 ) ;
#906 = DIRECTION ( 'NONE',  ( 1.000000000000000000, 0.000000000000000000, 2.885194970439601952E-16 ) ) ;
#907 = VERTEX_POINT ( 'NONE', #3135 ) ;
#908 = ORIENTED_EDGE ( 'NONE', *, *, #664, .T. ) ;
#909 = PLANE ( 'NONE',  #238 ) ;
#910 = VERTEX_POINT ( 'NONE', #1013 ) ;
#911 = DIRECTION ( 'NONE',  ( -1.000000000000000000, -0.000000000000000000, 2.715809747126122424E-16 ) ) ;
#912 = CARTESIAN_POINT ( 'NONE',  ( 11.96856698369050065, -23.60000000000022169, -135.2999999999999829 ) ) ;
#913 = CARTESIAN_POINT ( 'NONE',  ( 13.66221425998451799, -23.60000000000000142, -135.3436970531268742 ) ) ;
#914 = EDGE_LOOP ( 'NONE', ( #198, #1427, #1719, #2057 ) ) ;
#915 = CARTESIAN_POINT ( 'NONE',  ( 30.49999999999993250, -26.59999999999999787, -125.2000000000000313 ) ) ;
#916 = LINE ( 'NONE', #3282, #2111 ) ;
#917 = EDGE_CURVE ( 'NONE', #2866, #100, #1592, .T. ) ;
#918 = CARTESIAN_POINT ( 'NONE',  ( 35.52704570029738562, -25.10000000000002274, -132.7019237886466385 ) ) ;
#919 = ORIENTED_EDGE ( 'NONE', *, *, #2334, .T. ) ;
#920 = EDGE_CURVE ( 'NONE', #2317, #2629, #498, .T. ) ;
#921 = VERTEX_POINT ( 'NONE', #542 ) ;
#922 = EDGE_CURVE ( 'NONE', #788, #1060, #2604, .T. ) ;
#923 = ORIENTED_EDGE ( 'NONE', *, *, #3336, .F. ) ;
#924 = CARTESIAN_POINT ( 'NONE',  ( 11.70189309052017101, -23.60000000000000853, -135.2999999999999829 ) ) ;
#925 = CARTESIAN_POINT ( 'NONE',  ( 0.000000000000000000, -33.60000000000000142, -141.0735026918962660 ) ) ;
#926 = VERTEX_POINT ( 'NONE', #802 ) ;
#927 = CARTESIAN_POINT ( 'NONE',  ( -11.64969205838287714, -23.59999999999999076, -137.5029431804565263 ) ) ;
#928 = DIRECTION ( 'NONE',  ( 0.000000000000000000, 1.000000000000000000, 0.000000000000000000 ) ) ;
#929 = VECTOR ( 'NONE', #1082, 1000.000000000000000 ) ;
#930 = CARTESIAN_POINT ( 'NONE',  ( -37.15789783866673446, -23.91085663905732872, -138.5786299617510906 ) ) ;
#931 = AXIS2_PLACEMENT_3D ( 'NONE', #2779, #3283, #2593 ) ;
#932 = CARTESIAN_POINT ( 'NONE',  ( 53.99999999999995026, -27.59999999999999787, 0.000000000000000000 ) ) ;
#933 = AXIS2_PLACEMENT_3D ( 'NONE', #3078, #1309, #11 ) ;
#934 = ORIENTED_EDGE ( 'NONE', *, *, #2041, .T. ) ;
#935 = EDGE_CURVE ( 'NONE', #2342, #522, #551, .T. ) ;
#936 = VERTEX_POINT ( 'NONE', #3196 ) ;
#937 = LINE ( 'NONE', #1971, #260 ) ;
#938 = FACE_OUTER_BOUND ( 'NONE', #582, .T. ) ;
#939 = EDGE_CURVE ( 'NONE', #1409, #1783, #2942, .T. ) ;
#940 = ORIENTED_EDGE ( 'NONE', *, *, #40, .F. ) ;
#941 = ORIENTED_EDGE ( 'NONE', *, *, #855, .T. ) ;
#942 = CARTESIAN_POINT ( 'NONE',  ( 16.07157287525376432, -26.40514591068206229, -134.1284271247461675 ) ) ;
#943 = CARTESIAN_POINT ( 'NONE',  ( -9.615955570082487469, -23.59999999999554987, -140.3499123194427796 ) ) ;
#944 = DIRECTION ( 'NONE',  ( -1.000000000000000000, -4.930380657631323784E-32, -2.921439046990504887E-16 ) ) ;
#945 = FACE_OUTER_BOUND ( 'NONE', #1619, .T. ) ;
#946 = CARTESIAN_POINT ( 'NONE',  ( -35.49999999999993605, -26.59999999999999787, 0.000000000000000000 ) ) ;
#947 = DIRECTION ( 'NONE',  ( 1.000000000000000000, -0.000000000000000000, 2.715809747126122424E-16 ) ) ;
#948 = EDGE_LOOP ( 'NONE', ( #2228, #431, #1232, #2583 ) ) ;
#949 = AXIS2_PLACEMENT_3D ( 'NONE', #3021, #2516, #3298 ) ;
#950 = VECTOR ( 'NONE', #865, 1000.000000000000000 ) ;
#951 = DIRECTION ( 'NONE',  ( 1.734723475976805517E-15, 0.000000000000000000, 1.000000000000000000 ) ) ;
#952 = AXIS2_PLACEMENT_3D ( 'NONE', #2706, #1348, #3166 ) ;
#953 = VERTEX_POINT ( 'NONE', #2630 ) ;
#954 = EDGE_CURVE ( 'NONE', #2252, #1895, #1310, .T. ) ;
#955 = ORIENTED_EDGE ( 'NONE', *, *, #1176, .F. ) ;
#956 = DIRECTION ( 'NONE',  ( 1.000000000000000000, 0.000000000000000000, 3.083952846180987815E-16 ) ) ;
#957 = DIRECTION ( 'NONE',  ( 0.000000000000000000, 0.000000000000000000, 1.000000000000000000 ) ) ;
#958 = DIRECTION ( 'NONE',  ( 0.000000000000000000, 1.000000000000000000, -0.000000000000000000 ) ) ;
#959 = ORIENTED_EDGE ( 'NONE', *, *, #570, .T. ) ;
#960 = ORIENTED_EDGE ( 'NONE', *, *, #2349, .F. ) ;
#961 = EDGE_CURVE ( 'NONE', #463, #1568, #1735, .T. ) ;
#962 = DIRECTION ( 'NONE',  ( -9.458266793510821958E-65, -0.9271838545667878684, 0.3746065934159109601 ) ) ;
#963 = CARTESIAN_POINT ( 'NONE',  ( -15.89253945897609377, -26.23075340761417351, -134.3074605409247511 ) ) ;
#964 = PLANE ( 'NONE',  #662 ) ;
#965 = EDGE_LOOP ( 'NONE', ( #715, #2838, #3048, #597, #2737, #3361, #3275 ) ) ;
#966 = CARTESIAN_POINT ( 'NONE',  ( 30.49999999999993250, -54.44027863626858732, -127.2000000000000313 ) ) ;
#967 = CARTESIAN_POINT ( 'NONE',  ( 16.07157287525376432, -26.40514591068206229, -134.1284271247461675 ) ) ;
#968 = DIRECTION ( 'NONE',  ( 0.000000000000000000, 1.000000000000000000, 0.000000000000000000 ) ) ;
#969 = ORIENTED_EDGE ( 'NONE', *, *, #954, .F. ) ;
#970 = DIRECTION ( 'NONE',  ( 0.000000000000000000, -1.000000000000000000, 0.000000000000000000 ) ) ;
#971 = ORIENTED_EDGE ( 'NONE', *, *, #800, .T. ) ;
#972 = DIRECTION ( 'NONE',  ( -0.000000000000000000, -1.000000000000000000, 0.000000000000000000 ) ) ;
#973 = CARTESIAN_POINT ( 'NONE',  ( -141.0000000000000284, -21.67303296707958182, -152.3687127865821367 ) ) ;
#974 = ADVANCED_FACE ( 'NONE', ( #1092, #2143 ), #3162, .F. ) ;
#975 = VERTEX_POINT ( 'NONE', #1359 ) ;
#976 = ORIENTED_EDGE ( 'NONE', *, *, #935, .T. ) ;
#977 = CARTESIAN_POINT ( 'NONE',  ( 67.00000000000000000, 38.20031440401338330, -78.50873698486809360 ) ) ;
#978 = CARTESIAN_POINT ( 'NONE',  ( -14.62717939867307670, -23.60000000000072973, -134.6060734957810894 ) ) ;
#979 = CYLINDRICAL_SURFACE ( 'NONE', #1523, 3.000000000000002665 ) ;
#980 = LINE ( 'NONE', #2031, #3119 ) ;
#981 = EDGE_CURVE ( 'NONE', #556, #2317, #2052, .T. ) ;
#982 = AXIS2_PLACEMENT_3D ( 'NONE', #3037, #1793, #1750 ) ;
#983 = ORIENTED_EDGE ( 'NONE', *, *, #1624, .T. ) ;
#984 = LINE ( 'NONE', #3093, #609 ) ;
#985 = SURFACE_SIDE_STYLE ('',( #1179 ) ) ;
#986 = EDGE_CURVE ( 'NONE', #2917, #2114, #2927, .T. ) ;
#987 = VECTOR ( 'NONE', #2464, 1000.000000000000000 ) ;
#988 = ORIENTED_EDGE ( 'NONE', *, *, #1051, .T. ) ;
#989 = DIRECTION ( 'NONE',  ( 0.000000000000000000, 0.8660254037844370423, -0.5000000000000027756 ) ) ;
#990 = ORIENTED_EDGE ( 'NONE', *, *, #1213, .T. ) ;
#991 = VERTEX_POINT ( 'NONE', #1402 ) ;
#992 = CARTESIAN_POINT ( 'NONE',  ( -11.20489771140227475, -23.60000000000000497, -136.2317887949871817 ) ) ;
#993 = VERTEX_POINT ( 'NONE', #2719 ) ;
#994 = EDGE_LOOP ( 'NONE', ( #3052, #3066, #1867, #383 ) ) ;
#995 = CARTESIAN_POINT ( 'NONE',  ( -70.00000000000005684, -21.54999999999999005, -143.7426406871192910 ) ) ;
#996 = CARTESIAN_POINT ( 'NONE',  ( 15.97854558017771787, -26.29721558388143876, -134.2191107712330052 ) ) ;
#997 = DIRECTION ( 'NONE',  ( 1.000000000000000000, -0.000000000000000000, 0.000000000000000000 ) ) ;
#998 = CARTESIAN_POINT ( 'NONE',  ( -67.00000000000005684, -18.04999999999998295, -145.9827935137482200 ) ) ;
#999 = EDGE_CURVE ( 'NONE', #2695, #1116, #3068, .T. ) ;
#1000 = CYLINDRICAL_SURFACE ( 'NONE', #2663, 3.000000000000002665 ) ;
#1001 = DIRECTION ( 'NONE',  ( 1.000000000000000000, 0.000000000000000000, 2.885194970439601952E-16 ) ) ;
#1002 = DIRECTION ( 'NONE',  ( -1.000000000000000000, -4.930380657631323784E-32, -2.921439046990504887E-16 ) ) ;
#1003 = ORIENTED_EDGE ( 'NONE', *, *, #1515, .T. ) ;
#1004 = VECTOR ( 'NONE', #1914, 1000.000000000000000 ) ;
#1005 = EDGE_CURVE ( 'NONE', #239, #3168, #2590, .T. ) ;
#1006 = AXIS2_PLACEMENT_3D ( 'NONE', #1878, #2395, #331 ) ;
#1007 = ORIENTED_EDGE ( 'NONE', *, *, #2348, .T. ) ;
#1008 = AXIS2_PLACEMENT_3D ( 'NONE', #2882, #1288, #1586 ) ;
#1009 = CARTESIAN_POINT ( 'NONE',  ( 67.00000000000002842, -26.79999999999996874, -155.2999999999999545 ) ) ;
#1010 = ORIENTED_EDGE ( 'NONE', *, *, #2119, .F. ) ;
#1011 = AXIS2_PLACEMENT_3D ( 'NONE', #1661, #2707, #3241 ) ;
#1012 = ORIENTED_EDGE ( 'NONE', *, *, #612, .F. ) ;
#1013 = CARTESIAN_POINT ( 'NONE',  ( 70.00000000000001421, -33.00000000000000000, -110.2000000000001450 ) ) ;
#1014 = DIRECTION ( 'NONE',  ( 0.000000000000000000, 0.000000000000000000, -1.000000000000000000 ) ) ;
#1015 = CARTESIAN_POINT ( 'NONE',  ( 67.00000000000001421, 117.4335778825590069, -107.2000000000001307 ) ) ;
#1016 = DIRECTION ( 'NONE',  ( -3.994651572012802978E-32, -1.000000000000000000, 1.442597485219800730E-16 ) ) ;
#1017 = FACE_OUTER_BOUND ( 'NONE', #2731, .T. ) ;
#1018 = CARTESIAN_POINT ( 'NONE',  ( 52.00000000000002132, 117.4335778825590069, -107.2000000000001307 ) ) ;
#1019 = DIRECTION ( 'NONE',  ( -0.000000000000000000, -1.000000000000000000, 0.000000000000000000 ) ) ;
#1020 = LINE ( 'NONE', #1342, #2085 ) ;
#1021 = FACE_OUTER_BOUND ( 'NONE', #2216, .T. ) ;
#1022 = VECTOR ( 'NONE', #285, 1000.000000000000000 ) ;
#1023 = EDGE_CURVE ( 'NONE', #405, #703, #1220, .T. ) ;
#1024 = LINE ( 'NONE', #1779, #1149 ) ;
#1025 = EDGE_CURVE ( 'NONE', #2045, #304, #1482, .T. ) ;
#1026 = ORIENTED_EDGE ( 'NONE', *, *, #143, .T. ) ;
#1027 = CARTESIAN_POINT ( 'NONE',  ( -141.0000000000000284, -21.67303296707958182, -150.6187127865821367 ) ) ;
#1028 = ORIENTED_EDGE ( 'NONE', *, *, #860, .T. ) ;
#1029 = ORIENTED_EDGE ( 'NONE', *, *, #2470, .T. ) ;
#1030 = CARTESIAN_POINT ( 'NONE',  ( -67.00000000000001421, -27.60000000000000142, -152.3000000000000114 ) ) ;
#1031 = CARTESIAN_POINT ( 'NONE',  ( 70.00000000000000000, 38.60000000000023590, -38.60000000000060538 ) ) ;
#1032 = DIRECTION ( 'NONE',  ( 0.000000000000000000, 1.000000000000000000, 0.000000000000000000 ) ) ;
#1033 = CARTESIAN_POINT ( 'NONE',  ( 39.30000000000009663, -63.73661856601754749, -110.3950616589793725 ) ) ;
#1034 = DIRECTION ( 'NONE',  ( -0.000000000000000000, -1.000000000000000000, 0.000000000000000000 ) ) ;
#1035 = LINE ( 'NONE', #2643, #1276 ) ;
#1036 = DIRECTION ( 'NONE',  ( -1.000000000000000000, 0.000000000000000000, 0.000000000000000000 ) ) ;
#1037 = DIRECTION ( 'NONE',  ( -1.000000000000000000, -4.930380657631323784E-32, -2.921439046990504887E-16 ) ) ;
#1038 = CARTESIAN_POINT ( 'NONE',  ( -35.64423680129865346, -25.65239419072423388, -134.9940229550648496 ) ) ;
#1039 = ORIENTED_EDGE ( 'NONE', *, *, #767, .F. ) ;
#1040 = CARTESIAN_POINT ( 'NONE',  ( -13.24314575050757803, -54.44027863626858732, -131.2999999999999829 ) ) ;
#1041 = VECTOR ( 'NONE', #1001, 1000.000000000000000 ) ;
#1042 = ORIENTED_EDGE ( 'NONE', *, *, #3231, .F. ) ;
#1043 = EDGE_CURVE ( 'NONE', #1146, #2492, #1931, .T. ) ;
#1044 = AXIS2_PLACEMENT_3D ( 'NONE', #2421, #2936, #3192 ) ;
#1045 = FACE_OUTER_BOUND ( 'NONE', #1095, .T. ) ;
#1046 = B_SPLINE_CURVE_WITH_KNOTS ( 'NONE', 3,
 ( #1947, #2254, #3023, #2476, #1204, #3230, #400, #2225, #2975, #645, #3251, #692, #2958, #626, #1449, #2235, #3006, #2442 ),
 .UNSPECIFIED., .F., .F.,
 ( 4, 2, 2, 2, 2, 2, 2, 2, 4 ),
 ( -2.000000591715884082E-05, 0.0005140984637661432689, 0.001048196933449445497, 0.002116393872816039762, 0.003184590812182633811, 0.004252787751549227425, 0.006389181630282345266, 0.007457378569648907655, 0.008525575509015469178 ),
 .UNSPECIFIED. ) ;
#1048 = ORIENTED_EDGE ( 'NONE', *, *, #1564, .F. ) ;
#1047 = AXIS2_PLACEMENT_3D ( 'NONE', #520, #298, #764 ) ;
#1049 = ORIENTED_EDGE ( 'NONE', *, *, #2896, .F. ) ;
#1050 = PRESENTATION_LAYER_ASSIGNMENT (  '', '', ( #772 ) ) ;
#1051 = EDGE_CURVE ( 'NONE', #2966, #1721, #2195, .T. ) ;
#1052 = FACE_OUTER_BOUND ( 'NONE', #1664, .T. ) ;
#1053 = PLANE ( 'NONE',  #2626 ) ;
#1054 = CARTESIAN_POINT ( 'NONE',  ( -66.99999999999998579, -18.04999999999998650, 1.817994761385374285E-14 ) ) ;
#1055 = DIRECTION ( 'NONE',  ( 1.000000000000000000, -0.000000000000000000, 0.000000000000000000 ) ) ;
#1056 = DIRECTION ( 'NONE',  ( 0.000000000000000000, 1.000000000000000000, 0.000000000000000000 ) ) ;
#1057 = CYLINDRICAL_SURFACE ( 'NONE', #1047, 2.000000000000001776 ) ;
#1058 = DIRECTION ( 'NONE',  ( 1.080813059217113282E-16, 0.9271838545667858700, -0.3746065934159159561 ) ) ;
#1059 = AXIS2_PLACEMENT_3D ( 'NONE', #1894, #72, #2357 ) ;
#1060 = VERTEX_POINT ( 'NONE', #2047 ) ;
#1061 = CARTESIAN_POINT ( 'NONE',  ( -15.31879498780453375, -25.46801624329757630, -134.7276272508768216 ) ) ;
#1062 = VERTEX_POINT ( 'NONE', #1655 ) ;
#1063 = EDGE_CURVE ( 'NONE', #755, #180, #725, .T. ) ;
#1064 = VERTEX_POINT ( 'NONE', #995 ) ;
#1065 = VECTOR ( 'NONE', #189, 1000.000000000000000 ) ;
#1066 = CARTESIAN_POINT ( 'NONE',  ( -52.00000000000002132, 117.4335778825590069, -1.775565730949279002E-14 ) ) ;
#1067 = LINE ( 'NONE', #792, #1528 ) ;
#1068 = CARTESIAN_POINT ( 'NONE',  ( -67.00000000000001421, 117.4335778825589927, -152.3000000000000398 ) ) ;
#1069 = ADVANCED_FACE ( 'NONE', ( #131 ), #1766, .F. ) ;
#1070 = VECTOR ( 'NONE', #101, 1000.000000000000114 ) ;
#1071 = VECTOR ( 'NONE', #3099, 999.9999999999998863 ) ;
#1072 = CYLINDRICAL_SURFACE ( 'NONE', #672, 3.000000000000002665 ) ;
#1073 = ADVANCED_FACE ( 'NONE', ( #2212, #2026 ), #386, .T. ) ;
#1074 = ORIENTED_EDGE ( 'NONE', *, *, #2202, .F. ) ;
#1075 = CARTESIAN_POINT ( 'NONE',  ( 0.000000000000000000, -20.60000000000000142, -135.2999999999999829 ) ) ;
#1076 = ADVANCED_FACE ( 'NONE', ( #447 ), #1389, .T. ) ;
#1077 = CARTESIAN_POINT ( 'NONE',  ( 35.49999999999993605, -26.59999999999999787, -132.2999999999999829 ) ) ;
#1078 = ORIENTED_EDGE ( 'NONE', *, *, #1296, .T. ) ;
#1079 = DIRECTION ( 'NONE',  ( 1.000000000000000000, 0.000000000000000000, 2.885194970439601952E-16 ) ) ;
#1080 = VERTEX_POINT ( 'NONE', #192 ) ;
#1081 = ORIENTED_EDGE ( 'NONE', *, *, #1063, .F. ) ;
#1082 = DIRECTION ( 'NONE',  ( 0.000000000000000000, 1.000000000000000000, 0.000000000000000000 ) ) ;
#1083 = CARTESIAN_POINT ( 'NONE',  ( 14.31819015876633649, -20.60000000000004761, -135.2999999999999545 ) ) ;
#1084 = DIRECTION ( 'NONE',  ( 0.000000000000000000, 0.000000000000000000, 1.000000000000000000 ) ) ;
#1085 = CARTESIAN_POINT ( 'NONE',  ( 67.00000000000014211, -22.60000000000000142, -4.649058915617848693E-14 ) ) ;
#1086 = CARTESIAN_POINT ( 'NONE',  ( 30.49999999999993250, -28.60000000000000142, -129.2000000000000455 ) ) ;
#1087 = EDGE_LOOP ( 'NONE', ( #482, #3291, #467, #366, #426, #1787 ) ) ;
#1088 = CARTESIAN_POINT ( 'NONE',  ( -30.49999999999992184, -26.59999999999999787, -120.9426406871192938 ) ) ;
#1089 = EDGE_CURVE ( 'NONE', #2511, #200, #3234, .T. ) ;
#1090 = CARTESIAN_POINT ( 'NONE',  ( -50.50000000000000711, -20.60000000000000142, -135.2999999999999829 ) ) ;
#1091 = ORIENTED_EDGE ( 'NONE', *, *, #2631, .T. ) ;
#1092 = FACE_BOUND ( 'NONE', #2551, .T. ) ;
#1093 = EDGE_CURVE ( 'NONE', #2217, #100, #2784, .T. ) ;
#1094 = CARTESIAN_POINT ( 'NONE',  ( 52.00000000000002132, 117.4335778825590069, -133.7999999999999545 ) ) ;
#1095 = EDGE_LOOP ( 'NONE', ( #3186, #1215, #3187, #589 ) ) ;
#1096 = DIRECTION ( 'NONE',  ( -1.000000000000000000, -0.000000000000000000, -0.000000000000000000 ) ) ;
#1097 = ORIENTED_EDGE ( 'NONE', *, *, #1390, .T. ) ;
#1098 = ORIENTED_EDGE ( 'NONE', *, *, #2074, .F. ) ;
#1099 = AXIS2_PLACEMENT_3D ( 'NONE', #641, #2922, #595 ) ;
#1100 = FACE_OUTER_BOUND ( 'NONE', #1683, .T. ) ;
#1101 = PLANE ( 'NONE',  #1639 ) ;
#1102 = CARTESIAN_POINT ( 'NONE',  ( 9.615936430664287826, -23.59999999999554987, -140.3499406137264884 ) ) ;
#1103 = DIRECTION ( 'NONE',  ( 1.080813059217120185E-16, 0.9271838545667848708, -0.3746065934159182875 ) ) ;
#1104 = ORIENTED_EDGE ( 'NONE', *, *, #1300, .F. ) ;
#1105 = LINE ( 'NONE', #2375, #733 ) ;
#1106 = ORIENTED_EDGE ( 'NONE', *, *, #1653, .F. ) ;
#1107 = ADVANCED_FACE ( 'NONE', ( #1252 ), #1141, .T. ) ;
#1108 = DIRECTION ( 'NONE',  ( 0.000000000000000000, 0.000000000000000000, -1.000000000000000000 ) ) ;
#1109 = VERTEX_POINT ( 'NONE', #483 ) ;
#1110 = EDGE_CURVE ( 'NONE', #1417, #304, #1748, .T. ) ;
#1111 = VECTOR ( 'NONE', #1826, 1000.000000000000000 ) ;
#1112 = CARTESIAN_POINT ( 'NONE',  ( -17.49807621135329683, -25.10000000000002629, -132.7019237886466385 ) ) ;
#1113 = DIRECTION ( 'NONE',  ( -0.4472135954999604812, -0.7745966692414808508, 0.4472135954999597596 ) ) ;
#1114 = FACE_OUTER_BOUND ( 'NONE', #2999, .T. ) ;
#1115 = ORIENTED_EDGE ( 'NONE', *, *, #954, .T. ) ;
#1116 = VERTEX_POINT ( 'NONE', #465 ) ;
#1117 = AXIS2_PLACEMENT_3D ( 'NONE', #3035, #370, #2961 ) ;
#1118 = DIRECTION ( 'NONE',  ( 0.000000000000000000, -1.000000000000000000, 1.442597485219800730E-16 ) ) ;
#1119 = LINE ( 'NONE', #1352, #2789 ) ;
#1120 = CARTESIAN_POINT ( 'NONE',  ( 15.89278973398297978, -26.23099933576481391, -134.3072102659153302 ) ) ;
#1121 = CARTESIAN_POINT ( 'NONE',  ( 32.62132034355960286, -28.60000000000000142, -121.8213203435596910 ) ) ;
#1122 = AXIS2_PLACEMENT_3D ( 'NONE', #2939, #1125, #350 ) ;
#1123 = ORIENTED_EDGE ( 'NONE', *, *, #2775, .F. ) ;
#1124 = AXIS2_PLACEMENT_3D ( 'NONE', #485, #997, #2268 ) ;
#1125 = DIRECTION ( 'NONE',  ( -0.000000000000000000, 1.000000000000000000, -0.000000000000000000 ) ) ;
#1126 = DIRECTION ( 'NONE',  ( 0.7071067811865465735, 0.000000000000000000, -0.7071067811865484609 ) ) ;
#1127 = DIRECTION ( 'NONE',  ( 1.000000000000000000, 0.000000000000000000, 2.885194970439601952E-16 ) ) ;
#1128 = EDGE_CURVE ( 'NONE', #2505, #1705, #1501, .T. ) ;
#1129 = EDGE_LOOP ( 'NONE', ( #1658, #734, #1303, #2955, #273 ) ) ;
#1130 = DIRECTION ( 'NONE',  ( 0.000000000000000000, 0.000000000000000000, 1.000000000000000000 ) ) ;
#1131 = PLANE ( 'NONE',  #2652 ) ;
#1132 = ADVANCED_FACE ( 'NONE', ( #1823 ), #262, .T. ) ;
#1133 = CARTESIAN_POINT ( 'NONE',  ( -70.00000000000005684, -18.04999999999998650, -143.7426406871192910 ) ) ;
#1134 = ORIENTED_EDGE ( 'NONE', *, *, #333, .T. ) ;
#1135 = EDGE_LOOP ( 'NONE', ( #313, #619, #1438, #1356 ) ) ;
#1136 = DIRECTION ( 'NONE',  ( 0.7071067811865481278, 0.000000000000000000, 0.7071067811865470176 ) ) ;
#1137 = EDGE_CURVE ( 'NONE', #2703, #671, #1304, .T. ) ;
#1138 = ORIENTED_EDGE ( 'NONE', *, *, #712, .T. ) ;
#1139 = CARTESIAN_POINT ( 'NONE',  ( -15.98656885287145357, -23.59999999999999432, -133.9918065421440190 ) ) ;
#1140 = CARTESIAN_POINT ( 'NONE',  ( -37.64829743225062941, -23.71812932815869601, -139.5087587305368686 ) ) ;
#1141 = PLANE ( 'NONE',  #949 ) ;
#1142 = ORIENTED_EDGE ( 'NONE', *, *, #1296, .F. ) ;
#1143 = CARTESIAN_POINT ( 'NONE',  ( 39.30000000000009663, -26.59999999999999787, 0.000000000000000000 ) ) ;
#1144 = LINE ( 'NONE', #2200, #156 ) ;
#1145 = CARTESIAN_POINT ( 'NONE',  ( -18.36410161513772721, -25.10000000000002274, -132.7019237886466385 ) ) ;
#1146 = VERTEX_POINT ( 'NONE', #1319 ) ;
#1147 = VERTEX_POINT ( 'NONE', #741 ) ;
#1148 = ADVANCED_FACE ( 'NONE', ( #1052 ), #1789, .T. ) ;
#1149 = VECTOR ( 'NONE', #3320, 1000.000000000000000 ) ;
#1150 = DIRECTION ( 'NONE',  ( 0.000000000000000000, 1.000000000000000000, -0.000000000000000000 ) ) ;
#1151 = DIRECTION ( 'NONE',  ( -2.524853261995225840E-64, 1.442597485219800730E-16, 1.000000000000000000 ) ) ;
#1152 = FACE_OUTER_BOUND ( 'NONE', #2526, .T. ) ;
#1153 = CARTESIAN_POINT ( 'NONE',  ( 14.93932081514554433, -25.45674687209700338, -135.2606791846740180 ) ) ;
#1154 = LINE ( 'NONE', #1893, #453 ) ;
#1155 = CIRCLE ( 'NONE', #3272, 1.750000000000001554 ) ;
#1156 = VERTEX_POINT ( 'NONE', #1593 ) ;
#1157 = ADVANCED_FACE ( 'NONE', ( #1534 ), #1858, .T. ) ;
#1158 = PRESENTATION_LAYER_ASSIGNMENT (  '', '', ( #2091 ) ) ;
#1159 = DIRECTION ( 'NONE',  ( -1.000000000000000000, -0.000000000000000000, -0.000000000000000000 ) ) ;
#1160 = CARTESIAN_POINT ( 'NONE',  ( 10.76387548801312910, -23.59999999999999787, -137.1885035343738934 ) ) ;
#1161 = DIRECTION ( 'NONE',  ( 1.155269069963182437E-16, -0.9271838545667854259, 0.3746065934159172883 ) ) ;
#1162 = VERTEX_POINT ( 'NONE', #292 ) ;
#1163 = CARTESIAN_POINT ( 'NONE',  ( 38.49999999999993605, -23.59999999999999787, -141.0735026918962660 ) ) ;
#1164 = CARTESIAN_POINT ( 'NONE',  ( -141.0000000000000284, -21.67303296707958182, -150.6187127865821367 ) ) ;
#1165 = ORIENTED_EDGE ( 'NONE', *, *, #2631, .F. ) ;
#1166 = ORIENTED_EDGE ( 'NONE', *, *, #2747, .T. ) ;
#1167 = APPLICATION_PROTOCOL_DEFINITION ( 'draft international standard', 'automotive_design', 1998, #3362 ) ;
#1168 = CARTESIAN_POINT ( 'NONE',  ( 14.13125481598765631, -24.93638499336550751, -136.0687451839509663 ) ) ;
#1169 = EDGE_CURVE ( 'NONE', #1116, #1852, #464, .T. ) ;
#1170 = ORIENTED_EDGE ( 'NONE', *, *, #1988, .T. ) ;
#1171 = VECTOR ( 'NONE', #1270, 1000.000000000000000 ) ;
#1172 = EDGE_CURVE ( 'NONE', #686, #1758, #1283, .T. ) ;
#1173 = CARTESIAN_POINT ( 'NONE',  ( -70.00000000000002842, 3.204747427460359759E-30, -155.2999999999999829 ) ) ;
#1174 = CARTESIAN_POINT ( 'NONE',  ( 11.70189309052017101, -23.60000000000000853, -135.2999999999999829 ) ) ;
#1175 = VECTOR ( 'NONE', #2087, 1000.000000000000000 ) ;
#1176 = EDGE_CURVE ( 'NONE', #109, #1318, #2066, .T. ) ;
#1177 = AXIS2_PLACEMENT_3D ( 'NONE', #844, #1397, #1890 ) ;
#1178 = VECTOR ( 'NONE', #1552, 1000.000000000000114 ) ;
#1179 = SURFACE_STYLE_FILL_AREA ( #1207 ) ;
#1180 = ADVANCED_FACE ( 'NONE', ( #3087 ), #1808, .F. ) ;
#1181 = AXIS2_PLACEMENT_3D ( 'NONE', #889, #1936, #617 ) ;
#1182 = ORIENTED_EDGE ( 'NONE', *, *, #2740, .T. ) ;
#1183 = B_SPLINE_CURVE_WITH_KNOTS ( 'NONE', 3,
 ( #1248, #992, #1235, #1723, #429, #2281, #721, #2499, #670, #3263 ),
 .UNSPECIFIED., .F., .F.,
 ( 4, 2, 2, 2, 4 ),
 ( 0.004316858082458011579, 0.007507256263339734045, 0.009102455353780557548, 0.009900054899000969300, 0.01069765444422138279 ),
 .UNSPECIFIED. ) ;
#1184 = LINE ( 'NONE', #136, #1835 ) ;
#1185 = ORIENTED_EDGE ( 'NONE', *, *, #351, .T. ) ;
#1186 = EDGE_LOOP ( 'NONE', ( #2394, #2075, #1600, #3220 ) ) ;
#1187 =( NAMED_UNIT ( * ) PLANE_ANGLE_UNIT ( ) SI_UNIT ( $, .RADIAN. ) );
#1188 = CARTESIAN_POINT ( 'NONE',  ( -35.49999999999993605, -26.59999999999999787, -130.1038475772933225 ) ) ;
#1189 = VECTOR ( 'NONE', #422, 1000.000000000000000 ) ;
#1190 = ORIENTED_EDGE ( 'NONE', *, *, #2456, .F. ) ;
#1191 = FACE_BOUND ( 'NONE', #2993, .T. ) ;
#1192 = LINE ( 'NONE', #3268, #459 ) ;
#1193 = ORIENTED_EDGE ( 'NONE', *, *, #1312, .F. ) ;
#1194 = EDGE_CURVE ( 'NONE', #1237, #910, #309, .T. ) ;
#1195 = DIRECTION ( 'NONE',  ( 0.000000000000000000, 0.000000000000000000, 1.000000000000000000 ) ) ;
#1196 = LINE ( 'NONE', #2242, #530 ) ;
#1197 = ORIENTED_EDGE ( 'NONE', *, *, #986, .F. ) ;
#1198 = CARTESIAN_POINT ( 'NONE',  ( 35.49999999999993605, -25.47742949459598449, -132.4547787783540116 ) ) ;
#1199 = CARTESIAN_POINT ( 'NONE',  ( 0.000000000000000000, -23.59999999999999787, 0.000000000000000000 ) ) ;
#1200 = DIRECTION ( 'NONE',  ( 1.000000000000000000, 0.000000000000000000, 2.885194970439601952E-16 ) ) ;
#1201 = B_SPLINE_CURVE_WITH_KNOTS ( 'NONE', 3,
 ( #2118, #2678, #2084, #532 ),
 .UNSPECIFIED., .F., .F.,
 ( 4, 4 ),
 ( 0.000000000000000000, 0.0006767114527813891840 ),
 .UNSPECIFIED. ) ;
#1202 = EDGE_LOOP ( 'NONE', ( #2964, #3270, #1516, #1476 ) ) ;
#1203 = CARTESIAN_POINT ( 'NONE',  ( 30.49999999999993250, -54.44027863626858732, -125.2000000000000313 ) ) ;
#1204 = CARTESIAN_POINT ( 'NONE',  ( 38.07063423614255981, -23.62963538697010435, -140.2883674352981416 ) ) ;
#1205 = VECTOR ( 'NONE', #2438, 1000.000000000000000 ) ;
#1206 = EDGE_LOOP ( 'NONE', ( #2851, #2181 ) ) ;
#1207 = FILL_AREA_STYLE ('',( #2764 ) ) ;
#1208 = ADVANCED_FACE ( 'NONE', ( #639 ), #395, .T. ) ;
#1209 = ORIENTED_EDGE ( 'NONE', *, *, #1988, .F. ) ;
#1210 = MECHANICAL_DESIGN_GEOMETRIC_PRESENTATION_REPRESENTATION (  '', ( #772 ), #1422 ) ;
#1211 = DIRECTION ( 'NONE',  ( 0.7071067811865426878, -0.000000000000000000, -0.7071067811865524577 ) ) ;
#1212 = PLANE ( 'NONE',  #2065 ) ;
#1213 = EDGE_CURVE ( 'NONE', #67, #2039, #1413, .T. ) ;
#1214 = ORIENTED_EDGE ( 'NONE', *, *, #2035, .T. ) ;
#1215 = ORIENTED_EDGE ( 'NONE', *, *, #40, .T. ) ;
#1216 = LINE ( 'NONE', #3293, #1490 ) ;
#1217 =( NAMED_UNIT ( * ) PLANE_ANGLE_UNIT ( ) SI_UNIT ( $, .RADIAN. ) );
#1218 = DIRECTION ( 'NONE',  ( -1.000000000000000000, 0.000000000000000000, 0.000000000000000000 ) ) ;
#1219 = ORIENTED_EDGE ( 'NONE', *, *, #1543, .F. ) ;
#1220 = LINE ( 'NONE', #230, #3011 ) ;
#1221 = CARTESIAN_POINT ( 'NONE',  ( -14.13215684350954682, -24.93690120553964107, -136.0678431564301150 ) ) ;
#1222 = VECTOR ( 'NONE', #2553, 1000.000000000000227 ) ;
#1223 = ORIENTED_EDGE ( 'NONE', *, *, #1726, .F. ) ;
#1224 = CARTESIAN_POINT ( 'NONE',  ( 28.37867965644028700, -28.60000000000000142, -121.8213203435596625 ) ) ;
#1225 = ORIENTED_EDGE ( 'NONE', *, *, #2033, .T. ) ;
#1226 = CIRCLE ( 'NONE', #1286, 1.750000000000001554 ) ;
#1227 = VECTOR ( 'NONE', #2875, 1000.000000000000000 ) ;
#1228 = CYLINDRICAL_SURFACE ( 'NONE', #108, 1.750000000000001554 ) ;
#1229 = EDGE_CURVE ( 'NONE', #61, #3346, #2658, .T. ) ;
#1230 = VECTOR ( 'NONE', #674, 1000.000000000000114 ) ;
#1231 = AXIS2_PLACEMENT_3D ( 'NONE', #2550, #3050, #223 ) ;
#1232 = ORIENTED_EDGE ( 'NONE', *, *, #961, .F. ) ;
#1233 = ADVANCED_FACE ( 'NONE', ( #1627 ), #3171, .F. ) ;
#1234 = DIRECTION ( 'NONE',  ( -2.715809747126122424E-16, 0.000000000000000000, -1.000000000000000000 ) ) ;
#1235 = CARTESIAN_POINT ( 'NONE',  ( -10.76380048112612009, -23.60000000000000142, -137.1886715648466293 ) ) ;
#1236 = VERTEX_POINT ( 'NONE', #344 ) ;
#1237 = VERTEX_POINT ( 'NONE', #2171 ) ;
#1238 = DIRECTION ( 'NONE',  ( -1.000000000000000000, 0.000000000000000000, 0.000000000000000000 ) ) ;
#1239 = CARTESIAN_POINT ( 'NONE',  ( -11.72463417656166307, -23.92115413929193934, -138.4753658234401712 ) ) ;
#1240 = DIRECTION ( 'NONE',  ( 0.000000000000000000, 0.000000000000000000, 1.000000000000000000 ) ) ;
#1241 = DIRECTION ( 'NONE',  ( 0.000000000000000000, 0.000000000000000000, 1.000000000000000000 ) ) ;
#1242 = ORIENTED_EDGE ( 'NONE', *, *, #329, .T. ) ;
#1243 = DIRECTION ( 'NONE',  ( -0.000000000000000000, 1.000000000000000000, -0.000000000000000000 ) ) ;
#1244 = EDGE_LOOP ( 'NONE', ( #1442, #3279, #3169, #699, #2951, #3019, #1351 ) ) ;
#1245 = CARTESIAN_POINT ( 'NONE',  ( 9.126497308103667550, -23.59999999999999787, -141.0735026918962660 ) ) ;
#1246 = CARTESIAN_POINT ( 'NONE',  ( 16.07157287525376432, -26.40514591068206229, -134.1284271247461675 ) ) ;
#1247 = EDGE_LOOP ( 'NONE', ( #2024, #1350, #3280, #2519 ) ) ;
#1248 = CARTESIAN_POINT ( 'NONE',  ( -11.70189309051750293, -23.60000000000000853, -135.2999999999999829 ) ) ;
#1249 = DIRECTION ( 'NONE',  ( 1.000000000000000000, -0.000000000000000000, 0.000000000000000000 ) ) ;
#1250 = EDGE_CURVE ( 'NONE', #2354, #233, #3189, .T. ) ;
#1251 = EDGE_LOOP ( 'NONE', ( #425, #3309, #2716, #2001 ) ) ;
#1252 = FACE_OUTER_BOUND ( 'NONE', #496, .T. ) ;
#1253 = DIRECTION ( 'NONE',  ( 2.773103077685025230E-16, -0.4375293894172972431, 0.8992041110872031062 ) ) ;
#1254 = CARTESIAN_POINT ( 'NONE',  ( -12.47252715088563768, -23.60000000000000142, -136.5378252705223758 ) ) ;
#1255 = FACE_OUTER_BOUND ( 'NONE', #1329, .T. ) ;
#1256 = FACE_OUTER_BOUND ( 'NONE', #343, .T. ) ;
#1257 = EDGE_CURVE ( 'NONE', #1705, #2511, #937, .T. ) ;
#1258 = CARTESIAN_POINT ( 'NONE',  ( -34.32842712474614899, -26.59999999999999787, -123.5284271247462442 ) ) ;
#1259 = CARTESIAN_POINT ( 'NONE',  ( 9.126497308103667550, -23.59999999999999787, -141.0735026918962660 ) ) ;
#1260 = LINE ( 'NONE', #2611, #2148 ) ;
#1261 = AXIS2_PLACEMENT_3D ( 'NONE', #3325, #1249, #2564 ) ;
#1262 = VERTEX_POINT ( 'NONE', #2786 ) ;
#1263 = CARTESIAN_POINT ( 'NONE',  ( 52.00000000000002132, -27.59999999999999787, 0.000000000000000000 ) ) ;
#1264 = AXIS2_PLACEMENT_3D ( 'NONE', #3127, #1562, #2578 ) ;
#1265 = VERTEX_POINT ( 'NONE', #720 ) ;
#1266 = CIRCLE ( 'NONE', #659, 1.750000000000001554 ) ;
#1267 = PLANE ( 'NONE',  #2222 ) ;
#1268 = VERTEX_POINT ( 'NONE', #2002 ) ;
#1269 = ORIENTED_EDGE ( 'NONE', *, *, #2306, .T. ) ;
#1270 = DIRECTION ( 'NONE',  ( -1.000000000000000000, 0.000000000000000000, -2.524853261995226177E-64 ) ) ;
#1271 = DIRECTION ( 'NONE',  ( 1.080813059217113282E-16, 0.9271838545667858700, -0.3746065934159159561 ) ) ;
#1272 = CARTESIAN_POINT ( 'NONE',  ( 70.00000000000001421, -14.59999999999999964, -104.2000000000001023 ) ) ;
#1273 = CARTESIAN_POINT ( 'NONE',  ( -12.75985203877280050, -23.60000000000073328, -136.2222271482396536 ) ) ;
#1274 = ADVANCED_FACE ( 'NONE', ( #653, #2549 ), #2528, .T. ) ;
#1275 = DIRECTION ( 'NONE',  ( -2.579477574224338120E-16, -0.4694715627858943585, -0.8829475928589249900 ) ) ;
#1276 = VECTOR ( 'NONE', #3174, 1000.000000000000000 ) ;
#1277 = ORIENTED_EDGE ( 'NONE', *, *, #817, .T. ) ;
#1278 = EDGE_CURVE ( 'NONE', #2777, #2565, #3351, .T. ) ;
#1279 = CARTESIAN_POINT ( 'NONE',  ( -141.0000000000000284, -21.67303296707958182, -150.6187127865821367 ) ) ;
#1280 = DIRECTION ( 'NONE',  ( 1.000000000000000000, 0.000000000000000000, 0.000000000000000000 ) ) ;
#1281 = VECTOR ( 'NONE', #334, 999.9999999999998863 ) ;
#1282 = PLANE ( 'NONE',  #2004 ) ;
#1283 = CIRCLE ( 'NONE', #1545, 1.750000000000001554 ) ;
#1284 = ORIENTED_EDGE ( 'NONE', *, *, #2612, .F. ) ;
#1285 = PRODUCT ( 'FrontWingBumper', 'FrontWingBumper', '', ( #3031 ) ) ;
#1286 = AXIS2_PLACEMENT_3D ( 'NONE', #2280, #911, #2218 ) ;
#1287 = AXIS2_PLACEMENT_3D ( 'NONE', #1199, #958, #3277 ) ;
#1288 = DIRECTION ( 'NONE',  ( 2.180683970394120028E-16, -0.7071067811865509034, 0.7071067811865441310 ) ) ;
#1289 = VERTEX_POINT ( 'NONE', #2482 ) ;
#1290 = VERTEX_POINT ( 'NONE', #2263 ) ;
#1291 = CARTESIAN_POINT ( 'NONE',  ( -70.00000000000002842, -21.67303296707958182, -152.3687127865821083 ) ) ;
#1292 = CARTESIAN_POINT ( 'NONE',  ( 92.90000000000036096, -23.59999999999999787, -92.89999999999906777 ) ) ;
#1293 = CYLINDRICAL_SURFACE ( 'NONE', #1006, 3.000000000000002665 ) ;
#1294 = CARTESIAN_POINT ( 'NONE',  ( 67.00000000000000000, -19.79999999999998295, -145.9827935137481916 ) ) ;
#1295 = VECTOR ( 'NONE', #782, 1000.000000000000000 ) ;
#1296 = EDGE_CURVE ( 'NONE', #585, #2422, #495, .T. ) ;
#1297 = CARTESIAN_POINT ( 'NONE',  ( -50.50000000000000711, -22.60000000000000142, -135.2999999999999829 ) ) ;
#1298 = CARTESIAN_POINT ( 'NONE',  ( 67.00000000000000000, -21.67303296707958182, -152.3687127865821083 ) ) ;
#1299 = VERTEX_POINT ( 'NONE', #412 ) ;
#1300 = EDGE_CURVE ( 'NONE', #332, #2096, #1226, .T. ) ;
#1301 = CARTESIAN_POINT ( 'NONE',  ( -52.00000000000002132, -22.60000000000000853, -107.2000000000001307 ) ) ;
#1302 = ORIENTED_EDGE ( 'NONE', *, *, #184, .F. ) ;
#1303 = ORIENTED_EDGE ( 'NONE', *, *, #433, .F. ) ;
#1304 = LINE ( 'NONE', #19, #1435 ) ;
#1305 = DIRECTION ( 'NONE',  ( -3.994651572012802978E-32, -1.000000000000000000, 1.442597485219800730E-16 ) ) ;
#1306 = DIRECTION ( 'NONE',  ( 0.000000000000000000, 0.000000000000000000, 1.000000000000000000 ) ) ;
#1307 = DIRECTION ( 'NONE',  ( -1.920367488605409874E-16, 0.7071067811865453523, 0.7071067811865497932 ) ) ;
#1308 = LINE ( 'NONE', #2359, #1227 ) ;
#1309 = DIRECTION ( 'NONE',  ( 0.000000000000000000, 1.000000000000000000, -0.000000000000000000 ) ) ;
#1310 = LINE ( 'NONE', #2613, #1281 ) ;
#1311 = CYLINDRICAL_SURFACE ( 'NONE', #2605, 1.750000000000001554 ) ;
#1312 = EDGE_CURVE ( 'NONE', #1064, #332, #2246, .T. ) ;
#1313 = ORIENTED_EDGE ( 'NONE', *, *, #1093, .F. ) ;
#1314 = EDGE_CURVE ( 'NONE', #991, #2924, #1957, .T. ) ;
#1315 = FACE_OUTER_BOUND ( 'NONE', #2276, .T. ) ;
#1316 = ADVANCED_FACE ( 'NONE', ( #2987 ), #2231, .T. ) ;
#1317 = ORIENTED_EDGE ( 'NONE', *, *, #3083, .F. ) ;
#1318 = VERTEX_POINT ( 'NONE', #2021 ) ;
#1319 = CARTESIAN_POINT ( 'NONE',  ( 67.00000000000001421, -0.03440934984276847186, -97.11276151311159310 ) ) ;
#1320 = CARTESIAN_POINT ( 'NONE',  ( 13.84676029849048184, -24.22405176895483336, -135.2640215959111458 ) ) ;
#1321 = FACE_OUTER_BOUND ( 'NONE', #1443, .T. ) ;
#1322 = DIRECTION ( 'NONE',  ( 2.715809747126122424E-16, 1.357904873563061212E-16, 1.000000000000000000 ) ) ;
#1323 = ORIENTED_EDGE ( 'NONE', *, *, #2940, .F. ) ;
#1324 = FACE_BOUND ( 'NONE', #3303, .T. ) ;
#1325 = DIRECTION ( 'NONE',  ( 1.000000000000000000, 0.000000000000000000, 2.885194970439601952E-16 ) ) ;
#1326 = ORIENTED_EDGE ( 'NONE', *, *, #2244, .T. ) ;
#1327 = ORIENTED_EDGE ( 'NONE', *, *, #1110, .F. ) ;
#1328 = DIRECTION ( 'NONE',  ( -0.000000000000000000, -1.000000000000000000, -0.000000000000000000 ) ) ;
#1329 = EDGE_LOOP ( 'NONE', ( #849, #3086, #1138, #3045, #971, #990, #919 ) ) ;
#1330 = ORIENTED_EDGE ( 'NONE', *, *, #1023, .F. ) ;
#1331 = AXIS2_PLACEMENT_3D ( 'NONE', #2675, #1151, #1118 ) ;
#1332 = VECTOR ( 'NONE', #2121, 1000.000000000000000 ) ;
#1333 = ADVANCED_FACE ( 'NONE', ( #3049 ), #1763, .F. ) ;
#1334 = CARTESIAN_POINT ( 'NONE',  ( 53.99999999999995026, -55.52582403567247837, -124.2000000000000881 ) ) ;
#1335 = DIRECTION ( 'NONE',  ( 2.065769360950140812E-16, -0.7071067811865511255, -0.7071067811865440200 ) ) ;
#1336 = DIRECTION ( 'NONE',  ( 2.715809747126122424E-16, 1.357904873563061212E-16, 1.000000000000000000 ) ) ;
#1337 = PLANE ( 'NONE',  #1945 ) ;
#1338 = VECTOR ( 'NONE', #3306, 1000.000000000000000 ) ;
#1339 = LINE ( 'NONE', #2392, #1111 ) ;
#1340 = VERTEX_POINT ( 'NONE', #1497 ) ;
#1341 = DIRECTION ( 'NONE',  ( -1.000000000000000000, 0.000000000000000000, -2.524853261995226177E-64 ) ) ;
#1342 = CARTESIAN_POINT ( 'NONE',  ( -67.00000000000000000, 55.59999999999985221, -55.59999999999918430 ) ) ;
#1343 = DIRECTION ( 'NONE',  ( 0.000000000000000000, 1.000000000000000000, 0.000000000000000000 ) ) ;
#1344 = DIRECTION ( 'NONE',  ( -1.000000000000000000, 0.000000000000000000, 0.000000000000000000 ) ) ;
#1345 = VECTOR ( 'NONE', #2017, 1000.000000000000000 ) ;
#1346 = DIRECTION ( 'NONE',  ( 0.000000000000000000, 0.000000000000000000, -1.000000000000000000 ) ) ;
#1347 = VERTEX_POINT ( 'NONE', #443 ) ;
#1348 = DIRECTION ( 'NONE',  ( -1.000000000000000000, -0.000000000000000000, 2.715809747126122424E-16 ) ) ;
#1349 = LINE ( 'NONE', #2401, #2533 ) ;
#1350 = ORIENTED_EDGE ( 'NONE', *, *, #1278, .F. ) ;
#1351 = ORIENTED_EDGE ( 'NONE', *, *, #707, .T. ) ;
#1352 = CARTESIAN_POINT ( 'NONE',  ( -141.0000000000000284, -20.05046122158771027, -151.2742743250600199 ) ) ;
#1353 = DIRECTION ( 'NONE',  ( -1.000000000000000000, 4.275826894170391137E-33, 3.083952846180988308E-16 ) ) ;
#1354 = CARTESIAN_POINT ( 'NONE',  ( 13.24314575050808429, -23.92021085505092515, -135.2999999999999829 ) ) ;
#1355 = EDGE_CURVE ( 'NONE', #17, #656, #158, .T. ) ;
#1356 = ORIENTED_EDGE ( 'NONE', *, *, #1844, .T. ) ;
#1357 = ORIENTED_EDGE ( 'NONE', *, *, #2137, .F. ) ;
#1358 = EDGE_CURVE ( 'NONE', #1385, #3307, #1216, .T. ) ;
#1359 = CARTESIAN_POINT ( 'NONE',  ( -16.07157287525376432, -22.62922374470915088, -134.1284271247461675 ) ) ;
#1360 = CARTESIAN_POINT ( 'NONE',  ( -35.49999999999993605, -25.64375011589961773, -132.2999999999999829 ) ) ;
#1361 = ORIENTED_EDGE ( 'NONE', *, *, #12, .T. ) ;
#1362 = VECTOR ( 'NONE', #2524, 1000.000000000000000 ) ;
#1363 = EDGE_LOOP ( 'NONE', ( #1700, #867, #2938, #2374 ) ) ;
#1364 = ORIENTED_EDGE ( 'NONE', *, *, #710, .T. ) ;
#1365 = VECTOR ( 'NONE', #1336, 1000.000000000000000 ) ;
#1366 = DIRECTION ( 'NONE',  ( 1.000000000000000000, -4.930380657631323784E-32, -2.921439046990504887E-16 ) ) ;
#1367 = LINE ( 'NONE', #2471, #2759 ) ;
#1368 = PLANE ( 'NONE',  #2388 ) ;
#1369 = EDGE_LOOP ( 'NONE', ( #1098, #1048, #1916, #191 ) ) ;
#1370 = CARTESIAN_POINT ( 'NONE',  ( 0.000000000000000000, -33.60000000000000142, -141.0735026918962660 ) ) ;
#1371 = EDGE_CURVE ( 'NONE', #3285, #656, #3030, .T. ) ;
#1372 = CARTESIAN_POINT ( 'NONE',  ( -34.32842712474612057, -54.44027863626858732, -123.5284271247462300 ) ) ;
#1373 = VERTEX_POINT ( 'NONE', #2497 ) ;
#1374 = EDGE_CURVE ( 'NONE', #1575, #1340, #701, .T. ) ;
#1375 = DIRECTION ( 'NONE',  ( 0.000000000000000000, 0.000000000000000000, -1.000000000000000000 ) ) ;
#1376 = ORIENTED_EDGE ( 'NONE', *, *, #986, .T. ) ;
#1377 = ORIENTED_EDGE ( 'NONE', *, *, #710, .F. ) ;
#1378 = AXIS2_PLACEMENT_3D ( 'NONE', #1989, #1161, #2286 ) ;
#1379 = DIRECTION ( 'NONE',  ( 0.000000000000000000, -0.7071067811865516806, 0.7071067811865434649 ) ) ;
#1380 =( BOUNDED_CURVE ( )  B_SPLINE_CURVE ( 3, ( #702, #477, #1498, #2484 ),
 .UNSPECIFIED., .F., .T. ) 
 B_SPLINE_CURVE_WITH_KNOTS ( ( 4, 4 ),
 ( 4.846767638146432411, 6.283185307179586232 ),
 .UNSPECIFIED. ) 
 CURVE ( )  GEOMETRIC_REPRESENTATION_ITEM ( )  RATIONAL_B_SPLINE_CURVE ( ( 1.000000000000000000, 0.8353237263834083492, 0.8353237263834083492, 1.000000000000000000 ) ) 
 REPRESENTATION_ITEM ( '' )  );
#1381 = DIRECTION ( 'NONE',  ( 0.000000000000000000, -1.000000000000000000, 0.000000000000000000 ) ) ;
#1382 = CARTESIAN_POINT ( 'NONE',  ( -35.49999999999993605, -24.84264068711928530, -134.0573593128806920 ) ) ;
#1383 = VECTOR ( 'NONE', #2008, 1000.000000000000000 ) ;
#1384 = CIRCLE ( 'NONE', #1833, 4.000000000000003553 ) ;
#1385 = VERTEX_POINT ( 'NONE', #2914 ) ;
#1386 = CIRCLE ( 'NONE', #480, 4.000000000000003553 ) ;
#1387 = VECTOR ( 'NONE', #1745, 1000.000000000000000 ) ;
#1388 = FACE_OUTER_BOUND ( 'NONE', #711, .T. ) ;
#1389 = PLANE ( 'NONE',  #786 ) ;
#1390 = EDGE_CURVE ( 'NONE', #1147, #576, #2687, .T. ) ;
#1391 = EDGE_LOOP ( 'NONE', ( #3101, #360, #2868, #1741 ) ) ;
#1392 = FACE_OUTER_BOUND ( 'NONE', #3012, .T. ) ;
#1393 = DIRECTION ( 'NONE',  ( -0.000000000000000000, -1.000000000000000000, 0.000000000000000000 ) ) ;
#1394 = EDGE_CURVE ( 'NONE', #953, #1116, #820, .T. ) ;
#1395 = VERTEX_POINT ( 'NONE', #1112 ) ;
#1396 = ORIENTED_EDGE ( 'NONE', *, *, #1559, .F. ) ;
#1397 = DIRECTION ( 'NONE',  ( 0.000000000000000000, 0.7071067811865497932, -0.7071067811865453523 ) ) ;
#1398 = PLANE ( 'NONE',  #2412 ) ;
#1399 = CARTESIAN_POINT ( 'NONE',  ( 11.34616474245039441, -23.59999999999999787, -135.9837925736723037 ) ) ;
#1400 = ORIENTED_EDGE ( 'NONE', *, *, #2163, .F. ) ;
#1401 = CARTESIAN_POINT ( 'NONE',  ( -141.0000000000000284, -19.79999999999998650, -143.7426406871193478 ) ) ;
#1402 = CARTESIAN_POINT ( 'NONE',  ( -67.00000000000001421, -27.59999999999999787, -104.8000000000001393 ) ) ;
#1403 = ORIENTED_EDGE ( 'NONE', *, *, #2102, .F. ) ;
#1404 = DIRECTION ( 'NONE',  ( 2.518054949610446345E-16, -0.3746065934159159005, -0.9271838545667857590 ) ) ;
#1405 = EDGE_CURVE ( 'NONE', #771, #2633, #1679, .T. ) ;
#1406 = DIRECTION ( 'NONE',  ( -1.000000000000000000, -0.000000000000000000, 2.715809747126122424E-16 ) ) ;
#1407 = CARTESIAN_POINT ( 'NONE',  ( 34.32842712474612057, -54.44027863626858732, -123.5284271247462300 ) ) ;
#1408 = VERTEX_POINT ( 'NONE', #321 ) ;
#1409 = VERTEX_POINT ( 'NONE', #2929 ) ;
#1410 = EDGE_CURVE ( 'NONE', #2468, #1742, #573, .T. ) ;
#1411 = VECTOR ( 'NONE', #2970, 1000.000000000000000 ) ;
#1412 = EDGE_CURVE ( 'NONE', #2114, #3297, #117, .T. ) ;
#1413 = LINE ( 'NONE', #3152, #677 ) ;
#1414 = FILL_AREA_STYLE_COLOUR ( '', #2307 ) ;
#1415 = LINE ( 'NONE', #3065, #2863 ) ;
#1416 = AXIS2_PLACEMENT_3D ( 'NONE', #3088, #3120, #2842 ) ;
#1417 = VERTEX_POINT ( 'NONE', #2653 ) ;
#1418 = DIRECTION ( 'NONE',  ( -1.000000000000000000, 0.000000000000000000, 0.000000000000000000 ) ) ;
#1419 = CARTESIAN_POINT ( 'NONE',  ( 32.62132034355958865, -54.44027863626858732, -121.8213203435596768 ) ) ;
#1420 = FACE_OUTER_BOUND ( 'NONE', #965, .T. ) ;
#1421 = VECTOR ( 'NONE', #2723, 1000.000000000000000 ) ;
#1422 =( GEOMETRIC_REPRESENTATION_CONTEXT ( 3 ) GLOBAL_UNCERTAINTY_ASSIGNED_CONTEXT ( ( #2192 ) ) GLOBAL_UNIT_ASSIGNED_CONTEXT ( ( #1978, #2750, #2491 ) ) REPRESENTATION_CONTEXT ( 'NONE', 'WORKASPACE' ) );
#1423 = DIRECTION ( 'NONE',  ( 1.000000000000000000, -4.930380657631323784E-32, -2.921439046990504887E-16 ) ) ;
#1424 = ORIENTED_EDGE ( 'NONE', *, *, #1371, .T. ) ;
#1425 = CARTESIAN_POINT ( 'NONE',  ( -30.50000000000002487, -26.59999999999999787, -129.2000000000000455 ) ) ;
#1426 = CARTESIAN_POINT ( 'NONE',  ( -17.78675134594807972, -28.60000000000000142, -132.4132486540518414 ) ) ;
#1427 = ORIENTED_EDGE ( 'NONE', *, *, #3255, .F. ) ;
#1428 = ORIENTED_EDGE ( 'NONE', *, *, #1587, .F. ) ;
#1429 = CARTESIAN_POINT ( 'NONE',  ( -67.00000000000000000, 38.59999999999994458, -38.59999999999954667 ) ) ;
#1430 = PLANE ( 'NONE',  #1287 ) ;
#1431 = ADVANCED_FACE ( 'NONE', ( #357 ), #2128, .T. ) ;
#1432 = ORIENTED_EDGE ( 'NONE', *, *, #2312, .F. ) ;
#1433 = LINE ( 'NONE', #657, #2170 ) ;
#1434 = EDGE_CURVE ( 'NONE', #698, #975, #2183, .T. ) ;
#1435 = VECTOR ( 'NONE', #807, 1000.000000000000000 ) ;
#1436 = VECTOR ( 'NONE', #611, 1000.000000000000000 ) ;
#1437 = CIRCLE ( 'NONE', #3353, 1.750000000000001554 ) ;
#1438 = ORIENTED_EDGE ( 'NONE', *, *, #570, .F. ) ;
#1439 = CARTESIAN_POINT ( 'NONE',  ( 35.49999999999993605, -26.59999999999999787, -130.1038475772933225 ) ) ;
#1440 = DIRECTION ( 'NONE',  ( 0.000000000000000000, 1.000000000000000000, 0.000000000000000000 ) ) ;
#1441 = CARTESIAN_POINT ( 'NONE',  ( 52.00000000000002132, 117.4335778825590069, -1.775565730949279002E-14 ) ) ;
#1442 = ORIENTED_EDGE ( 'NONE', *, *, #3055, .F. ) ;
#1443 = EDGE_LOOP ( 'NONE', ( #86, #1214, #1039, #437 ) ) ;
#1444 = DIRECTION ( 'NONE',  ( -2.921439046990504887E-16, 0.000000000000000000, 1.000000000000000000 ) ) ;
#1445 = CARTESIAN_POINT ( 'NONE',  ( 34.32842712474614899, -26.59999999999999787, -123.5284271247462442 ) ) ;
#1446 = EDGE_LOOP ( 'NONE', ( #1219, #256, #2440, #411, #2295, #3 ) ) ;
#1447 = CARTESIAN_POINT ( 'NONE',  ( -35.52704570029738562, -25.10000000000002274, -132.7019237886466385 ) ) ;
#1448 = EDGE_CURVE ( 'NONE', #1742, #1236, #207, .T. ) ;
#1449 = CARTESIAN_POINT ( 'NONE',  ( 35.64423876583030903, -25.65238789672123687, -134.9940310365466303 ) ) ;
#1450 = ORIENTED_EDGE ( 'NONE', *, *, #981, .T. ) ;
#1451 = ADVANCED_FACE ( 'NONE', ( #1392 ), #586, .F. ) ;
#1452 = DIRECTION ( 'NONE',  ( 0.000000000000000000, 0.000000000000000000, 1.000000000000000000 ) ) ;
#1453 = ORIENTED_EDGE ( 'NONE', *, *, #2574, .F. ) ;
#1454 = DIRECTION ( 'NONE',  ( 2.824645215047769293E-32, 0.7071067811865511255, 0.7071067811865440200 ) ) ;
#1455 = CARTESIAN_POINT ( 'NONE',  ( 30.49999999999993250, -28.60000000000000142, -125.2000000000000313 ) ) ;
#1456 = EDGE_LOOP ( 'NONE', ( #2531, #1403, #2897, #3007 ) ) ;
#1457 = VERTEX_POINT ( 'NONE', #2669 ) ;
#1458 = CARTESIAN_POINT ( 'NONE',  ( -141.0000000000000284, -21.54999999999999005, -143.7426406871193194 ) ) ;
#1459 = DIRECTION ( 'NONE',  ( 0.000000000000000000, 0.000000000000000000, 1.000000000000000000 ) ) ;
#1460 = CARTESIAN_POINT ( 'NONE',  ( 69.99999999999998579, -18.17742825450810429, -146.6383550522259895 ) ) ;
#1461 = ORIENTED_EDGE ( 'NONE', *, *, #2261, .T. ) ;
#1462 = ORIENTED_EDGE ( 'NONE', *, *, #2940, .T. ) ;
#1463 = DIRECTION ( 'NONE',  ( -1.000000000000000000, 0.000000000000000000, -2.524853261995226177E-64 ) ) ;
#1464 = CARTESIAN_POINT ( 'NONE',  ( -12.15706643443548352, -23.59999999999999787, -134.4754270400732707 ) ) ;
#1465 = AXIS2_PLACEMENT_3D ( 'NONE', #966, #2013, #3040 ) ;
#1466 = CARTESIAN_POINT ( 'NONE',  ( -13.24314575050757803, -20.60000000000000142, -135.2999999999999829 ) ) ;
#1467 = ADVANCED_FACE ( 'NONE', ( #869, #2199 ), #1918, .F. ) ;
#1468 = PRODUCT_DEFINITION_FORMATION_WITH_SPECIFIED_SOURCE ( 'ANY', '', #1285, .NOT_KNOWN. ) ;
#1469 = CARTESIAN_POINT ( 'NONE',  ( 67.00000000000001421, -20.60000000000000142, -104.2000000000001023 ) ) ;
#1470 = CYLINDRICAL_SURFACE ( 'NONE', #1757, 3.000000000000002665 ) ;
#1471 = VECTOR ( 'NONE', #548, 1000.000000000000000 ) ;
#1472 = VERTEX_POINT ( 'NONE', #1933 ) ;
#1473 = AXIS2_PLACEMENT_3D ( 'NONE', #2292, #1423, #1452 ) ;
#1474 = EDGE_CURVE ( 'NONE', #3092, #471, #440, .T. ) ;
#1475 = CARTESIAN_POINT ( 'NONE',  ( 0.000000000000000000, -20.60000000000000142, -135.2999999999999829 ) ) ;
#1476 = ORIENTED_EDGE ( 'NONE', *, *, #735, .F. ) ;
#1477 = CARTESIAN_POINT ( 'NONE',  ( 30.49999999999992895, -28.60000000000000142, -123.9426406871192938 ) ) ;
#1478 = FILL_AREA_STYLE ('',( #1414 ) ) ;
#1479 = LINE ( 'NONE', #2771, #3352 ) ;
#1480 = ORIENTED_EDGE ( 'NONE', *, *, #2657, .F. ) ;
#1481 = ORIENTED_EDGE ( 'NONE', *, *, #417, .T. ) ;
#1482 = LINE ( 'NONE', #690, #1544 ) ;
#1483 = CARTESIAN_POINT ( 'NONE',  ( -14.40942955494262989, -25.10341761371104852, -135.7905704452321913 ) ) ;
#1484 = VECTOR ( 'NONE', #564, 1000.000000000000000 ) ;
#1485 = CARTESIAN_POINT ( 'NONE',  ( -30.50000000000002487, -26.59999999999999787, -127.2000000000000313 ) ) ;
#1486 = LINE ( 'NONE', #2541, #2862 ) ;
#1487 =( BOUNDED_CURVE ( )  B_SPLINE_CURVE ( 3, ( #488, #2274, #1505, #967 ),
 .UNSPECIFIED., .F., .T. ) 
 B_SPLINE_CURVE_WITH_KNOTS ( ( 4, 4 ),
 ( 1.570796326794896780, 2.338531563114339296 ),
 .UNSPECIFIED. ) 
 CURVE ( )  GEOMETRIC_REPRESENTATION_ITEM ( )  RATIONAL_B_SPLINE_CURVE ( ( 1.000000000000000000, 0.9514820764781444229, 0.9514820764781444229, 1.000000000000000000 ) ) 
 REPRESENTATION_ITEM ( '' )  );
#1488 = DIRECTION ( 'NONE',  ( -1.920367488605409874E-16, -0.7071067811865453523, -0.7071067811865497932 ) ) ;
#1489 = ORIENTED_EDGE ( 'NONE', *, *, #3003, .T. ) ;
#1490 = VECTOR ( 'NONE', #956, 1000.000000000000000 ) ;
#1491 = CARTESIAN_POINT ( 'NONE',  ( 67.00000000000002842, -20.60000000000000142, -140.2999999999999829 ) ) ;
#1492 = AXIS2_PLACEMENT_3D ( 'NONE', #3211, #883, #1673 ) ;
#1493 = AXIS2_PLACEMENT_3D ( 'NONE', #587, #1393, #1621 ) ;
#1494 = EDGE_CURVE ( 'NONE', #2131, #2187, #3010, .T. ) ;
#1495 = ORIENTED_EDGE ( 'NONE', *, *, #1300, .T. ) ;
#1496 = DIRECTION ( 'NONE',  ( -2.708711116470573089E-16, 0.3746065934159159005, 0.9271838545667857590 ) ) ;
#1497 = CARTESIAN_POINT ( 'NONE',  ( -50.50000000000000711, -23.60000000000000853, -135.2999999999999829 ) ) ;
#1498 = CARTESIAN_POINT ( 'NONE',  ( 36.92447428298178380, -20.60000000000004405, -135.2999999999999829 ) ) ;
#1499 = EDGE_CURVE ( 'NONE', #1373, #1236, #1740, .T. ) ;
#1500 = VERTEX_POINT ( 'NONE', #1455 ) ;
#1501 = LINE ( 'NONE', #2853, #41 ) ;
#1502 = DIRECTION ( 'NONE',  ( -3.994651572012802978E-32, -1.000000000000000000, 1.442597485219800730E-16 ) ) ;
#1503 = CARTESIAN_POINT ( 'NONE',  ( -9.126497308105014028, -23.59999999999999787, -141.0735026918949302 ) ) ;
#1504 = CARTESIAN_POINT ( 'NONE',  ( -52.00000000000002132, -22.60000000000000142, -133.7999999999999545 ) ) ;
#1505 = CARTESIAN_POINT ( 'NONE',  ( 14.18361260692621606, -24.58272858733718991, -136.0163873930737282 ) ) ;
#1506 = DIRECTION ( 'NONE',  ( -1.000000000000000000, 0.000000000000000000, -2.715809747126122424E-16 ) ) ;
#1507 = ORIENTED_EDGE ( 'NONE', *, *, #1804, .T. ) ;
#1508 = FACE_OUTER_BOUND ( 'NONE', #2648, .T. ) ;
#1509 = FACE_OUTER_BOUND ( 'NONE', #891, .T. ) ;
#1510 = ORIENTED_EDGE ( 'NONE', *, *, #499, .F. ) ;
#1511 = EDGE_CURVE ( 'NONE', #2114, #3200, #1386, .T. ) ;
#1512 = CARTESIAN_POINT ( 'NONE',  ( -141.0000000000000284, -23.29560471257144982, -149.9631512481042819 ) ) ;
#1513 = CARTESIAN_POINT ( 'NONE',  ( 69.99999999999998579, 22.84370541669636623, -5.718299590851925629 ) ) ;
#1514 = FACE_OUTER_BOUND ( 'NONE', #2113, .T. ) ;
#1515 = EDGE_CURVE ( 'NONE', #1922, #2283, #1184, .T. ) ;
#1516 = ORIENTED_EDGE ( 'NONE', *, *, #1851, .T. ) ;
#1517 = ORIENTED_EDGE ( 'NONE', *, *, #1538, .F. ) ;
#1518 = ADVANCED_FACE ( 'NONE', ( #1999 ), #423, .T. ) ;
#1519 = FACE_OUTER_BOUND ( 'NONE', #994, .T. ) ;
#1520 = CARTESIAN_POINT ( 'NONE',  ( -9.126497308103672879, -23.59999999999999787, -141.0735026918962660 ) ) ;
#1521 = LINE ( 'NONE', #1889, #3163 ) ;
#1522 = ADVANCED_FACE ( 'NONE', ( #2508 ), #3239, .F. ) ;
#1523 = AXIS2_PLACEMENT_3D ( 'NONE', #2288, #3313, #2029 ) ;
#1524 = EDGE_LOOP ( 'NONE', ( #258, #2790, #219, #374, #955, #2299, #104, #2350 ) ) ;
#1525 = DIRECTION ( 'NONE',  ( 0.000000000000000000, 0.000000000000000000, -1.000000000000000000 ) ) ;
#1526 = DIRECTION ( 'NONE',  ( 0.000000000000000000, 0.000000000000000000, 1.000000000000000000 ) ) ;
#1527 = FACE_OUTER_BOUND ( 'NONE', #1788, .T. ) ;
#1528 = VECTOR ( 'NONE', #1032, 1000.000000000000000 ) ;
#1529 = LINE ( 'NONE', #1297, #1345 ) ;
#1530 = CARTESIAN_POINT ( 'NONE',  ( -52.00000000000002132, -27.59999999999999787, -107.2000000000001592 ) ) ;
#1531 = ORIENTED_EDGE ( 'NONE', *, *, #163, .T. ) ;
#1532 = CARTESIAN_POINT ( 'NONE',  ( 70.00000000000002842, -33.00000000000000711, -147.8747394397509538 ) ) ;
#1533 = VERTEX_POINT ( 'NONE', #1690 ) ;
#1534 = FACE_OUTER_BOUND ( 'NONE', #2168, .T. ) ;
#1535 = DIRECTION ( 'NONE',  ( 2.715809747126122424E-16, 0.000000000000000000, 1.000000000000000000 ) ) ;
#1536 = LINE ( 'NONE', #1292, #481 ) ;
#1537 = DIRECTION ( 'NONE',  ( 0.000000000000000000, 0.000000000000000000, -1.000000000000000000 ) ) ;
#1538 = EDGE_CURVE ( 'NONE', #1886, #3260, #1196, .T. ) ;
#1539 = CARTESIAN_POINT ( 'NONE',  ( 52.00000000000002132, -27.59999999999999787, -107.2000000000001876 ) ) ;
#1540 = DIRECTION ( 'NONE',  ( 1.000000000000000000, 0.000000000000000000, 2.885194970439601952E-16 ) ) ;
#1541 = DIRECTION ( 'NONE',  ( 1.000000000000000000, 0.000000000000000000, 2.885194970439601952E-16 ) ) ;
#1542 = PLANE ( 'NONE',  #933 ) ;
#1543 = EDGE_CURVE ( 'NONE', #1533, #698, #801, .T. ) ;
#1544 = VECTOR ( 'NONE', #3328, 1000.000000000000000 ) ;
#1545 = AXIS2_PLACEMENT_3D ( 'NONE', #3348, #756, #1014 ) ;
#1546 = VECTOR ( 'NONE', #1159, 1000.000000000000000 ) ;
#1547 = EDGE_LOOP ( 'NONE', ( #688, #1856, #2656, #3051 ) ) ;
#1548 = PRODUCT_DEFINITION_SHAPE ( 'NONE', 'NONE',  #1801 ) ;
#1549 = AXIS2_PLACEMENT_3D ( 'NONE', #1441, #186, #169 ) ;
#1550 = CIRCLE ( 'NONE', #1124, 10.00000000000000888 ) ;
#1551 = ORIENTED_EDGE ( 'NONE', *, *, #2393, .T. ) ;
#1552 = DIRECTION ( 'NONE',  ( 0.5773502691896226224, 0.5773502691896240657, 0.5773502691896306160 ) ) ;
#1553 = ORIENTED_EDGE ( 'NONE', *, *, #392, .F. ) ;
#1554 = ORIENTED_EDGE ( 'NONE', *, *, #2841, .T. ) ;
#1555 = CARTESIAN_POINT ( 'NONE',  ( 53.99999999999995026, -55.52582403567247837, 0.000000000000000000 ) ) ;
#1556 = PLANE ( 'NONE',  #2304 ) ;
#1557 = CARTESIAN_POINT ( 'NONE',  ( -53.00000000000000711, -22.59999999999995168, -107.2000000000001450 ) ) ;
#1558 = LINE ( 'NONE', #2661, #636 ) ;
#1559 = EDGE_CURVE ( 'NONE', #1417, #576, #372, .T. ) ;
#1560 = DIRECTION ( 'NONE',  ( 0.000000000000000000, 1.000000000000000000, 0.000000000000000000 ) ) ;
#1561 = CARTESIAN_POINT ( 'NONE',  ( 66.99999999999998579, 35.30519245079632640, -14.26422365827937178 ) ) ;
#1562 = DIRECTION ( 'NONE',  ( -0.000000000000000000, -1.000000000000000000, 0.000000000000000000 ) ) ;
#1563 = CIRCLE ( 'NONE', #384, 3.000000000000002665 ) ;
#1564 = EDGE_CURVE ( 'NONE', #2328, #405, #763, .T. ) ;
#1565 = EDGE_CURVE ( 'NONE', #195, #2726, #3111, .T. ) ;
#1566 = FACE_OUTER_BOUND ( 'NONE', #2136, .T. ) ;
#1567 = ORIENTED_EDGE ( 'NONE', *, *, #324, .T. ) ;
#1568 = VERTEX_POINT ( 'NONE', #3317 ) ;
#1569 = CARTESIAN_POINT ( 'NONE',  ( 0.000000000000000000, -55.52582403567247837, -124.2000000000000881 ) ) ;
#1570 = ORIENTED_EDGE ( 'NONE', *, *, #28, .F. ) ;
#1571 = EDGE_LOOP ( 'NONE', ( #409, #2278, #738, #2064, #2123 ) ) ;
#1572 = DIRECTION ( 'NONE',  ( 0.000000000000000000, 0.000000000000000000, 1.000000000000000000 ) ) ;
#1573 = DIRECTION ( 'NONE',  ( -0.7071067811865426878, 0.000000000000000000, -0.7071067811865524577 ) ) ;
#1574 = CARTESIAN_POINT ( 'NONE',  ( -67.00000000000001421, -33.00000000000000000, -104.2000000000001023 ) ) ;
#1575 = VERTEX_POINT ( 'NONE', #2037 ) ;
#1576 = CARTESIAN_POINT ( 'NONE',  ( -67.00000000000002842, -21.67303296707958182, -152.3687127865821083 ) ) ;
#1577 = CARTESIAN_POINT ( 'NONE',  ( -36.69228159697921399, -24.19845165711302570, -137.6503120934311539 ) ) ;
#1578 = ADVANCED_FACE ( 'NONE', ( #535 ), #2594, .T. ) ;
#1579 = VECTOR ( 'NONE', #777, 1000.000000000000000 ) ;
#1580 = CARTESIAN_POINT ( 'NONE',  ( 70.00000000000002842, 3.204747427460359759E-30, -155.2999999999999829 ) ) ;
#1581 = AXIS2_PLACEMENT_3D ( 'NONE', #2475, #2050, #1792 ) ;
#1582 = EDGE_CURVE ( 'NONE', #2034, #2217, #1487, .T. ) ;
#1583 = VERTEX_POINT ( 'NONE', #2014 ) ;
#1584 = VECTOR ( 'NONE', #2389, 1000.000000000000000 ) ;
#1585 = CARTESIAN_POINT ( 'NONE',  ( -70.00000000000002842, -26.79999999999999716, -155.2999999999999829 ) ) ;
#1586 = DIRECTION ( 'NONE',  ( 1.000000000000000000, -4.275826894170391137E-33, -3.083952846180988308E-16 ) ) ;
#1587 = EDGE_CURVE ( 'NONE', #2791, #1156, #1486, .T. ) ;
#1588 = ORIENTED_EDGE ( 'NONE', *, *, #2444, .T. ) ;
#1589 = VERTEX_POINT ( 'NONE', #215 ) ;
#1590 = VECTOR ( 'NONE', #2238, 1000.000000000000000 ) ;
#1591 = LINE ( 'NONE', #1334, #929 ) ;
#1592 = LINE ( 'NONE', #2639, #2754 ) ;
#1593 = CARTESIAN_POINT ( 'NONE',  ( -38.49999999999993605, -20.60000000000000142, -135.2999999999999829 ) ) ;
#1594 = CARTESIAN_POINT ( 'NONE',  ( 38.49999999999993605, -23.59999999999999787, 0.000000000000000000 ) ) ;
#1595 = FACE_OUTER_BOUND ( 'NONE', #277, .T. ) ;
#1596 = CARTESIAN_POINT ( 'NONE',  ( 67.00000000000002842, -31.21207867750534604, -152.3000000000000114 ) ) ;
#1597 = EDGE_LOOP ( 'NONE', ( #352, #805, #2120, #2667 ) ) ;
#1598 = CARTESIAN_POINT ( 'NONE',  ( 53.99999999999995026, -55.52582403567247837, -114.2000000000000881 ) ) ;
#1599 = CARTESIAN_POINT ( 'NONE',  ( 30.49999999999993250, -54.44027863626858732, -129.2000000000000455 ) ) ;
#1600 = ORIENTED_EDGE ( 'NONE', *, *, #529, .F. ) ;
#1601 = CARTESIAN_POINT ( 'NONE',  ( 38.49999999999993605, -23.60000000000000853, -135.2999999999999829 ) ) ;
#1602 = ORIENTED_EDGE ( 'NONE', *, *, #1474, .F. ) ;
#1603 = VECTOR ( 'NONE', #526, 1000.000000000000000 ) ;
#1604 = EDGE_CURVE ( 'NONE', #2034, #259, #3242, .T. ) ;
#1605 = CARTESIAN_POINT ( 'NONE',  ( 39.30000000000009663, -20.60000000000000142, -135.2999999999999829 ) ) ;
#1606 = CIRCLE ( 'NONE', #151, 3.000000000000002665 ) ;
#1607 = VERTEX_POINT ( 'NONE', #2210 ) ;
#1608 = ORIENTED_EDGE ( 'NONE', *, *, #2877, .F. ) ;
#1609 = VECTOR ( 'NONE', #737, 1000.000000000000000 ) ;
#1610 = EDGE_CURVE ( 'NONE', #1970, #2911, #1046, .T. ) ;
#1611 = PLANE ( 'NONE',  #507 ) ;
#1612 = DIRECTION ( 'NONE',  ( 0.7071067811865481278, 0.000000000000000000, 0.7071067811865470176 ) ) ;
#1613 = AXIS2_PLACEMENT_3D ( 'NONE', #1680, #377, #2447 ) ;
#1614 = LINE ( 'NONE', #280, #2544 ) ;
#1615 = ORIENTED_EDGE ( 'NONE', *, *, #1967, .T. ) ;
#1616 = DIRECTION ( 'NONE',  ( 2.081668171172166620E-14, 0.000000000000000000, 1.000000000000000000 ) ) ;
#1617 = DIRECTION ( 'NONE',  ( -4.930380657631323784E-32, 1.000000000000000000, -1.520506146185781629E-47 ) ) ;
#1618 = VECTOR ( 'NONE', #1343, 1000.000000000000000 ) ;
#1619 = EDGE_LOOP ( 'NONE', ( #785, #1197, #2893, #1165 ) ) ;
#1620 = CARTESIAN_POINT ( 'NONE',  ( 70.00000000000001421, 3.204747427460359759E-30, -104.2000000000001023 ) ) ;
#1621 = DIRECTION ( 'NONE',  ( 0.000000000000000000, 0.000000000000000000, 1.000000000000000000 ) ) ;
#1622 = CARTESIAN_POINT ( 'NONE',  ( 67.00000000000002842, -31.00000000000000711, -155.2999999999999829 ) ) ;
#1623 = ORIENTED_EDGE ( 'NONE', *, *, #2699, .F. ) ;
#1624 = EDGE_CURVE ( 'NONE', #1109, #471, #164, .T. ) ;
#1625 = ORIENTED_EDGE ( 'NONE', *, *, #79, .F. ) ;
#1626 = FACE_OUTER_BOUND ( 'NONE', #2932, .T. ) ;
#1627 = FACE_OUTER_BOUND ( 'NONE', #3327, .T. ) ;
#1628 = CARTESIAN_POINT ( 'NONE',  ( -70.00000000000000000, 38.59999999999994458, -38.59999999999954667 ) ) ;
#1629 = CARTESIAN_POINT ( 'NONE',  ( 11.94456541838908059, -23.59999999999999787, -134.8482742392668854 ) ) ;
#1630 = DIRECTION ( 'NONE',  ( 0.000000000000000000, 1.000000000000000000, 0.000000000000000000 ) ) ;
#1631 = ADVANCED_FACE ( 'NONE', ( #1191, #1420 ), #3267, .F. ) ;
#1632 = VERTEX_POINT ( 'NONE', #419 ) ;
#1633 = CARTESIAN_POINT ( 'NONE',  ( -11.96845270828506180, -23.60000000000000142, -135.2999999999999829 ) ) ;
#1634 = EDGE_CURVE ( 'NONE', #463, #585, #916, .T. ) ;
#1635 = DIRECTION ( 'NONE',  ( 0.000000000000000000, 0.000000000000000000, 1.000000000000000000 ) ) ;
#1636 = CARTESIAN_POINT ( 'NONE',  ( -141.0000000000000284, -19.79999999999998295, -145.9827935137482484 ) ) ;
#1637 = ORIENTED_EDGE ( 'NONE', *, *, #939, .F. ) ;
#1638 = ORIENTED_EDGE ( 'NONE', *, *, #511, .F. ) ;
#1639 = AXIS2_PLACEMENT_3D ( 'NONE', #310, #621, #1136 ) ;
#1640 = CARTESIAN_POINT ( 'NONE',  ( 44.60000000000000853, -28.60000000000000142, -44.59999999999987352 ) ) ;
#1641 = CARTESIAN_POINT ( 'NONE',  ( -52.00000000000002132, -27.59999999999999787, -104.8000000000001393 ) ) ;
#1642 = ORIENTED_EDGE ( 'NONE', *, *, #1176, .T. ) ;
#1643 = ORIENTED_EDGE ( 'NONE', *, *, #2349, .T. ) ;
#1644 = AXIS2_PLACEMENT_3D ( 'NONE', #3222, #1381, #70 ) ;
#1645 = CARTESIAN_POINT ( 'NONE',  ( -18.04711431702996904, -26.05096189432335052, -132.1528856829699521 ) ) ;
#1646 = FACE_OUTER_BOUND ( 'NONE', #1135, .T. ) ;
#1647 = CARTESIAN_POINT ( 'NONE',  ( 16.10156376925133515, -26.43421687025254130, -134.0984362307486037 ) ) ;
#1648 = CARTESIAN_POINT ( 'NONE',  ( 67.00000000000001421, -22.59999999999995168, -107.2000000000001165 ) ) ;
#1649 = CARTESIAN_POINT ( 'NONE',  ( -70.00000000000002842, -29.99999999999995737, -155.2999999999999829 ) ) ;
#1650 = VECTOR ( 'NONE', #1657, 1000.000000000000000 ) ;
#1651 = ORIENTED_EDGE ( 'NONE', *, *, #1674, .F. ) ;
#1652 = CARTESIAN_POINT ( 'NONE',  ( -70.00000000000001421, 38.20031440401338330, -78.50873698486809360 ) ) ;
#1653 = EDGE_CURVE ( 'NONE', #1347, #3034, #1731, .T. ) ;
#1654 = CARTESIAN_POINT ( 'NONE',  ( -52.00000000000002132, -20.60000000000000142, -104.2000000000001165 ) ) ;
#1655 = CARTESIAN_POINT ( 'NONE',  ( -35.49999999999993605, -26.59999999999999787, -126.3568542494923861 ) ) ;
#1656 = ADVANCED_FACE ( 'NONE', ( #1388 ), #112, .F. ) ;
#1657 = DIRECTION ( 'NONE',  ( 1.000000000000000000, 0.000000000000000000, 2.885194970439601952E-16 ) ) ;
#1658 = ORIENTED_EDGE ( 'NONE', *, *, #2224, .F. ) ;
#1659 = LINE ( 'NONE', #868, #2025 ) ;
#1660 = DIRECTION ( 'NONE',  ( 1.000000000000000000, 0.000000000000000000, 2.885194970439601952E-16 ) ) ;
#1661 = CARTESIAN_POINT ( 'NONE',  ( -30.49999999999992184, -26.59999999999999787, -123.9426406871192938 ) ) ;
#1662 = CARTESIAN_POINT ( 'NONE',  ( 66.99999999999997158, -21.54999999999999361, -145.6426279727571114 ) ) ;
#1663 = VERTEX_POINT ( 'NONE', #1768 ) ;
#1664 = EDGE_LOOP ( 'NONE', ( #446, #492, #1209, #1834, #1871, #13 ) ) ;
#1665 = DIRECTION ( 'NONE',  ( 0.000000000000000000, 0.000000000000000000, 1.000000000000000000 ) ) ;
#1666 = CARTESIAN_POINT ( 'NONE',  ( 11.53919323794418084, -23.59999999999999787, -135.6023725564893709 ) ) ;
#1667 = AXIS2_PLACEMENT_3D ( 'NONE', #2807, #3305, #2769 ) ;
#1668 = VECTOR ( 'NONE', #126, 1000.000000000000000 ) ;
#1669 = ORIENTED_EDGE ( 'NONE', *, *, #1434, .F. ) ;
#1670 = VECTOR ( 'NONE', #2859, 1000.000000000000000 ) ;
#1671 = AXIS2_PLACEMENT_3D ( 'NONE', #1860, #1825, #2660 ) ;
#1672 = DIRECTION ( 'NONE',  ( -0.000000000000000000, 1.000000000000000000, -0.000000000000000000 ) ) ;
#1673 = DIRECTION ( 'NONE',  ( -1.000000000000000000, 0.000000000000000000, -0.000000000000000000 ) ) ;
#1674 = EDGE_CURVE ( 'NONE', #1886, #1289, #7, .T. ) ;
#1675 = DIRECTION ( 'NONE',  ( 0.000000000000000000, 1.000000000000000000, 0.000000000000000000 ) ) ;
#1676 = CARTESIAN_POINT ( 'NONE',  ( -35.49999999999993605, -26.59999999999999432, -133.9320742633533996 ) ) ;
#1677 = ORIENTED_EDGE ( 'NONE', *, *, #3117, .T. ) ;
#1678 = LINE ( 'NONE', #2994, #2141 ) ;
#1679 = LINE ( 'NONE', #2899, #2596 ) ;
#1680 = CARTESIAN_POINT ( 'NONE',  ( -30.49999999999992184, -26.59999999999999787, -123.9426406871192938 ) ) ;
#1681 = ORIENTED_EDGE ( 'NONE', *, *, #1312, .T. ) ;
#1682 = EDGE_CURVE ( 'NONE', #1347, #1408, #1944, .T. ) ;
#1683 = EDGE_LOOP ( 'NONE', ( #1323, #2368, #27, #2204 ) ) ;
#1684 = CARTESIAN_POINT ( 'NONE',  ( -52.00000000000002132, -26.99999999999995737, -104.2000000000001023 ) ) ;
#1685 = VERTEX_POINT ( 'NONE', #2010 ) ;
#1686 = CARTESIAN_POINT ( 'NONE',  ( 18.04711431702996904, -26.05096189432335052, -132.1528856829699521 ) ) ;
#1687 = EDGE_LOOP ( 'NONE', ( #1839, #1998, #2403, #1330, #3304, #1651 ) ) ;
#1688 = PLANE ( 'NONE',  #3271 ) ;
#1689 = CARTESIAN_POINT ( 'NONE',  ( -70.00000000000005684, -23.29560471257144982, -149.9631512481042535 ) ) ;
#1690 = CARTESIAN_POINT ( 'NONE',  ( -17.78675134594807972, -28.60000000000000142, -132.4132486540518414 ) ) ;
#1691 = EDGE_CURVE ( 'NONE', #109, #139, #2518, .T. ) ;
#1692 = ORIENTED_EDGE ( 'NONE', *, *, #2140, .F. ) ;
#1693 = AXIS2_PLACEMENT_3D ( 'NONE', #3170, #1150, #2155 ) ;
#1694 = ORIENTED_EDGE ( 'NONE', *, *, #1582, .F. ) ;
#1695 = DIRECTION ( 'NONE',  ( -1.000000000000000000, 1.543967230958434817E-16, 3.083952846180988308E-16 ) ) ;
#1696 = DIRECTION ( 'NONE',  ( -2.773103077685025230E-16, -0.4375293894172972431, 0.8992041110872031062 ) ) ;
#1697 = CARTESIAN_POINT ( 'NONE',  ( 9.126497308087607507, -23.59999999999999787, -141.0735026919123243 ) ) ;
#1698 = ADVANCED_FACE ( 'NONE', ( #744 ), #2844, .T. ) ;
#1699 = AXIS2_PLACEMENT_3D ( 'NONE', #722, #224, #1725 ) ;
#1700 = ORIENTED_EDGE ( 'NONE', *, *, #2900, .F. ) ;
#1701 = CARTESIAN_POINT ( 'NONE',  ( 20.09615242270661284, -26.59999999999999787, -130.1038475772933225 ) ) ;
#1702 = DIRECTION ( 'NONE',  ( 0.000000000000000000, 1.000000000000000000, -0.000000000000000000 ) ) ;
#1703 = AXIS2_PLACEMENT_3D ( 'NONE', #2162, #387, #2460 ) ;
#1704 = CARTESIAN_POINT ( 'NONE',  ( -52.00000000000002132, -33.00000000000000000, -110.2000000000002018 ) ) ;
#1705 = VERTEX_POINT ( 'NONE', #194 ) ;
#1706 = CARTESIAN_POINT ( 'NONE',  ( 30.49999999999992895, -54.44027863626858732, -120.9426406871192938 ) ) ;
#1707 = CARTESIAN_POINT ( 'NONE',  ( -70.00000000000002842, -19.60000000000002984, -155.2999999999999829 ) ) ;
#1708 = DIRECTION ( 'NONE',  ( -0.7071067811865465735, 0.000000000000000000, -0.7071067811865484609 ) ) ;
#1709 = ORIENTED_EDGE ( 'NONE', *, *, #1911, .T. ) ;
#1710 = ADVANCED_FACE ( 'NONE', ( #1255 ), #964, .F. ) ;
#1711 = DIRECTION ( 'NONE',  ( 2.524853261995225840E-64, -1.442597485219800730E-16, -1.000000000000000000 ) ) ;
#1712 = ORIENTED_EDGE ( 'NONE', *, *, #2473, .T. ) ;
#1713 = ADVANCED_FACE ( 'NONE', ( #1017 ), #759, .F. ) ;
#1714 = CARTESIAN_POINT ( 'NONE',  ( -10.43789038349759579, -23.66467813382946872, -139.7621096165004246 ) ) ;
#1715 = DIRECTION ( 'NONE',  ( 0.000000000000000000, 0.000000000000000000, 1.000000000000000000 ) ) ;
#1716 = VECTOR ( 'NONE', #1560, 1000.000000000000000 ) ;
#1717 = VECTOR ( 'NONE', #2997, 1000.000000000000000 ) ;
#1718 = VECTOR ( 'NONE', #2346, 1000.000000000000114 ) ;
#1719 = ORIENTED_EDGE ( 'NONE', *, *, #470, .T. ) ;
#1720 = LINE ( 'NONE', #439, #693 ) ;
#1721 = VERTEX_POINT ( 'NONE', #2589 ) ;
#1722 = SURFACE_STYLE_USAGE ( .BOTH. , #1972 ) ;
#1723 = CARTESIAN_POINT ( 'NONE',  ( -10.13346754123838522, -23.60000000000000142, -138.6380528088378128 ) ) ;
#1724 = VECTOR ( 'NONE', #2144, 1000.000000000000000 ) ;
#1725 = DIRECTION ( 'NONE',  ( 0.000000000000000000, 0.000000000000000000, -1.000000000000000000 ) ) ;
#1726 = EDGE_CURVE ( 'NONE', #2452, #276, #2083, .T. ) ;
#1727 = ORIENTED_EDGE ( 'NONE', *, *, #2696, .F. ) ;
#1728 = ORIENTED_EDGE ( 'NONE', *, *, #2778, .T. ) ;
#1729 = DIRECTION ( 'NONE',  ( 1.000000000000000000, 0.000000000000000000, 2.524853261995226177E-64 ) ) ;
#1730 = DIRECTION ( 'NONE',  ( -3.994651572012802978E-32, -1.000000000000000000, 0.000000000000000000 ) ) ;
#1731 = LINE ( 'NONE', #2992, #2539 ) ;
#1732 = LINE ( 'NONE', #1018, #783 ) ;
#1733 = EDGE_LOOP ( 'NONE', ( #64, #3243, #168, #2806, #3193, #497, #2151 ) ) ;
#1734 = DIRECTION ( 'NONE',  ( 0.000000000000000000, 0.000000000000000000, 1.000000000000000000 ) ) ;
#1735 =( BOUNDED_CURVE ( )  B_SPLINE_CURVE ( 3, ( #1077, #2125, #818, #1601 ),
 .UNSPECIFIED., .F., .T. ) 
 B_SPLINE_CURVE_WITH_KNOTS ( ( 4, 4 ),
 ( 4.712388980384689674, 6.283185307179586232 ),
 .UNSPECIFIED. ) 
 CURVE ( )  GEOMETRIC_REPRESENTATION_ITEM ( )  RATIONAL_B_SPLINE_CURVE ( ( 1.000000000000000000, 0.8047378541243649375, 0.8047378541243649375, 1.000000000000000000 ) ) 
 REPRESENTATION_ITEM ( '' )  );
#1736 = CARTESIAN_POINT ( 'NONE',  ( 67.00000000000014211, -23.60000000000000853, -4.649058915617848693E-14 ) ) ;
#1737 = ADVANCED_FACE ( 'NONE', ( #2776 ), #3071, .T. ) ;
#1738 = ORIENTED_EDGE ( 'NONE', *, *, #3161, .T. ) ;
#1739 = LINE ( 'NONE', #1980, #3331 ) ;
#1740 = LINE ( 'NONE', #3273, #679 ) ;
#1741 = ORIENTED_EDGE ( 'NONE', *, *, #901, .T. ) ;
#1742 = VERTEX_POINT ( 'NONE', #998 ) ;
#1743 = CARTESIAN_POINT ( 'NONE',  ( 0.000000000000000000, -23.60000000000000853, -135.2999999999999829 ) ) ;
#1744 = DIRECTION ( 'NONE',  ( 1.000000000000000000, 0.000000000000000000, 0.000000000000000000 ) ) ;
#1745 = DIRECTION ( 'NONE',  ( 2.397917678887815427E-16, 0.4694715627858943585, 0.8829475928589249900 ) ) ;
#1746 = ORIENTED_EDGE ( 'NONE', *, *, #184, .T. ) ;
#1747 = ORIENTED_EDGE ( 'NONE', *, *, #57, .F. ) ;
#1748 = LINE ( 'NONE', #2792, #1383 ) ;
#1749 = CARTESIAN_POINT ( 'NONE',  ( 0.000000000000000000, -22.60000000000000142, 0.000000000000000000 ) ) ;
#1750 = DIRECTION ( 'NONE',  ( -2.715809747126122424E-16, 0.000000000000000000, -1.000000000000000000 ) ) ;
#1751 = VECTOR ( 'NONE', #2576, 1000.000000000000000 ) ;
#1752 = ADVANCED_FACE ( 'NONE', ( #2794 ), #979, .F. ) ;
#1753 = ORIENTED_EDGE ( 'NONE', *, *, #2011, .T. ) ;
#1754 = FACE_OUTER_BOUND ( 'NONE', #2865, .T. ) ;
#1755 = CARTESIAN_POINT ( 'NONE',  ( -17.31945870182970637, -27.79062539838378143, -132.8805412981702432 ) ) ;
#1756 = DIRECTION ( 'NONE',  ( 0.000000000000000000, 0.000000000000000000, -1.000000000000000000 ) ) ;
#1757 = AXIS2_PLACEMENT_3D ( 'NONE', #2521, #968, #2275 ) ;
#1758 = VERTEX_POINT ( 'NONE', #2051 ) ;
#1759 = VECTOR ( 'NONE', #1756, 1000.000000000000000 ) ;
#1760 = EDGE_CURVE ( 'NONE', #1395, #3059, #1855, .T. ) ;
#1761 = LINE ( 'NONE', #2803, #745 ) ;
#1762 = ORIENTED_EDGE ( 'NONE', *, *, #2734, .F. ) ;
#1763 = PLANE ( 'NONE',  #2537 ) ;
#1764 = DIRECTION ( 'NONE',  ( 1.278215442449606849E-16, -0.8992041110872031062, -0.4375293894172972986 ) ) ;
#1765 = ORIENTED_EDGE ( 'NONE', *, *, #1374, .F. ) ;
#1766 = PLANE ( 'NONE',  #1378 ) ;
#1767 = DIRECTION ( 'NONE',  ( 0.7071067811865524577, -2.824645215047774767E-32, -0.7071067811865426878 ) ) ;
#1768 = CARTESIAN_POINT ( 'NONE',  ( 17.49807621135329683, -25.10000000000002629, -132.7019237886466385 ) ) ;
#1769 = VECTOR ( 'NONE', #38, 1000.000000000000000 ) ;
#1770 = CARTESIAN_POINT ( 'NONE',  ( -67.00000000000002842, -23.59999999999999787, -134.7999999999999545 ) ) ;
#1771 = AXIS2_PLACEMENT_3D ( 'NONE', #2466, #2215, #588 ) ;
#1772 = ORIENTED_EDGE ( 'NONE', *, *, #2059, .F. ) ;
#1773 = FACE_OUTER_BOUND ( 'NONE', #666, .T. ) ;
#1774 = DIRECTION ( 'NONE',  ( 0.000000000000000000, 1.000000000000000000, -0.000000000000000000 ) ) ;
#1775 = SURFACE_STYLE_USAGE ( .BOTH. , #985 ) ;
#1776 = EDGE_CURVE ( 'NONE', #2496, #2798, #1521, .T. ) ;
#1777 = ORIENTED_EDGE ( 'NONE', *, *, #75, .T. ) ;
#1778 = VECTOR ( 'NONE', #1901, 1000.000000000000000 ) ;
#1779 = CARTESIAN_POINT ( 'NONE',  ( -53.00000000000000711, -22.60000000000000142, 0.000000000000000000 ) ) ;
#1780 = ADVANCED_FACE ( 'NONE', ( #3204 ), #893, .T. ) ;
#1781 = VECTOR ( 'NONE', #1612, 1000.000000000000000 ) ;
#1782 = ADVANCED_FACE ( 'NONE', ( #1100 ), #3188, .T. ) ;
#1783 = VERTEX_POINT ( 'NONE', #859 ) ;
#1784 = PLANE ( 'NONE',  #154 ) ;
#1785 = CARTESIAN_POINT ( 'NONE',  ( -141.0000000000000284, -18.17742825450810429, -146.6383550522260464 ) ) ;
#1786 = EDGE_CURVE ( 'NONE', #1156, #296, #2211, .T. ) ;
#1787 = ORIENTED_EDGE ( 'NONE', *, *, #2747, .F. ) ;
#1788 = EDGE_LOOP ( 'NONE', ( #1489, #1481, #858, #2230 ) ) ;
#1789 = PLANE ( 'NONE',  #3014 ) ;
#1790 = CARTESIAN_POINT ( 'NONE',  ( 14.64036611177165526, -24.80334216298973615, -135.0566387188385988 ) ) ;
#1791 = CARTESIAN_POINT ( 'NONE',  ( -12.35578440971565684, -24.11315455982895628, -137.8442155903357786 ) ) ;
#1792 = DIRECTION ( 'NONE',  ( 0.000000000000000000, 0.000000000000000000, -1.000000000000000000 ) ) ;
#1793 = DIRECTION ( 'NONE',  ( 1.000000000000000000, 0.000000000000000000, -2.715809747126122424E-16 ) ) ;
#1794 = CARTESIAN_POINT ( 'NONE',  ( -38.49999999999993605, -23.59999999999999787, -141.0735026918962660 ) ) ;
#1795 = DIRECTION ( 'NONE',  ( 0.000000000000000000, 0.000000000000000000, 1.000000000000000000 ) ) ;
#1796 = EDGE_LOOP ( 'NONE', ( #1193, #1042, #2208, #1104 ) ) ;
#1797 = CARTESIAN_POINT ( 'NONE',  ( 67.00000000000001421, -33.00000000000000000, -104.2000000000001023 ) ) ;
#1798 = LINE ( 'NONE', #2036, #76 ) ;
#1799 = CARTESIAN_POINT ( 'NONE',  ( 67.00000000000001421, -14.59999999999999432, -104.2000000000001023 ) ) ;
#1800 = CARTESIAN_POINT ( 'NONE',  ( -67.00000000000005684, -18.04999999999998650, -143.7426406871192910 ) ) ;
#1801 = PRODUCT_DEFINITION ( 'UNKNOWN', '', #1468, #2729 ) ;
#1802 = VERTEX_POINT ( 'NONE', #2451 ) ;
#1803 = CARTESIAN_POINT ( 'NONE',  ( 0.000000000000000000, -55.52582403567247837, -130.2000000000001023 ) ) ;
#1804 = EDGE_CURVE ( 'NONE', #788, #2328, #1905, .T. ) ;
#1805 = FACE_OUTER_BOUND ( 'NONE', #318, .T. ) ;
#1806 = ORIENTED_EDGE ( 'NONE', *, *, #2980, .T. ) ;
#1807 = EDGE_CURVE ( 'NONE', #2019, #1457, #1591, .T. ) ;
#1808 = PLANE ( 'NONE',  #1832 ) ;
#1809 = LINE ( 'NONE', #1015, #714 ) ;
#1810 = DIRECTION ( 'NONE',  ( 0.000000000000000000, 0.8660254037844370423, -0.5000000000000027756 ) ) ;
#1811 = CARTESIAN_POINT ( 'NONE',  ( 39.30000000000009663, -23.59999999999999787, -130.1038475772933225 ) ) ;
#1812 = VECTOR ( 'NONE', #750, 1000.000000000000114 ) ;
#1813 = DIRECTION ( 'NONE',  ( 1.000000000000000000, -0.000000000000000000, 2.715809747126122424E-16 ) ) ;
#1814 = FACE_OUTER_BOUND ( 'NONE', #2546, .T. ) ;
#1815 = CIRCLE ( 'NONE', #349, 1.750000000000001554 ) ;
#1816 = VECTOR ( 'NONE', #713, 1000.000000000000000 ) ;
#1817 = DIRECTION ( 'NONE',  ( 4.004684765861462096E-16, 0.2428303037216978100, 0.9700687829192463640 ) ) ;
#1818 = VERTEX_POINT ( 'NONE', #2918 ) ;
#1819 = LINE ( 'NONE', #2636, #208 ) ;
#1820 = ORIENTED_EDGE ( 'NONE', *, *, #1412, .T. ) ;
#1821 = ADVANCED_FACE ( 'NONE', ( #1626 ), #2673, .T. ) ;
#1822 = EDGE_LOOP ( 'NONE', ( #490, #2500, #201, #2432, #2379, #1602 ) ) ;
#1823 = FACE_OUTER_BOUND ( 'NONE', #320, .T. ) ;
#1824 = CARTESIAN_POINT ( 'NONE',  ( 13.55366614865201491, -24.05564658917353427, -135.3000000000002672 ) ) ;
#1825 = DIRECTION ( 'NONE',  ( 1.080813059217120185E-16, 0.9271838545667848708, -0.3746065934159182875 ) ) ;
#1826 = DIRECTION ( 'NONE',  ( 2.715809747126122424E-16, -0.000000000000000000, -1.000000000000000000 ) ) ;
#1827 = ADVANCED_FACE ( 'NONE', ( #2020, #2481 ), #909, .T. ) ;
#1828 = LINE ( 'NONE', #1598, #790 ) ;
#1829 = DIRECTION ( 'NONE',  ( 1.000000000000000000, -0.000000000000000000, 2.715809747126122424E-16 ) ) ;
#1830 = LINE ( 'NONE', #2040, #2462 ) ;
#1831 = LINE ( 'NONE', #3360, #1898 ) ;
#1832 = AXIS2_PLACEMENT_3D ( 'NONE', #1066, #2115, #2885 ) ;
#1833 = AXIS2_PLACEMENT_3D ( 'NONE', #77, #1672, #2926 ) ;
#1834 = ORIENTED_EDGE ( 'NONE', *, *, #2980, .F. ) ;
#1835 = VECTOR ( 'NONE', #2753, 1000.000000000000000 ) ;
#1836 = AXIS2_PLACEMENT_3D ( 'NONE', #14, #2099, #3115 ) ;
#1837 = ORIENTED_EDGE ( 'NONE', *, *, #284, .F. ) ;
#1838 = LINE ( 'NONE', #2, #1178 ) ;
#1839 = ORIENTED_EDGE ( 'NONE', *, *, #1538, .T. ) ;
#1840 = ORIENTED_EDGE ( 'NONE', *, *, #1412, .F. ) ;
#1841 = CARTESIAN_POINT ( 'NONE',  ( -141.0000000000000568, 32.06004895981227065, -12.95310058132349518 ) ) ;
#1842 = DIRECTION ( 'NONE',  ( 0.000000000000000000, 1.000000000000000000, -0.000000000000000000 ) ) ;
#1843 = LINE ( 'NONE', #1085, #2712 ) ;
#1844 = EDGE_CURVE ( 'NONE', #398, #1146, #2985, .T. ) ;
#1845 = LINE ( 'NONE', #1574, #1879 ) ;
#1846 = VERTEX_POINT ( 'NONE', #2617 ) ;
#1847 = VECTOR ( 'NONE', #3043, 1000.000000000000000 ) ;
#1848 = FACE_OUTER_BOUND ( 'NONE', #1796, .T. ) ;
#1849 = EDGE_CURVE ( 'NONE', #1758, #3285, #3114, .T. ) ;
#1850 = DIRECTION ( 'NONE',  ( 1.000000000000000000, 0.000000000000000000, 2.885194970439601952E-16 ) ) ;
#1851 = EDGE_CURVE ( 'NONE', #2164, #538, #2547, .T. ) ;
#1852 = VERTEX_POINT ( 'NONE', #3063 ) ;
#1853 = DIRECTION ( 'NONE',  ( 1.000000000000000000, 0.000000000000000000, 0.000000000000000000 ) ) ;
#1854 = PLANE ( 'NONE',  #1008 ) ;
#1855 =( BOUNDED_CURVE ( )  B_SPLINE_CURVE ( 3, ( #2571, #1645, #362, #69 ),
 .UNSPECIFIED., .F., .T. ) 
 B_SPLINE_CURVE_WITH_KNOTS ( ( 4, 4 ),
 ( 0.5235987755983052550, 1.570796326794895670 ),
 .UNSPECIFIED. ) 
 CURVE ( )  GEOMETRIC_REPRESENTATION_ITEM ( )  RATIONAL_B_SPLINE_CURVE ( ( 1.000000000000000000, 0.9106836025229603226, 0.9106836025229603226, 1.000000000000000000 ) ) 
 REPRESENTATION_ITEM ( '' )  );
#1856 = ORIENTED_EDGE ( 'NONE', *, *, #1582, .T. ) ;
#1857 = VERTEX_POINT ( 'NONE', #2823 ) ;
#1858 = PLANE ( 'NONE',  #3182 ) ;
#1859 = CARTESIAN_POINT ( 'NONE',  ( 67.00000000000002842, 117.4335778825589927, -152.3000000000000398 ) ) ;
#1860 = CARTESIAN_POINT ( 'NONE',  ( -141.0000000000000568, 35.30519245079632640, -14.26422365827943040 ) ) ;
#1861 = DIRECTION ( 'NONE',  ( 0.000000000000000000, 0.000000000000000000, -1.000000000000000000 ) ) ;
#1862 = ORIENTED_EDGE ( 'NONE', *, *, #2734, .T. ) ;
#1863 = B_SPLINE_CURVE_WITH_KNOTS ( 'NONE', 3,
 ( #2331, #2071, #271, #1038, #2089, #799, #2876, #1577, #2236, #930, #113, #1140, #2194, #1977, #178, #2959, #3212, #1794 ),
 .UNSPECIFIED., .F., .F.,
 ( 4, 2, 2, 2, 2, 2, 2, 2, 4 ),
 ( 0.000000000000000000, 0.001071525580724790342, 0.002143051161449580685, 0.004286102322899222085, 0.005357627903624000501, 0.006429153484348779785, 0.007500679065073558201, 0.008036441855435984272, 0.008572204645798409475 ),
 .UNSPECIFIED. ) ;
#1864 = LINE ( 'NONE', #2646, #2340 ) ;
#1865 = ADVANCED_FACE ( 'NONE', ( #2562 ), #3343, .F. ) ;
#1866 = AXIS2_PLACEMENT_3D ( 'NONE', #2418, #2933, #458 ) ;
#1867 = ORIENTED_EDGE ( 'NONE', *, *, #1358, .F. ) ;
#1868 = EDGE_CURVE ( 'NONE', #1938, #2777, #65, .T. ) ;
#1869 = CIRCLE ( 'NONE', #1264, 4.000000000000003553 ) ;
#1870 = CARTESIAN_POINT ( 'NONE',  ( 52.00000000000002132, -20.60000000000000142, 0.000000000000000000 ) ) ;
#1871 = ORIENTED_EDGE ( 'NONE', *, *, #1194, .F. ) ;
#1872 = VECTOR ( 'NONE', #2635, 1000.000000000000000 ) ;
#1873 = ORIENTED_EDGE ( 'NONE', *, *, #1786, .F. ) ;
#1874 = FACE_BOUND ( 'NONE', #3249, .T. ) ;
#1875 = DIRECTION ( 'NONE',  ( 0.000000000000000000, 1.000000000000000000, -0.000000000000000000 ) ) ;
#1876 = DIRECTION ( 'NONE',  ( -1.000000000000000000, 4.275826894170391137E-33, 3.083952846180988308E-16 ) ) ;
#1877 = ORIENTED_EDGE ( 'NONE', *, *, #797, .F. ) ;
#1878 = CARTESIAN_POINT ( 'NONE',  ( 39.30000000000009663, -23.59999999999999787, -130.1038475772933225 ) ) ;
#1879 = VECTOR ( 'NONE', #1322, 1000.000000000000000 ) ;
#1880 = EDGE_CURVE ( 'NONE', #1318, #1109, #1659, .T. ) ;
#1881 = ORIENTED_EDGE ( 'NONE', *, *, #225, .T. ) ;
#1882 = DIRECTION ( 'NONE',  ( -2.708711116470571609E-16, 0.3746065934159182875, 0.9271838545667848708 ) ) ;
#1883 = VECTOR ( 'NONE', #1341, 1000.000000000000000 ) ;
#1884 = LINE ( 'NONE', #2915, #2378 ) ;
#1885 = EDGE_CURVE ( 'NONE', #2637, #1500, #407, .T. ) ;
#1886 = VERTEX_POINT ( 'NONE', #1900 ) ;
#1887 = EDGE_LOOP ( 'NONE', ( #2672, #1772, #1007, #2457 ) ) ;
#1888 = AXIS2_PLACEMENT_3D ( 'NONE', #1370, #2441, #2717 ) ;
#1889 = CARTESIAN_POINT ( 'NONE',  ( -1.928087319432351742E-13, -20.60000000000000142, -104.2000000000000028 ) ) ;
#1890 = DIRECTION ( 'NONE',  ( -1.000000000000000000, 0.000000000000000000, 0.000000000000000000 ) ) ;
#1891 = CARTESIAN_POINT ( 'NONE',  ( 35.49999999999993605, -28.60000000000000142, -132.4132486540518414 ) ) ;
#1892 = CARTESIAN_POINT ( 'NONE',  ( 15.30227606928991513, -23.59999999999999787, -134.2272367020179615 ) ) ;
#1893 = CARTESIAN_POINT ( 'NONE',  ( 52.00000000000002132, -55.52582403567247837, -124.2000000000000881 ) ) ;
#1894 = CARTESIAN_POINT ( 'NONE',  ( -70.00000000000001421, 3.204747427460359759E-30, -104.2000000000001023 ) ) ;
#1895 = VERTEX_POINT ( 'NONE', #554 ) ;
#1896 = CARTESIAN_POINT ( 'NONE',  ( 0.000000000000000000, -23.59999999999999787, -134.7999999999999545 ) ) ;
#1897 = CARTESIAN_POINT ( 'NONE',  ( 0.000000000000000000, -28.60000000000000142, 0.000000000000000000 ) ) ;
#1898 = VECTOR ( 'NONE', #2614, 1000.000000000000000 ) ;
#1899 = ORIENTED_EDGE ( 'NONE', *, *, #598, .T. ) ;
#1900 = CARTESIAN_POINT ( 'NONE',  ( -67.00000000000001421, -22.59999999999995168, -130.2000000000001023 ) ) ;
#1901 = DIRECTION ( 'NONE',  ( -1.000000000000000000, 0.000000000000000000, 0.000000000000000000 ) ) ;
#1902 = ORIENTED_EDGE ( 'NONE', *, *, #961, .T. ) ;
#1903 = EDGE_LOOP ( 'NONE', ( #571, #2080, #2213, #213 ) ) ;
#1904 = EDGE_CURVE ( 'NONE', #993, #2883, #356, .T. ) ;
#1905 = LINE ( 'NONE', #53, #1411 ) ;
#1906 = CARTESIAN_POINT ( 'NONE',  ( -30.49999999999992184, -28.60000000000000142, -120.9426406871192938 ) ) ;
#1907 = CARTESIAN_POINT ( 'NONE',  ( 9.782197642542634242, -23.59999999999894627, -140.4178023574646943 ) ) ;
#1908 = DIRECTION ( 'NONE',  ( 0.000000000000000000, 1.000000000000000000, 0.000000000000000000 ) ) ;
#1909 = CARTESIAN_POINT ( 'NONE',  ( -70.00000000000001421, 3.204747427460359759E-30, -104.2000000000001023 ) ) ;
#1910 = ORIENTED_EDGE ( 'NONE', *, *, #2502, .F. ) ;
#1911 = EDGE_CURVE ( 'NONE', #1575, #1156, #301, .T. ) ;
#1912 = CARTESIAN_POINT ( 'NONE',  ( -11.70189309051750293, -23.60000000000000853, -135.2999999999999829 ) ) ;
#1913 = DIRECTION ( 'NONE',  ( -0.000000000000000000, -1.000000000000000000, -0.000000000000000000 ) ) ;
#1914 = DIRECTION ( 'NONE',  ( 1.000000000000000000, 0.000000000000000000, 0.000000000000000000 ) ) ;
#1915 = FACE_OUTER_BOUND ( 'NONE', #948, .T. ) ;
#1916 = ORIENTED_EDGE ( 'NONE', *, *, #1804, .F. ) ;
#1917 = AXIS2_PLACEMENT_3D ( 'NONE', #1485, #2556, #1525 ) ;
#1918 = PLANE ( 'NONE',  #2380 ) ;
#1919 = DIRECTION ( 'NONE',  ( 0.000000000000000000, 0.000000000000000000, 1.000000000000000000 ) ) ;
#1920 = CARTESIAN_POINT ( 'NONE',  ( -67.00000000000002842, -33.00000000000000711, -147.8747394397509254 ) ) ;
#1921 = ORIENTED_EDGE ( 'NONE', *, *, #2642, .T. ) ;
#1922 = VERTEX_POINT ( 'NONE', #2898 ) ;
#1923 =( GEOMETRIC_REPRESENTATION_CONTEXT ( 3 ) GLOBAL_UNCERTAINTY_ASSIGNED_CONTEXT ( ( #880 ) ) GLOBAL_UNIT_ASSIGNED_CONTEXT ( ( #3247, #1217, #1958 ) ) REPRESENTATION_CONTEXT ( 'NONE', 'WORKASPACE' ) );
#1924 = PLANE ( 'NONE',  #1644 ) ;
#1925 = CARTESIAN_POINT ( 'NONE',  ( 13.35292153826057948, -23.60000000000000142, -135.6259577613012937 ) ) ;
#1926 = CYLINDRICAL_SURFACE ( 'NONE', #1699, 1.750000000000001554 ) ;
#1927 = EDGE_CURVE ( 'NONE', #2565, #1162, #905, .T. ) ;
#1928 = EDGE_LOOP ( 'NONE', ( #841, #835, #3118, #1424, #51, #1327, #2785, #2880 ) ) ;
#1929 = EDGE_CURVE ( 'NONE', #1721, #2791, #2767, .T. ) ;
#1930 = LINE ( 'NONE', #1173, #1668 ) ;
#1931 = LINE ( 'NONE', #977, #93 ) ;
#1932 = ORIENTED_EDGE ( 'NONE', *, *, #2913, .F. ) ;
#1933 = CARTESIAN_POINT ( 'NONE',  ( 51.00000000000005684, -23.59999999999999787, -134.7999999999999545 ) ) ;
#1934 = CIRCLE ( 'NONE', #3232, 1.750000000000001554 ) ;
#1935 = LINE ( 'NONE', #1797, #1751 ) ;
#1936 = DIRECTION ( 'NONE',  ( -1.000000000000000000, 0.000000000000000000, -0.000000000000000000 ) ) ;
#1937 = VERTEX_POINT ( 'NONE', #1439 ) ;
#1938 = VERTEX_POINT ( 'NONE', #438 ) ;
#1939 = CARTESIAN_POINT ( 'NONE',  ( -38.49999999999993605, -20.60000000000000142, -135.2999999999999829 ) ) ;
#1940 = CARTESIAN_POINT ( 'NONE',  ( 70.00000000000001421, 38.20031440401338330, -78.50873698486809360 ) ) ;
#1941 = CARTESIAN_POINT ( 'NONE',  ( 15.65009913292643162, -23.59999999999999787, -134.0795918741520438 ) ) ;
#1942 = VECTOR ( 'NONE', #1444, 1000.000000000000000 ) ;
#1943 = ORIENTED_EDGE ( 'NONE', *, *, #2487, .T. ) ;
#1944 = CIRCLE ( 'NONE', #902, 2.000000000000001776 ) ;
#1945 = AXIS2_PLACEMENT_3D ( 'NONE', #279, #515, #1306 ) ;
#1946 = CARTESIAN_POINT ( 'NONE',  ( -13.24314575050757803, -25.43503419072274596, -135.2999999999999829 ) ) ;
#1947 = CARTESIAN_POINT ( 'NONE',  ( 38.49999999999993605, -23.59999999999999787, -141.0735026918962660 ) ) ;
#1948 = EDGE_CURVE ( 'NONE', #1299, #1116, #2229, .T. ) ;
#1949 = LINE ( 'NONE', #2720, #274 ) ;
#1950 = ORIENTED_EDGE ( 'NONE', *, *, #1807, .T. ) ;
#1951 = DIRECTION ( 'NONE',  ( -1.000000000000000000, 0.000000000000000000, 0.000000000000000000 ) ) ;
#1952 = DIRECTION ( 'NONE',  ( 0.4472135954999604812, -0.7745966692414808508, 0.4472135954999597596 ) ) ;
#1953 = ORIENTED_EDGE ( 'NONE', *, *, #2207, .F. ) ;
#1954 = ORIENTED_EDGE ( 'NONE', *, *, #1851, .F. ) ;
#1955 = DIRECTION ( 'NONE',  ( 1.000000000000000000, 4.930380657631323784E-32, 2.921439046990504887E-16 ) ) ;
#1956 = ORIENTED_EDGE ( 'NONE', *, *, #3103, .T. ) ;
#1957 = LINE ( 'NONE', #1429, #3125 ) ;
#1958 =( NAMED_UNIT ( * ) SI_UNIT ( $, .STERADIAN. ) SOLID_ANGLE_UNIT ( ) );
#1959 = CARTESIAN_POINT ( 'NONE',  ( 12.15688342491891305, -23.59999999999999787, -134.4757204033735150 ) ) ;
#1960 = DIRECTION ( 'NONE',  ( -1.000000000000000000, -7.947846509918635963E-32, -3.083952846180988308E-16 ) ) ;
#1961 = ORIENTED_EDGE ( 'NONE', *, *, #3358, .F. ) ;
#1962 = CYLINDRICAL_SURFACE ( 'NONE', #1888, 10.00000000000000888 ) ;
#1963 = DIRECTION ( 'NONE',  ( 0.000000000000000000, 1.000000000000000000, 0.000000000000000000 ) ) ;
#1964 = PRESENTATION_STYLE_ASSIGNMENT (( #1775 ) ) ;
#1965 = EDGE_CURVE ( 'NONE', #1385, #2827, #1739, .T. ) ;
#1966 = ORIENTED_EDGE ( 'NONE', *, *, #3161, .F. ) ;
#1967 = EDGE_CURVE ( 'NONE', #1783, #1265, #2965, .T. ) ;
#1968 = ORIENTED_EDGE ( 'NONE', *, *, #3013, .F. ) ;
#1969 = CARTESIAN_POINT ( 'NONE',  ( 69.99999999999998579, 3.204747427460359759E-30, 2.053133022852877188E-14 ) ) ;
#1970 = VERTEX_POINT ( 'NONE', #1163 ) ;
#1971 = CARTESIAN_POINT ( 'NONE',  ( 67.00000000000002842, -23.59999999999999787, -142.3996525863348097 ) ) ;
#1972 = SURFACE_SIDE_STYLE ('',( #3262 ) ) ;
#1973 = DIRECTION ( 'NONE',  ( 0.000000000000000000, 0.000000000000000000, 1.000000000000000000 ) ) ;
#1974 = CIRCLE ( 'NONE', #2845, 1.750000000000001554 ) ;
#1975 = ORIENTED_EDGE ( 'NONE', *, *, #220, .T. ) ;
#1976 = CARTESIAN_POINT ( 'NONE',  ( -10.11078307893431649, -23.59999999999853060, -139.6184035378251167 ) ) ;
#1977 = CARTESIAN_POINT ( 'NONE',  ( -38.07060753726500479, -23.62963926387621783, -140.2883184317876157 ) ) ;
#1978 =( LENGTH_UNIT ( ) NAMED_UNIT ( * ) SI_UNIT ( .MILLI., .METRE. ) );
#1979 = VERTEX_POINT ( 'NONE', #1425 ) ;
#1980 = CARTESIAN_POINT ( 'NONE',  ( 52.00000000000002132, 97.31678894128032198, 20.11678894127886963 ) ) ;
#1981 = LINE ( 'NONE', #2241, #110 ) ;
#1982 = ORIENTED_EDGE ( 'NONE', *, *, #2429, .T. ) ;
#1983 = EDGE_CURVE ( 'NONE', #1408, #1979, #152, .T. ) ;
#1984 = CARTESIAN_POINT ( 'NONE',  ( 69.99999999999995737, -10.15197879029934924, -137.5308564657626391 ) ) ;
#1985 = CARTESIAN_POINT ( 'NONE',  ( 35.49999999999993605, -25.64375011589961773, -132.2999999999999829 ) ) ;
#1986 = ORIENTED_EDGE ( 'NONE', *, *, #773, .F. ) ;
#1987 = VECTOR ( 'NONE', #2534, 1000.000000000000000 ) ;
#1988 = EDGE_CURVE ( 'NONE', #58, #3307, #1678, .T. ) ;
#1989 = CARTESIAN_POINT ( 'NONE',  ( -70.00000000000002842, -26.79999999999999716, -155.2999999999999829 ) ) ;
#1990 = CARTESIAN_POINT ( 'NONE',  ( -9.126497308104344341, -23.59999999999999787, -141.0735026918955839 ) ) ;
#1991 = DIRECTION ( 'NONE',  ( 0.000000000000000000, 0.000000000000000000, -1.000000000000000000 ) ) ;
#1992 = VECTOR ( 'NONE', #145, 1000.000000000000114 ) ;
#1993 = AXIS2_PLACEMENT_3D ( 'NONE', #1164, #906, #456 ) ;
#1994 = AXIS2_PLACEMENT_3D ( 'NONE', #2762, #673, #432 ) ;
#1995 = CARTESIAN_POINT ( 'NONE',  ( -31.49999999999993250, -54.44027863626858732, -126.3568542494923861 ) ) ;
#1996 = PLANE ( 'NONE',  #660 ) ;
#1997 = LINE ( 'NONE', #3026, #1759 ) ;
#1998 = ORIENTED_EDGE ( 'NONE', *, *, #878, .T. ) ;
#1999 = FACE_OUTER_BOUND ( 'NONE', #2090, .T. ) ;
#2000 = ORIENTED_EDGE ( 'NONE', *, *, #873, .F. ) ;
#2001 = ORIENTED_EDGE ( 'NONE', *, *, #2006, .F. ) ;
#2002 = CARTESIAN_POINT ( 'NONE',  ( 66.99999999999994316, -23.29560471257144982, -149.9631512481042250 ) ) ;
#2003 = CYLINDRICAL_SURFACE ( 'NONE', #2220, 10.00000000000000888 ) ;
#2004 = AXIS2_PLACEMENT_3D ( 'NONE', #46, #1058, #3096 ) ;
#2005 = ORIENTED_EDGE ( 'NONE', *, *, #1128, .F. ) ;
#2006 = EDGE_CURVE ( 'NONE', #819, #1268, #135, .T. ) ;
#2007 = ORIENTED_EDGE ( 'NONE', *, *, #436, .F. ) ;
#2008 = DIRECTION ( 'NONE',  ( -2.921439046990504887E-16, 0.000000000000000000, 1.000000000000000000 ) ) ;
#2009 = CARTESIAN_POINT ( 'NONE',  ( -9.772766923046438237, -23.59999999999999787, -139.4905908970439725 ) ) ;
#2010 = CARTESIAN_POINT ( 'NONE',  ( -70.00000000000005684, -21.54999999999999361, -145.6426279727571398 ) ) ;
#2011 = EDGE_CURVE ( 'NONE', #1970, #2034, #2463, .T. ) ;
#2012 = ORIENTED_EDGE ( 'NONE', *, *, #650, .F. ) ;
#2013 = DIRECTION ( 'NONE',  ( 0.000000000000000000, 1.000000000000000000, 0.000000000000000000 ) ) ;
#2014 = CARTESIAN_POINT ( 'NONE',  ( 66.99999999999994316, -18.04999999999998295, -145.9827935137481916 ) ) ;
#2015 = CARTESIAN_POINT ( 'NONE',  ( 52.00000000000002132, -22.60000000000000142, -107.2000000000001165 ) ) ;
#2016 = ORIENTED_EDGE ( 'NONE', *, *, #1965, .T. ) ;
#2017 = DIRECTION ( 'NONE',  ( -3.994651572012802978E-32, -1.000000000000000000, 0.000000000000000000 ) ) ;
#2018 = CARTESIAN_POINT ( 'NONE',  ( 52.00000000000002132, -20.60000000000000853, -133.7999999999999545 ) ) ;
#2019 = VERTEX_POINT ( 'NONE', #2981 ) ;
#2020 = FACE_BOUND ( 'NONE', #1928, .T. ) ;
#2021 = CARTESIAN_POINT ( 'NONE',  ( -70.00000000000001421, -0.03440934984277194131, -97.11276151311160731 ) ) ;
#2022 = CARTESIAN_POINT ( 'NONE',  ( -67.00000000000002842, -23.29560471257144627, -149.9631512481042535 ) ) ;
#2023 = ORIENTED_EDGE ( 'NONE', *, *, #707, .F. ) ;
#2024 = ORIENTED_EDGE ( 'NONE', *, *, #1927, .F. ) ;
#2025 = VECTOR ( 'NONE', #336, 1000.000000000000000 ) ;
#2026 = FACE_OUTER_BOUND ( 'NONE', #1524, .T. ) ;
#2027 = CARTESIAN_POINT ( 'NONE',  ( 53.99999999999995026, -22.60000000000000142, -114.2000000000000881 ) ) ;
#2028 = ADVANCED_FACE ( 'NONE', ( #648 ), #1688, .F. ) ;
#2029 = DIRECTION ( 'NONE',  ( -1.000000000000000000, 0.000000000000000000, 0.000000000000000000 ) ) ;
#2030 = VECTOR ( 'NONE', #1913, 1000.000000000000000 ) ;
#2031 = CARTESIAN_POINT ( 'NONE',  ( -35.49999999999993605, -54.44027863626858732, -126.3568542494923861 ) ) ;
#2032 = VECTOR ( 'NONE', #861, 1000.000000000000000 ) ;
#2033 = EDGE_CURVE ( 'NONE', #1340, #771, #1830, .T. ) ;
#2034 = VERTEX_POINT ( 'NONE', #1245 ) ;
#2035 = EDGE_CURVE ( 'NONE', #180, #1818, #491, .T. ) ;
#2036 = CARTESIAN_POINT ( 'NONE',  ( 0.000000000000000000, -20.60000000000000142, -104.2000000000001165 ) ) ;
#2037 = CARTESIAN_POINT ( 'NONE',  ( -38.49999999999993605, -23.60000000000000853, -135.2999999999999829 ) ) ;
#2038 = DIRECTION ( 'NONE',  ( -0.000000000000000000, -0.000000000000000000, 1.000000000000000000 ) ) ;
#2039 = VERTEX_POINT ( 'NONE', #3359 ) ;
#2040 = CARTESIAN_POINT ( 'NONE',  ( -92.90000000000033253, -23.59999999999999787, -92.89999999999905356 ) ) ;
#2041 = EDGE_CURVE ( 'NONE', #2930, #771, #3061, .T. ) ;
#2042 = ORIENTED_EDGE ( 'NONE', *, *, #2548, .T. ) ;
#2043 = VERTEX_POINT ( 'NONE', #1491 ) ;
#2044 = CARTESIAN_POINT ( 'NONE',  ( -53.00000000000000711, -55.52582403567247837, -130.2000000000001023 ) ) ;
#2045 = VERTEX_POINT ( 'NONE', #3081 ) ;
#2046 = EDGE_LOOP ( 'NONE', ( #3339, #908, #2783, #2725, #2445, #652, #1881 ) ) ;
#2047 = CARTESIAN_POINT ( 'NONE',  ( -67.00000000000001421, -27.59999999999999787, -130.2000000000001023 ) ) ;
#2048 = CARTESIAN_POINT ( 'NONE',  ( 67.00000000000001421, -27.59999999999999787, -107.2000000000001876 ) ) ;
#2049 = CARTESIAN_POINT ( 'NONE',  ( -9.782223196531116827, -23.59999999999941522, -140.4177768034695646 ) ) ;
#2050 = DIRECTION ( 'NONE',  ( -0.000000000000000000, 1.000000000000000000, -0.000000000000000000 ) ) ;
#2051 = CARTESIAN_POINT ( 'NONE',  ( 70.00000000000002842, -23.29560471257145338, -149.9631512481042535 ) ) ;
#2052 = CIRCLE ( 'NONE', #675, 3.000000000000002665 ) ;
#2053 = DIRECTION ( 'NONE',  ( -0.7071067811865465735, 0.000000000000000000, -0.7071067811865484609 ) ) ;
#2054 = ORIENTED_EDGE ( 'NONE', *, *, #1229, .F. ) ;
#2055 = CARTESIAN_POINT ( 'NONE',  ( 35.49999999999993605, -26.59999999999999432, -133.9320742633533996 ) ) ;
#2056 = FACE_OUTER_BOUND ( 'NONE', #3116, .T. ) ;
#2057 = ORIENTED_EDGE ( 'NONE', *, *, #2841, .F. ) ;
#2058 = VECTOR ( 'NONE', #2248, 1000.000000000000000 ) ;
#2059 = EDGE_CURVE ( 'NONE', #1268, #2233, #1266, .T. ) ;
#2060 = CIRCLE ( 'NONE', #1613, 3.000000000000002665 ) ;
#2061 = ORIENTED_EDGE ( 'NONE', *, *, #2857, .F. ) ;
#2062 = ADVANCED_FACE ( 'NONE', ( #3340 ), #2294, .F. ) ;
#2063 = DIRECTION ( 'NONE',  ( 0.000000000000000000, 0.000000000000000000, -1.000000000000000000 ) ) ;
#2064 = ORIENTED_EDGE ( 'NONE', *, *, #981, .F. ) ;
#2065 = AXIS2_PLACEMENT_3D ( 'NONE', #3258, #441, #1708 ) ;
#2066 = LINE ( 'NONE', #2370, #3240 ) ;
#2067 = FACE_OUTER_BOUND ( 'NONE', #442, .T. ) ;
#2068 = CARTESIAN_POINT ( 'NONE',  ( 70.00000000000001421, -0.03440934984277194131, -97.11276151311160731 ) ) ;
#2069 = DIRECTION ( 'NONE',  ( 0.000000000000000000, -1.357904873563061212E-16, -1.000000000000000000 ) ) ;
#2070 = CARTESIAN_POINT ( 'NONE',  ( -69.99999999999998579, -18.04999999999998650, 2.053133022852877188E-14 ) ) ;
#2071 = CARTESIAN_POINT ( 'NONE',  ( -35.49999999999993605, -26.34111079356654983, -134.1858364431704160 ) ) ;
#2072 = DIRECTION ( 'NONE',  ( 1.000000000000000000, 0.000000000000000000, 2.885194970439601952E-16 ) ) ;
#2073 = FACE_OUTER_BOUND ( 'NONE', #2710, .T. ) ;
#2074 = EDGE_CURVE ( 'NONE', #405, #1289, #1024, .T. ) ;
#2075 = ORIENTED_EDGE ( 'NONE', *, *, #1674, .T. ) ;
#2076 =( BOUNDED_SURFACE ( )  B_SPLINE_SURFACE ( 3, 2, ( 
 ( #111, #1139, #2287 ),
 ( #2253, #211, #963 ),
 ( #246, #3053, #193 ),
 ( #232, #978, #3022 ),
 ( #3299, #3281, #2535 ),
 ( #1464, #3036, #1483 ),
 ( #2517, #501, #1221 ),
 ( #3330, #1273, #2323 ),
 ( #2812, #1254, #691 ),
 ( #2793, #927, #1791 ),
 ( #2830, #2501, #1239 ),
 ( #2009, #1976, #1714 ),
 ( #726, #943, #2049 ),
 ( #1503, #1990, #1520 ) ),
 .UNSPECIFIED., .F., .F., .T. ) 
 B_SPLINE_SURFACE_WITH_KNOTS ( ( 4, 2, 2, 2, 2, 2, 4 ),
 ( 3, 3 ),
 ( 0.006236048546383968563, 0.007523184394248742628, 0.008810320242113516692, 0.01009745608997829162, 0.01138459193784306656, 0.01395886363357261642, 0.01653313532930216628 ),
 ( 0.000000000000000000, 1.000000000000000000 ),
 .UNSPECIFIED. ) 
 GEOMETRIC_REPRESENTATION_ITEM ( )  RATIONAL_B_SPLINE_SURFACE ( (
 ( 1.000000000000000000, 0.7263772527658027833, 1.000000000000000000),
 ( 1.000000000000000000, 0.7497251494409211681, 1.000000000000000000),
 ( 1.000000000000000000, 0.7715932196074821725, 1.000000000000000000),
 ( 1.000000000000000000, 0.8123273106921717890, 1.000000000000000000),
 ( 1.000000000000000000, 0.8311909072890665273, 1.000000000000000000),
 ( 1.000000000000000000, 0.8658701171074597580, 1.000000000000000000),
 ( 1.000000000000000000, 0.8816955987424839325, 1.000000000000000000),
 ( 1.000000000000000000, 0.9102610679878069266, 1.000000000000000000),
 ( 1.000000000000000000, 0.9229603129822343544, 1.000000000000000000),
 ( 1.000000000000000000, 0.9565435163176878586, 1.000000000000000000),
 ( 1.000000000000000000, 0.9729297534825065430, 1.000000000000000000),
 ( 1.000000000000000000, 0.9946548678979467706, 1.000000000000000000),
 ( 1.000000000000000000, 0.9999888892711288335, 1.000000000000000000),
 ( 1.000000000000000000, 1.000000000000000000, 1.000000000000000000) ) ) 
 REPRESENTATION_ITEM ( '' )  SURFACE ( )  );
#2077 = CARTESIAN_POINT ( 'NONE',  ( 67.00000000000000000, 55.59999999999985221, -55.59999999999918430 ) ) ;
#2078 = ADVANCED_FACE ( 'NONE', ( #1508 ), #1228, .F. ) ;
#2079 = ORIENTED_EDGE ( 'NONE', *, *, #450, .F. ) ;
#2080 = ORIENTED_EDGE ( 'NONE', *, *, #62, .F. ) ;
#2081 = DIRECTION ( 'NONE',  ( 0.000000000000000000, -0.7071067811865516806, 0.7071067811865434649 ) ) ;
#2082 = PLANE ( 'NONE',  #1671 ) ;
#2083 = LINE ( 'NONE', #3106, #1579 ) ;
#2084 = CARTESIAN_POINT ( 'NONE',  ( -35.49999999999993605, -25.47742949459598449, -132.4547787783540116 ) ) ;
#2085 = VECTOR ( 'NONE', #2666, 1000.000000000000000 ) ;
#2086 = CARTESIAN_POINT ( 'NONE',  ( -30.50000000000002487, -28.60000000000000142, -127.2000000000000313 ) ) ;
#2087 = DIRECTION ( 'NONE',  ( 1.000000000000000000, -1.543967230958434817E-16, -3.083952846180988308E-16 ) ) ;
#2088 = CARTESIAN_POINT ( 'NONE',  ( -53.00000000000000711, -55.52582403567247837, -107.2000000000001450 ) ) ;
#2089 = CARTESIAN_POINT ( 'NONE',  ( -35.72356469826919323, -25.44364758451001052, -135.2774394378312763 ) ) ;
#2090 = EDGE_LOOP ( 'NONE', ( #3342, #1269, #2054, #1968, #843, #2620, #1223, #3149, #642, #2016, #2945 ) ) ;
#2091 = STYLED_ITEM ( 'NONE', ( #3002 ), #2545 ) ;
#2092 = DIRECTION ( 'NONE',  ( 1.000000000000000000, -0.000000000000000000, 2.715809747126122424E-16 ) ) ;
#2093 = VECTOR ( 'NONE', #1850, 1000.000000000000000 ) ;
#2094 = DIRECTION ( 'NONE',  ( 0.000000000000000000, 0.000000000000000000, 1.000000000000000000 ) ) ;
#2095 = VECTOR ( 'NONE', #3058, 1000.000000000000000 ) ;
#2096 = VERTEX_POINT ( 'NONE', #1800 ) ;
#2097 = EDGE_CURVE ( 'NONE', #2791, #1340, #1529, .T. ) ;
#2098 = ORIENTED_EDGE ( 'NONE', *, *, #1983, .T. ) ;
#2099 = DIRECTION ( 'NONE',  ( -1.000000000000000000, 0.000000000000000000, -0.000000000000000000 ) ) ;
#2100 = ORIENTED_EDGE ( 'NONE', *, *, #2425, .F. ) ;
#2101 = ORIENTED_EDGE ( 'NONE', *, *, #1499, .F. ) ;
#2102 = EDGE_CURVE ( 'NONE', #921, #1262, #732, .T. ) ;
#2103 = DIRECTION ( 'NONE',  ( -1.000000000000000000, -7.947846509918635963E-32, -3.083952846180988308E-16 ) ) ;
#2104 = CARTESIAN_POINT ( 'NONE',  ( 13.24314575050808429, -23.92021085505092515, -135.2999999999999829 ) ) ;
#2105 = DIRECTION ( 'NONE',  ( 2.715809747126122424E-16, 0.000000000000000000, 1.000000000000000000 ) ) ;
#2106 = CARTESIAN_POINT ( 'NONE',  ( 70.00000000000001421, -26.99999999999989697, -104.2000000000001023 ) ) ;
#2107 = EDGE_CURVE ( 'NONE', #378, #1109, #716, .T. ) ;
#2108 = PLANE ( 'NONE',  #2327 ) ;
#2109 = CARTESIAN_POINT ( 'NONE',  ( 67.00000000000004263, -22.60000000000000142, -133.7999999999999545 ) ) ;
#2110 = ORIENTED_EDGE ( 'NONE', *, *, #767, .T. ) ;
#2111 = VECTOR ( 'NONE', #1963, 1000.000000000000000 ) ;
#2112 = DIRECTION ( 'NONE',  ( -1.000000000000000000, 4.275826894170391137E-33, 3.083952846180988308E-16 ) ) ;
#2113 = EDGE_LOOP ( 'NONE', ( #3264, #1091, #2061, #1450, #506, #140, #300 ) ) ;
#2114 = VERTEX_POINT ( 'NONE', #521 ) ;
#2115 = DIRECTION ( 'NONE',  ( -1.000000000000000000, 3.994651572012802978E-32, 0.000000000000000000 ) ) ;
#2116 = DIRECTION ( 'NONE',  ( 0.000000000000000000, -0.000000000000000000, -1.000000000000000000 ) ) ;
#2117 = CARTESIAN_POINT ( 'NONE',  ( -67.00000000000002842, -26.79999999999999716, -155.2999999999999829 ) ) ;
#2118 = CARTESIAN_POINT ( 'NONE',  ( -35.52704570029738562, -25.10000000000002274, -132.7019237886466385 ) ) ;
#2119 = EDGE_CURVE ( 'NONE', #2045, #1583, #1761, .T. ) ;
#2120 = ORIENTED_EDGE ( 'NONE', *, *, #1169, .F. ) ;
#2121 = DIRECTION ( 'NONE',  ( 3.994651572012802978E-32, 1.000000000000000000, 0.000000000000000000 ) ) ;
#2122 = DIRECTION ( 'NONE',  ( 1.000000000000000000, -0.000000000000000000, 0.000000000000000000 ) ) ;
#2123 = ORIENTED_EDGE ( 'NONE', *, *, #204, .F. ) ;
#2124 = ADVANCED_FACE ( 'NONE', ( #2396 ), #60, .T. ) ;
#2125 = CARTESIAN_POINT ( 'NONE',  ( 35.49999999999993605, -24.84264068711928530, -134.0573593128806920 ) ) ;
#2126 = ORIENTED_EDGE ( 'NONE', *, *, #2548, .F. ) ;
#2127 = DIRECTION ( 'NONE',  ( -0.000000000000000000, 1.000000000000000000, 0.000000000000000000 ) ) ;
#2128 = CYLINDRICAL_SURFACE ( 'NONE', #794, 4.000000000000003553 ) ;
#2129 = DIRECTION ( 'NONE',  ( 1.155269069963156552E-16, 0.9271838545667887566, 0.3746065934159089061 ) ) ;
#2130 = ORIENTED_EDGE ( 'NONE', *, *, #816, .T. ) ;
#2131 = VERTEX_POINT ( 'NONE', #2139 ) ;
#2132 = DIRECTION ( 'NONE',  ( 0.000000000000000000, 0.000000000000000000, -1.000000000000000000 ) ) ;
#2133 = CARTESIAN_POINT ( 'NONE',  ( -67.00000000000001421, -27.59999999999999787, -104.8000000000001393 ) ) ;
#2134 = FACE_OUTER_BOUND ( 'NONE', #904, .T. ) ;
#2135 = FACE_OUTER_BOUND ( 'NONE', #2243, .T. ) ;
#2136 = EDGE_LOOP ( 'NONE', ( #789, #2098, #616, #1106 ) ) ;
#2137 = EDGE_CURVE ( 'NONE', #2768, #1290, #1864, .T. ) ;
#2138 = DIRECTION ( 'NONE',  ( -1.000000000000000000, 1.543967230958434817E-16, 3.083952846180988801E-16 ) ) ;
#2139 = CARTESIAN_POINT ( 'NONE',  ( 67.00000000000001421, -27.59999999999999787, -107.2000000000001876 ) ) ;
#2140 = EDGE_CURVE ( 'NONE', #2637, #3168, #3160, .T. ) ;
#2141 = VECTOR ( 'NONE', #2259, 1000.000000000000000 ) ;
#2142 = EDGE_CURVE ( 'NONE', #2709, #740, #2752, .T. ) ;
#2143 = FACE_OUTER_BOUND ( 'NONE', #2615, .T. ) ;
#2144 = DIRECTION ( 'NONE',  ( -3.994651572012802978E-32, -1.000000000000000000, 0.000000000000000000 ) ) ;
#2145 = VECTOR ( 'NONE', #527, 999.9999999999998863 ) ;
#2146 = ORIENTED_EDGE ( 'NONE', *, *, #1229, .T. ) ;
#2147 = EDGE_CURVE ( 'NONE', #2565, #2866, #1563, .T. ) ;
#2148 = VECTOR ( 'NONE', #1280, 1000.000000000000000 ) ;
#2149 = CARTESIAN_POINT ( 'NONE',  ( -141.0000000000000284, -18.04999999999998295, -145.9827935137482484 ) ) ;
#2150 = DIRECTION ( 'NONE',  ( 0.000000000000000000, 0.000000000000000000, -1.000000000000000000 ) ) ;
#2151 = ORIENTED_EDGE ( 'NONE', *, *, #3003, .F. ) ;
#2152 = AXIS2_PLACEMENT_3D ( 'NONE', #842, #1379, #2952 ) ;
#2153 = ORIENTED_EDGE ( 'NONE', *, *, #2552, .F. ) ;
#2154 = VECTOR ( 'NONE', #729, 1000.000000000000000 ) ;
#2155 = DIRECTION ( 'NONE',  ( 0.000000000000000000, 0.000000000000000000, 1.000000000000000000 ) ) ;
#2156 = DIRECTION ( 'NONE',  ( 0.000000000000000000, 0.000000000000000000, -1.000000000000000000 ) ) ;
#2157 = DIRECTION ( 'NONE',  ( 0.000000000000000000, -0.000000000000000000, -1.000000000000000000 ) ) ;
#2158 = CARTESIAN_POINT ( 'NONE',  ( -11.70189309051750293, -23.60000000000000853, -135.2999999999999829 ) ) ;
#2159 = DIRECTION ( 'NONE',  ( 0.000000000000000000, 0.3746065934159182875, 0.9271838545667848708 ) ) ;
#2160 = EDGE_LOOP ( 'NONE', ( #2377, #2382, #2909, #1738, #1495, #2079, #3080, #2101 ) ) ;
#2161 = CARTESIAN_POINT ( 'NONE',  ( 67.00000000000004263, -22.60000000000000142, -133.7999999999999545 ) ) ;
#2162 = CARTESIAN_POINT ( 'NONE',  ( 38.49999999999993605, -26.59999999999999787, 0.000000000000000000 ) ) ;
#2163 = EDGE_CURVE ( 'NONE', #1408, #1347, #2925, .T. ) ;
#2164 = VERTEX_POINT ( 'NONE', #1689 ) ;
#2165 = VECTOR ( 'NONE', #1617, 1000.000000000000000 ) ;
#2166 = EDGE_CURVE ( 'NONE', #139, #676, #2995, .T. ) ;
#2167 = ORIENTED_EDGE ( 'NONE', *, *, #2874, .F. ) ;
#2168 = EDGE_LOOP ( 'NONE', ( #1954, #896, #540, #2624 ) ) ;
#2169 = VECTOR ( 'NONE', #780, 999.9999999999998863 ) ;
#2170 = VECTOR ( 'NONE', #2956, 1000.000000000000114 ) ;
#2171 = CARTESIAN_POINT ( 'NONE',  ( 70.00000000000001421, -26.99999999999989697, -104.2000000000001023 ) ) ;
#2172 = DIRECTION ( 'NONE',  ( 0.000000000000000000, 1.000000000000000000, -0.000000000000000000 ) ) ;
#2173 = CARTESIAN_POINT ( 'NONE',  ( 35.49999999999993605, -26.59999999999999787, -132.2999999999999829 ) ) ;
#2174 = LINE ( 'NONE', #1909, #48 ) ;
#2175 = ORIENTED_EDGE ( 'NONE', *, *, #228, .F. ) ;
#2176 = CARTESIAN_POINT ( 'NONE',  ( 52.00000000000002132, -27.59999999999999787, -114.2000000000000881 ) ) ;
#2177 = DIRECTION ( 'NONE',  ( -1.000000000000000000, -0.000000000000000000, 2.715809747126122424E-16 ) ) ;
#2178 = AXIS2_PLACEMENT_3D ( 'NONE', #1090, #567, #2892 ) ;
#2179 = VECTOR ( 'NONE', #3354, 1000.000000000000000 ) ;
#2180 = DIRECTION ( 'NONE',  ( 0.7071067811865481278, -0.000000000000000000, -0.7071067811865470176 ) ) ;
#2181 = ORIENTED_EDGE ( 'NONE', *, *, #2976, .F. ) ;
#2182 = ADVANCED_FACE ( 'NONE', ( #3335 ), #1000, .T. ) ;
#2183 = LINE ( 'NONE', #337, #2814 ) ;
#2184 = CARTESIAN_POINT ( 'NONE',  ( 0.000000000000000000, -20.60000000000000142, 0.000000000000000000 ) ) ;
#2185 = LINE ( 'NONE', #871, #1004 ) ;
#2186 = ORIENTED_EDGE ( 'NONE', *, *, #3292, .T. ) ;
#2187 = VERTEX_POINT ( 'NONE', #1539 ) ;
#2188 = EDGE_CURVE ( 'NONE', #3198, #100, #1981, .T. ) ;
#2189 = DIRECTION ( 'NONE',  ( 1.000000000000000000, 0.000000000000000000, 2.885194970439601952E-16 ) ) ;
#2190 = CARTESIAN_POINT ( 'NONE',  ( 12.60465872483253058, -23.59999999999999787, -133.7490867844656179 ) ) ;
#2191 = ORIENTED_EDGE ( 'NONE', *, *, #267, .T. ) ;
#2192 = UNCERTAINTY_MEASURE_WITH_UNIT (LENGTH_MEASURE( 1.000000000000000082E-05 ), #1978, 'distance_accuracy_value', 'NONE');
#2193 = LINE ( 'NONE', #882, #369 ) ;
#2194 = CARTESIAN_POINT ( 'NONE',  ( -37.81600083955751046, -23.67393979768960932, -139.8198045690800200 ) ) ;
#2195 = LINE ( 'NONE', #2301, #1987 ) ;
#2196 = ORIENTED_EDGE ( 'NONE', *, *, #1653, .T. ) ;
#2197 = CARTESIAN_POINT ( 'NONE',  ( 70.00000000000000000, 49.09467705488602007, -26.10410283445749258 ) ) ;
#2198 = AXIS2_PLACEMENT_3D ( 'NONE', #245, #2081, #2569 ) ;
#2199 = FACE_BOUND ( 'NONE', #1206, .T. ) ;
#2200 = CARTESIAN_POINT ( 'NONE',  ( 28.37867965644029411, -54.44027863626858732, -121.8213203435596625 ) ) ;
#2201 = ORIENTED_EDGE ( 'NONE', *, *, #2279, .T. ) ;
#2202 = EDGE_CURVE ( 'NONE', #1080, #2917, #1720, .T. ) ;
#2203 = ORIENTED_EDGE ( 'NONE', *, *, #368, .T. ) ;
#2204 = ORIENTED_EDGE ( 'NONE', *, *, #878, .F. ) ;
#2205 = DIRECTION ( 'NONE',  ( 0.000000000000000000, 0.000000000000000000, -1.000000000000000000 ) ) ;
#2206 = CARTESIAN_POINT ( 'NONE',  ( 12.84040474625077266, -23.59999999999999787, -133.3943280491809276 ) ) ;
#2207 = EDGE_CURVE ( 'NONE', #2131, #3307, #3075, .T. ) ;
#2208 = ORIENTED_EDGE ( 'NONE', *, *, #79, .T. ) ;
#2209 = DIRECTION ( 'NONE',  ( 0.000000000000000000, 0.000000000000000000, -1.000000000000000000 ) ) ;
#2210 = CARTESIAN_POINT ( 'NONE',  ( -67.00000000000001421, -20.60000000000000142, -140.2999999999999829 ) ) ;
#2211 =( BOUNDED_CURVE ( )  B_SPLINE_CURVE ( 3, ( #1939, #380, #3151, #342 ),
 .UNSPECIFIED., .F., .T. ) 
 B_SPLINE_CURVE_WITH_KNOTS ( ( 4, 4 ),
 ( 3.141592653589793116, 4.578010322622946049 ),
 .UNSPECIFIED. ) 
 CURVE ( )  GEOMETRIC_REPRESENTATION_ITEM ( )  RATIONAL_B_SPLINE_CURVE ( ( 1.000000000000000000, 0.8353237263834083492, 0.8353237263834083492, 1.000000000000000000 ) ) 
 REPRESENTATION_ITEM ( '' )  );
#2212 = FACE_BOUND ( 'NONE', #3141, .T. ) ;
#2213 = ORIENTED_EDGE ( 'NONE', *, *, #1213, .F. ) ;
#2214 = CARTESIAN_POINT ( 'NONE',  ( 0.000000000000000000, -27.59999999999999787, -124.2000000000000881 ) ) ;
#2215 = DIRECTION ( 'NONE',  ( 0.000000000000000000, -1.000000000000000000, 0.000000000000000000 ) ) ;
#2216 = EDGE_LOOP ( 'NONE', ( #1364, #727, #2655, #815 ) ) ;
#2217 = VERTEX_POINT ( 'NONE', #1246 ) ;
#2218 = DIRECTION ( 'NONE',  ( 0.000000000000000000, 0.000000000000000000, -1.000000000000000000 ) ) ;
#2219 = CARTESIAN_POINT ( 'NONE',  ( 11.12110751363297645, -23.59999999999999787, -138.2030883894797455 ) ) ;
#2220 = AXIS2_PLACEMENT_3D ( 'NONE', #925, #1218, #1973 ) ;
#2221 = ORIENTED_EDGE ( 'NONE', *, *, #3231, .T. ) ;
#2222 = AXIS2_PLACEMENT_3D ( 'NONE', #1513, #2563, #257 ) ;
#2223 = CARTESIAN_POINT ( 'NONE',  ( -70.00000000000002842, -19.60000000000002984, -155.2999999999999829 ) ) ;
#2224 = EDGE_CURVE ( 'NONE', #700, #2467, #665, .T. ) ;
#2225 = CARTESIAN_POINT ( 'NONE',  ( 37.31927415551825788, -23.83658495794422194, -138.8882064431314802 ) ) ;
#2226 = ADVANCED_FACE ( 'NONE', ( #1509 ), #1212, .F. ) ;
#2227 = DIRECTION ( 'NONE',  ( 2.397917678887815920E-16, -0.4694715627858939144, -0.8829475928589252121 ) ) ;
#2228 = ORIENTED_EDGE ( 'NONE', *, *, #1610, .F. ) ;
#2229 = LINE ( 'NONE', #1475, #1362 ) ;
#2230 = ORIENTED_EDGE ( 'NONE', *, *, #1023, .T. ) ;
#2231 = PLANE ( 'NONE',  #1667 ) ;
#2232 = CARTESIAN_POINT ( 'NONE',  ( -30.49999999999992184, -54.44027863626858732, -123.9426406871192938 ) ) ;
#2233 = VERTEX_POINT ( 'NONE', #1298 ) ;
#2234 = CARTESIAN_POINT ( 'NONE',  ( 0.000000000000000000, -23.60000000000000853, -135.2999999999999829 ) ) ;
#2235 = CARTESIAN_POINT ( 'NONE',  ( 35.53284503706665731, -26.10066809554505696, -134.4489623501664255 ) ) ;
#2236 = CARTESIAN_POINT ( 'NONE',  ( -36.84446180221806344, -24.09162931311130507, -137.9598591848073283 ) ) ;
#2237 = EDGE_CURVE ( 'NONE', #926, #3200, #569, .T. ) ;
#2238 = DIRECTION ( 'NONE',  ( 0.000000000000000000, 0.000000000000000000, 1.000000000000000000 ) ) ;
#2239 = ORIENTED_EDGE ( 'NONE', *, *, #1250, .F. ) ;
#2240 = ADVANCED_FACE ( 'NONE', ( #2879 ), #1282, .T. ) ;
#2241 = CARTESIAN_POINT ( 'NONE',  ( -0.000000000000000000, -28.60000000000000142, -132.4132486540518414 ) ) ;
#2242 = CARTESIAN_POINT ( 'NONE',  ( -67.00000000000001421, -22.60000000000000142, 0.000000000000000000 ) ) ;
#2243 = EDGE_LOOP ( 'NONE', ( #661, #3289, #1097, #1510 ) ) ;
#2244 = EDGE_CURVE ( 'NONE', #2496, #2827, #2864, .T. ) ;
#2245 = VERTEX_POINT ( 'NONE', #1530 ) ;
#2246 = LINE ( 'NONE', #222, #94 ) ;
#2247 = SHAPE_DEFINITION_REPRESENTATION ( #1548, #2545 ) ;
#2248 = DIRECTION ( 'NONE',  ( 1.000000000000000000, 0.000000000000000000, 2.885194970439601952E-16 ) ) ;
#2249 = CARTESIAN_POINT ( 'NONE',  ( -30.50000000000002487, -26.59999999999999787, -125.2000000000000313 ) ) ;
#2250 = CIRCLE ( 'NONE', #18, 1.750000000000001554 ) ;
#2251 = ORIENTED_EDGE ( 'NONE', *, *, #354, .T. ) ;
#2252 = VERTEX_POINT ( 'NONE', #2316 ) ;
#2253 = CARTESIAN_POINT ( 'NONE',  ( -13.61254129023783754, -23.59999999999999787, -132.3774992407693958 ) ) ;
#2254 = CARTESIAN_POINT ( 'NONE',  ( 38.41447583183779102, -23.60000000000000142, -140.9173574980492845 ) ) ;
#2255 = EDGE_LOOP ( 'NONE', ( #2175, #217, #1182, #1638 ) ) ;
#2256 = LINE ( 'NONE', #3057, #1816 ) ;
#2257 = LINE ( 'NONE', #181, #884 ) ;
#2258 = ORIENTED_EDGE ( 'NONE', *, *, #773, .T. ) ;
#2259 = DIRECTION ( 'NONE',  ( -1.920367488605394590E-16, 0.7071067811865511255, 0.7071067811865440200 ) ) ;
#2260 = CARTESIAN_POINT ( 'NONE',  ( 70.00000000000002842, -19.79999999999998295, -145.9827935137481916 ) ) ;
#2261 = EDGE_CURVE ( 'NONE', #1299, #1156, #537, .T. ) ;
#2262 = ORIENTED_EDGE ( 'NONE', *, *, #2444, .F. ) ;
#2263 = CARTESIAN_POINT ( 'NONE',  ( -70.00000000000002842, -33.00000000000000711, -147.8747394397508970 ) ) ;
#2264 = CARTESIAN_POINT ( 'NONE',  ( -67.00000000000000000, 49.09467705488607692, -26.10410283445755653 ) ) ;
#2265 = ADVANCED_FACE ( 'NONE', ( #1566 ), #2835, .F. ) ;
#2266 = ORIENTED_EDGE ( 'NONE', *, *, #608, .F. ) ;
#2267 = CARTESIAN_POINT ( 'NONE',  ( 66.99999999999998579, 29.17134566577912835, -11.78598869187744569 ) ) ;
#2268 = DIRECTION ( 'NONE',  ( 0.000000000000000000, 0.000000000000000000, -1.000000000000000000 ) ) ;
#2269 = DIRECTION ( 'NONE',  ( 1.000000000000000000, 0.000000000000000000, 0.000000000000000000 ) ) ;
#2270 = VECTOR ( 'NONE', #2627, 1000.000000000000000 ) ;
#2271 = VECTOR ( 'NONE', #634, 1000.000000000000000 ) ;
#2272 = VECTOR ( 'NONE', #1113, 1000.000000000000000 ) ;
#2273 = DIRECTION ( 'NONE',  ( -1.000000000000000000, 0.000000000000000000, 0.000000000000000000 ) ) ;
#2274 = CARTESIAN_POINT ( 'NONE',  ( 11.75053977635965552, -23.59999999999999787, -138.4494602236402727 ) ) ;
#2275 = DIRECTION ( 'NONE',  ( 0.000000000000000000, 0.000000000000000000, 1.000000000000000000 ) ) ;
#2276 = EDGE_LOOP ( 'NONE', ( #811, #3067, #3076, #2110 ) ) ;
#2277 = CARTESIAN_POINT ( 'NONE',  ( 67.00000000000001421, -27.59999999999999787, -107.2000000000001876 ) ) ;
#2278 = ORIENTED_EDGE ( 'NONE', *, *, #834, .F. ) ;
#2279 = EDGE_CURVE ( 'NONE', #907, #2984, #1831, .T. ) ;
#2280 = CARTESIAN_POINT ( 'NONE',  ( -67.00000000000002842, -19.79999999999998650, -143.7426406871193194 ) ) ;
#2281 = CARTESIAN_POINT ( 'NONE',  ( -9.626084808193661857, -23.60000000000000142, -139.8539038654071760 ) ) ;
#2282 = ADVANCED_FACE ( 'NONE', ( #2073 ), #1311, .F. ) ;
#2283 = VERTEX_POINT ( 'NONE', #2398 ) ;
#2284 = ORIENTED_EDGE ( 'NONE', *, *, #1089, .T. ) ;
#2285 = EDGE_CURVE ( 'NONE', #1663, #2422, #63, .T. ) ;
#2286 = DIRECTION ( 'NONE',  ( 1.000000000000000000, 0.000000000000000000, -3.083952846180988308E-16 ) ) ;
#2287 = CARTESIAN_POINT ( 'NONE',  ( -16.10160450288163148, -26.43425651998643033, -134.0983954971183039 ) ) ;
#2288 = CARTESIAN_POINT ( 'NONE',  ( -38.49999999999993605, -26.59999999999999787, 0.000000000000000000 ) ) ;
#2289 = CARTESIAN_POINT ( 'NONE',  ( -35.49999999999993605, -26.59999999999999787, -132.2999999999999829 ) ) ;
#2290 = ORIENTED_EDGE ( 'NONE', *, *, #1257, .F. ) ;
#2291 = CARTESIAN_POINT ( 'NONE',  ( -67.00000000000001421, -20.60000000000000142, 0.000000000000000000 ) ) ;
#2292 = CARTESIAN_POINT ( 'NONE',  ( -70.00000000000002842, -21.67303296707958182, -150.6187127865821083 ) ) ;
#2293 = VERTEX_POINT ( 'NONE', #1676 ) ;
#2294 = CYLINDRICAL_SURFACE ( 'NONE', #3044, 4.000000000000003553 ) ;
#2295 = ORIENTED_EDGE ( 'NONE', *, *, #2279, .F. ) ;
#2296 = CARTESIAN_POINT ( 'NONE',  ( 52.00000000000002132, -27.59999999999998721, -1.775565730949279002E-14 ) ) ;
#2297 = LINE ( 'NONE', #1785, #3107 ) ;
#2298 = ORIENTED_EDGE ( 'NONE', *, *, #3060, .F. ) ;
#2299 = ORIENTED_EDGE ( 'NONE', *, *, #1691, .T. ) ;
#2300 = AXIS2_PLACEMENT_3D ( 'NONE', #2415, #83, #854 ) ;
#2301 = CARTESIAN_POINT ( 'NONE',  ( -52.00000000000002132, -20.60000000000000142, 0.000000000000000000 ) ) ;
#2302 = DIRECTION ( 'NONE',  ( 0.000000000000000000, -0.8992041110872031062, -0.4375293894172972431 ) ) ;
#2303 = CARTESIAN_POINT ( 'NONE',  ( -67.00000000000001421, -22.79999999999998650, -155.2999999999999545 ) ) ;
#2304 = AXIS2_PLACEMENT_3D ( 'NONE', #2355, #1842, #1572 ) ;
#2305 = PLANE ( 'NONE',  #1059 ) ;
#2306 = EDGE_CURVE ( 'NONE', #2467, #3346, #866, .T. ) ;
#2307 = COLOUR_RGB ( '',0.7921568627450980005, 0.8196078431372548767, 0.9333333333333333481 ) ;
#2308 = DIRECTION ( 'NONE',  ( -0.000000000000000000, -1.000000000000000000, 0.000000000000000000 ) ) ;
#2309 = ORIENTED_EDGE ( 'NONE', *, *, #2147, .F. ) ;
#2310 = CARTESIAN_POINT ( 'NONE',  ( 67.00000000000000000, -21.67303296707958182, -150.6187127865820798 ) ) ;
#2311 = CARTESIAN_POINT ( 'NONE',  ( 70.00000000000002842, -21.67303296707958182, -150.6187127865820798 ) ) ;
#2312 = EDGE_CURVE ( 'NONE', #638, #910, #1949, .T. ) ;
#2313 = VECTOR ( 'NONE', #2127, 1000.000000000000000 ) ;
#2314 = ORIENTED_EDGE ( 'NONE', *, *, #1927, .T. ) ;
#2315 = CARTESIAN_POINT ( 'NONE',  ( -51.66666666666667140, -22.93333333333335133, -134.1333333333332973 ) ) ;
#2316 = CARTESIAN_POINT ( 'NONE',  ( -70.00000000000005684, -18.17742825450810429, -146.6383550522260180 ) ) ;
#2317 = VERTEX_POINT ( 'NONE', #1360 ) ;
#2318 = CARTESIAN_POINT ( 'NONE',  ( 69.99999999999998579, 32.06004895981227065, -12.95310058132343300 ) ) ;
#2319 = LINE ( 'NONE', #2077, #3183 ) ;
#2320 = ORIENTED_EDGE ( 'NONE', *, *, #2612, .T. ) ;
#2321 = VERTEX_POINT ( 'NONE', #96 ) ;
#2322 = CARTESIAN_POINT ( 'NONE',  ( 15.70869867072288351, -25.94137579205385080, -134.4519822324137408 ) ) ;
#2323 = CARTESIAN_POINT ( 'NONE',  ( -13.55830624329937351, -24.62977270814295139, -136.6416937567608159 ) ) ;
#2324 = DIRECTION ( 'NONE',  ( -0.7071067811865470176, 0.000000000000000000, -0.7071067811865481278 ) ) ;
#2325 = VECTOR ( 'NONE', #890, 1000.000000000000000 ) ;
#2326 = ADVANCED_FACE ( 'NONE', ( #1915 ), #2910, .F. ) ;
#2327 = AXIS2_PLACEMENT_3D ( 'NONE', #3126, #42, #798 ) ;
#2328 = VERTEX_POINT ( 'NONE', #3181 ) ;
#2329 = CARTESIAN_POINT ( 'NONE',  ( -67.00000000000001421, -31.00000000000000000, -104.2000000000001023 ) ) ;
#2330 = CARTESIAN_POINT ( 'NONE',  ( 9.524832802054927328, -23.59999999999889297, -140.0980698633195800 ) ) ;
#2331 = CARTESIAN_POINT ( 'NONE',  ( -35.49999999999993605, -26.59999999999999432, -133.9320742633533996 ) ) ;
#2332 = VECTOR ( 'NONE', #2156, 1000.000000000000000 ) ;
#2333 = VECTOR ( 'NONE', #466, 1000.000000000000000 ) ;
#2334 = EDGE_CURVE ( 'NONE', #2039, #1533, #2684, .T. ) ;
#2335 = DIRECTION ( 'NONE',  ( 0.000000000000000000, 0.000000000000000000, -1.000000000000000000 ) ) ;
#2336 = DIRECTION ( 'NONE',  ( 0.000000000000000000, 0.000000000000000000, 1.000000000000000000 ) ) ;
#2337 = ORIENTED_EDGE ( 'NONE', *, *, #1948, .T. ) ;
#2338 = ORIENTED_EDGE ( 'NONE', *, *, #1776, .F. ) ;
#2339 = CARTESIAN_POINT ( 'NONE',  ( -13.84351751011181086, -24.22217337301520246, -135.2644335304875369 ) ) ;
#2340 = VECTOR ( 'NONE', #317, 1000.000000000000000 ) ;
#2341 = EDGE_LOOP ( 'NONE', ( #1902, #2852, #3062, #1142, #2509 ) ) ;
#2342 = VERTEX_POINT ( 'NONE', #132 ) ;
#2343 = AXIS2_PLACEMENT_3D ( 'NONE', #2581, #255, #2336 ) ;
#2344 = CARTESIAN_POINT ( 'NONE',  ( 16.07157287525376432, -22.62922374470915088, -134.1284271247461675 ) ) ;
#2345 = PLANE ( 'NONE',  #768 ) ;
#2346 = DIRECTION ( 'NONE',  ( -4.004684765861462096E-16, 0.2428303037216978100, 0.9700687829192463640 ) ) ;
#2347 = CARTESIAN_POINT ( 'NONE',  ( -141.0000000000000284, -18.04999999999998295, -145.9827935137482484 ) ) ;
#2348 = EDGE_CURVE ( 'NONE', #1268, #1758, #3197, .T. ) ;
#2349 = EDGE_CURVE ( 'NONE', #378, #109, #2702, .T. ) ;
#2350 = ORIENTED_EDGE ( 'NONE', *, *, #2137, .T. ) ;
#2351 = CARTESIAN_POINT ( 'NONE',  ( 70.00000000000001421, -0.03440934984277194131, -97.11276151311160731 ) ) ;
#2352 = CARTESIAN_POINT ( 'NONE',  ( -14.64141232914688295, -24.80418434589866550, -135.0562958872675949 ) ) ;
#2353 = ORIENTED_EDGE ( 'NONE', *, *, #1410, .F. ) ;
#2354 = VERTEX_POINT ( 'NONE', #2504 ) ;
#2355 = CARTESIAN_POINT ( 'NONE',  ( -141.0000000000000568, -21.54999999999999005, -4.140059776096500909E-14 ) ) ;
#2356 = LINE ( 'NONE', #1054, #2969 ) ;
#2357 = DIRECTION ( 'NONE',  ( -1.000000000000000000, 0.000000000000000000, 3.083952846180988308E-16 ) ) ;
#2358 = VECTOR ( 'NONE', #1243, 1000.000000000000000 ) ;
#2359 = CARTESIAN_POINT ( 'NONE',  ( -70.00000000000002842, -31.21207867750540288, -152.3000000000000114 ) ) ;
#2360 = DIRECTION ( 'NONE',  ( 0.000000000000000000, 3.172065784643301336E-14, 1.000000000000000000 ) ) ;
#2361 = CARTESIAN_POINT ( 'NONE',  ( -35.49999999999993605, -28.60000000000000142, 0.000000000000000000 ) ) ;
#2362 = VECTOR ( 'NONE', #3008, 1000.000000000000000 ) ;
#2363 = ORIENTED_EDGE ( 'NONE', *, *, #2775, .T. ) ;
#2364 = MANIFOLD_SOLID_BREP ( 'Chamfer8', #627 ) ;
#2365 = EDGE_CURVE ( 'NONE', #276, #299, #216, .T. ) ;
#2366 = FACE_OUTER_BOUND ( 'NONE', #3150, .T. ) ;
#2367 = ORIENTED_EDGE ( 'NONE', *, *, #901, .F. ) ;
#2368 = ORIENTED_EDGE ( 'NONE', *, *, #1405, .F. ) ;
#2369 = EDGE_CURVE ( 'NONE', #2019, #755, #403, .T. ) ;
#2370 = CARTESIAN_POINT ( 'NONE',  ( -69.99999999999998579, 22.84370541669636623, -5.718299590851925629 ) ) ;
#2371 = CARTESIAN_POINT ( 'NONE',  ( 69.99999999999998579, 22.84370541669636623, -5.718299590851925629 ) ) ;
#2372 = CARTESIAN_POINT ( 'NONE',  ( 66.99999999999997158, 22.84370541669636623, -5.718299590851926517 ) ) ;
#2373 = LINE ( 'NONE', #2856, #1769 ) ;
#2374 = ORIENTED_EDGE ( 'NONE', *, *, #493, .T. ) ;
#2375 = CARTESIAN_POINT ( 'NONE',  ( 67.00000000000002842, -20.60000000000000142, -140.2999999999999829 ) ) ;
#2376 = CARTESIAN_POINT ( 'NONE',  ( 30.49999999999992895, -28.60000000000000142, -120.9426406871192938 ) ) ;
#2377 = ORIENTED_EDGE ( 'NONE', *, *, #2957, .T. ) ;
#2378 = VECTOR ( 'NONE', #1952, 1000.000000000000000 ) ;
#2379 = ORIENTED_EDGE ( 'NONE', *, *, #2874, .T. ) ;
#2380 = AXIS2_PLACEMENT_3D ( 'NONE', #1143, #3216, #888 ) ;
#2381 = VECTOR ( 'NONE', #177, 1000.000000000000000 ) ;
#2382 = ORIENTED_EDGE ( 'NONE', *, *, #735, .T. ) ;
#2383 = DIRECTION ( 'NONE',  ( 0.000000000000000000, 1.000000000000000000, 0.000000000000000000 ) ) ;
#2384 = CARTESIAN_POINT ( 'NONE',  ( -15.84441502866588003, -26.11955421669938460, -134.3392293123007732 ) ) ;
#2385 = ORIENTED_EDGE ( 'NONE', *, *, #2522, .F. ) ;
#2386 = EDGE_CURVE ( 'NONE', #3164, #1895, #2895, .T. ) ;
#2387 = ORIENTED_EDGE ( 'NONE', *, *, #694, .T. ) ;
#2388 = AXIS2_PLACEMENT_3D ( 'NONE', #56, #3108, #581 ) ;
#2389 = DIRECTION ( 'NONE',  ( 0.000000000000000000, -0.000000000000000000, -1.000000000000000000 ) ) ;
#2390 = LINE ( 'NONE', #2372, #1718 ) ;
#2391 = EDGE_CURVE ( 'NONE', #2245, #724, #167, .T. ) ;
#2392 = CARTESIAN_POINT ( 'NONE',  ( 66.99999999999998579, -21.54999999999999005, 1.817994761385374285E-14 ) ) ;
#2393 = EDGE_CURVE ( 'NONE', #2822, #1846, #1192, .T. ) ;
#2394 = ORIENTED_EDGE ( 'NONE', *, *, #2696, .T. ) ;
#2395 = DIRECTION ( 'NONE',  ( 1.000000000000000000, 0.000000000000000000, 0.000000000000000000 ) ) ;
#2396 = FACE_OUTER_BOUND ( 'NONE', #2986, .T. ) ;
#2397 = ORIENTED_EDGE ( 'NONE', *, *, #2679, .F. ) ;
#2398 = CARTESIAN_POINT ( 'NONE',  ( 67.00000000000002842, -22.79999999999998650, -142.5000000000000000 ) ) ;
#2399 = ORIENTED_EDGE ( 'NONE', *, *, #2386, .T. ) ;
#2400 = CARTESIAN_POINT ( 'NONE',  ( -44.60000000000000853, -28.60000000000000142, -44.59999999999987352 ) ) ;
#2401 = CARTESIAN_POINT ( 'NONE',  ( -75.09999999999995168, -26.59999999999999787, -75.10000000000006537 ) ) ;
#2402 = EDGE_LOOP ( 'NONE', ( #2990, #1806, #2298, #2130 ) ) ;
#2403 = ORIENTED_EDGE ( 'NONE', *, *, #2998, .F. ) ;
#2404 = FACE_OUTER_BOUND ( 'NONE', #857, .T. ) ;
#2405 = CARTESIAN_POINT ( 'NONE',  ( 12.47194783135484997, -23.60000000000000142, -136.5384800874985842 ) ) ;
#2406 = CARTESIAN_POINT ( 'NONE',  ( -67.00000000000002842, -33.00000000000000711, -147.8747394397509254 ) ) ;
#2407 = ORIENTED_EDGE ( 'NONE', *, *, #2470, .F. ) ;
#2408 = EDGE_CURVE ( 'NONE', #2321, #724, #3253, .T. ) ;
#2409 = ORIENTED_EDGE ( 'NONE', *, *, #2931, .F. ) ;
#2410 = DIRECTION ( 'NONE',  ( 1.000000000000000000, -0.000000000000000000, 0.000000000000000000 ) ) ;
#2411 = EDGE_CURVE ( 'NONE', #2911, #463, #2257, .T. ) ;
#2412 = AXIS2_PLACEMENT_3D ( 'NONE', #2903, #2205, #106 ) ;
#2413 = ORIENTED_EDGE ( 'NONE', *, *, #2724, .F. ) ;
#2414 = AXIS2_PLACEMENT_3D ( 'NONE', #2311, #1002, #3094 ) ;
#2415 = CARTESIAN_POINT ( 'NONE',  ( 30.49999999999993250, -28.60000000000000142, -127.2000000000000313 ) ) ;
#2416 = ORIENTED_EDGE ( 'NONE', *, *, #1904, .T. ) ;
#2417 = ORIENTED_EDGE ( 'NONE', *, *, #1587, .T. ) ;
#2418 = CARTESIAN_POINT ( 'NONE',  ( -44.60000000000000853, -54.44027863626858732, -44.59999999999987352 ) ) ;
#2419 = CARTESIAN_POINT ( 'NONE',  ( -67.00000000000001421, -22.60000000000000142, -133.7999999999999545 ) ) ;
#2420 = CARTESIAN_POINT ( 'NONE',  ( 11.72436677409606354, -23.92108833479884922, -138.4756332259082399 ) ) ;
#2421 = CARTESIAN_POINT ( 'NONE',  ( 30.49999999999992895, -26.59999999999999787, -123.9426406871192938 ) ) ;
#2422 = VERTEX_POINT ( 'NONE', #918 ) ;
#2423 = LINE ( 'NONE', #385, #3180 ) ;
#2424 = ORIENTED_EDGE ( 'NONE', *, *, #920, .F. ) ;
#2425 = EDGE_CURVE ( 'NONE', #2045, #17, #2796, .T. ) ;
#2426 = CARTESIAN_POINT ( 'NONE',  ( -75.09999999999995168, -28.60000000000000142, -75.10000000000006537 ) ) ;
#2427 = ORIENTED_EDGE ( 'NONE', *, *, #2566, .F. ) ;
#2428 = VECTOR ( 'NONE', #1126, 1000.000000000000114 ) ;
#2429 = EDGE_CURVE ( 'NONE', #2283, #921, #1997, .T. ) ;
#2430 = DIRECTION ( 'NONE',  ( 0.000000000000000000, 1.000000000000000000, 0.000000000000000000 ) ) ;
#2431 = FACE_OUTER_BOUND ( 'NONE', #524, .T. ) ;
#2432 = ORIENTED_EDGE ( 'NONE', *, *, #2877, .T. ) ;
#2433 = ORIENTED_EDGE ( 'NONE', *, *, #2657, .T. ) ;
#2434 = AXIS2_PLACEMENT_3D ( 'NONE', #2610, #1774, #1526 ) ;
#2435 = VECTOR ( 'NONE', #1016, 1000.000000000000000 ) ;
#2436 = DIRECTION ( 'NONE',  ( 1.000000000000000000, 0.000000000000000000, -1.850371707708590816E-15 ) ) ;
#2437 = CARTESIAN_POINT ( 'NONE',  ( 35.49999999999993605, -54.44027863626858732, -126.3568542494923861 ) ) ;
#2438 = DIRECTION ( 'NONE',  ( 0.000000000000000000, 0.000000000000000000, 1.000000000000000000 ) ) ;
#2439 = CARTESIAN_POINT ( 'NONE',  ( 13.61289479007636416, -23.59999999999999787, -132.3771232244772591 ) ) ;
#2440 = ORIENTED_EDGE ( 'NONE', *, *, #308, .F. ) ;
#2441 = DIRECTION ( 'NONE',  ( -1.000000000000000000, 0.000000000000000000, 0.000000000000000000 ) ) ;
#2442 = CARTESIAN_POINT ( 'NONE',  ( 35.49999999999993605, -26.59999999999999432, -133.9320742633533996 ) ) ;
#2443 = CARTESIAN_POINT ( 'NONE',  ( 16.74399335354241458, -27.05422245575715934, -133.4560066464575243 ) ) ;
#2444 = EDGE_CURVE ( 'NONE', #2511, #175, #697, .T. ) ;
#2445 = ORIENTED_EDGE ( 'NONE', *, *, #797, .T. ) ;
#2446 = DIRECTION ( 'NONE',  ( 1.000000000000000000, 0.000000000000000000, 3.083952846180988308E-16 ) ) ;
#2447 = DIRECTION ( 'NONE',  ( 1.040834085586083310E-14, 0.000000000000000000, -1.000000000000000000 ) ) ;
#2448 = ADVANCED_FACE ( 'NONE', ( #452 ), #1470, .T. ) ;
#2449 = EDGE_LOOP ( 'NONE', ( #1961, #723, #1986, #547 ) ) ;
#2450 = ORIENTED_EDGE ( 'NONE', *, *, #935, .F. ) ;
#2451 = CARTESIAN_POINT ( 'NONE',  ( -67.00000000000001421, -20.60000000000000142, -104.2000000000001023 ) ) ;
#2452 = VERTEX_POINT ( 'NONE', #2015 ) ;
#2453 = DIRECTION ( 'NONE',  ( -0.000000000000000000, -1.000000000000000000, -0.000000000000000000 ) ) ;
#2454 = CARTESIAN_POINT ( 'NONE',  ( -70.00000000000002842, -19.79999999999998650, -143.7426406871193194 ) ) ;
#2455 = CARTESIAN_POINT ( 'NONE',  ( 9.772718694650139426, -23.59999999999999787, -139.4907104575944174 ) ) ;
#2456 = EDGE_CURVE ( 'NONE', #1607, #1922, #2800, .T. ) ;
#2457 = ORIENTED_EDGE ( 'NONE', *, *, #1172, .F. ) ;
#2458 = LINE ( 'NONE', #1946, #848 ) ;
#2459 = CARTESIAN_POINT ( 'NONE',  ( 3.595382273395943809E-62, -23.59999999999999787, -142.3996525863348097 ) ) ;
#2460 = DIRECTION ( 'NONE',  ( -1.000000000000000000, 0.000000000000000000, 0.000000000000000000 ) ) ;
#2461 = ORIENTED_EDGE ( 'NONE', *, *, #33, .F. ) ;
#2462 = VECTOR ( 'NONE', #2559, 1000.000000000000000 ) ;
#2463 = LINE ( 'NONE', #3238, #2745 ) ;
#2464 = DIRECTION ( 'NONE',  ( 0.000000000000000000, 0.000000000000000000, -1.000000000000000000 ) ) ;
#2465 = LINE ( 'NONE', #338, #2272 ) ;
#2466 = CARTESIAN_POINT ( 'NONE',  ( -38.49999999999993605, -20.60000000000000142, -132.2999999999999829 ) ) ;
#2467 = VERTEX_POINT ( 'NONE', #2542 ) ;
#2468 = VERTEX_POINT ( 'NONE', #43 ) ;
#2469 =( GEOMETRIC_REPRESENTATION_CONTEXT ( 3 ) GLOBAL_UNCERTAINTY_ASSIGNED_CONTEXT ( ( #643 ) ) GLOBAL_UNIT_ASSIGNED_CONTEXT ( ( #2742, #1187, #141 ) ) REPRESENTATION_CONTEXT ( 'NONE', 'WORKASPACE' ) );
#2470 = EDGE_CURVE ( 'NONE', #1583, #1417, #25, .T. ) ;
#2471 = CARTESIAN_POINT ( 'NONE',  ( 70.00000000000001421, -14.59999999999999964, -104.2000000000001023 ) ) ;
#2472 = ORIENTED_EDGE ( 'NONE', *, *, #687, .T. ) ;
#2473 = EDGE_CURVE ( 'NONE', #953, #700, #3338, .T. ) ;
#2474 = CARTESIAN_POINT ( 'NONE',  ( -12.74531421907795448, -23.73390430179266275, -135.3000000000000114 ) ) ;
#2475 = CARTESIAN_POINT ( 'NONE',  ( -30.50000000000002487, -26.59999999999999787, -127.2000000000000313 ) ) ;
#2476 = CARTESIAN_POINT ( 'NONE',  ( 38.15601601150775224, -23.61854305874383542, -140.4448638317632856 ) ) ;
#2477 = EDGE_LOOP ( 'NONE', ( #2309, #2314, #1123, #1877 ) ) ;
#2478 = DIRECTION ( 'NONE',  ( 0.000000000000000000, -1.000000000000000000, 0.000000000000000000 ) ) ;
#2479 = VECTOR ( 'NONE', #210, 1000.000000000000000 ) ;
#2480 = ORIENTED_EDGE ( 'NONE', *, *, #433, .T. ) ;
#2481 = FACE_OUTER_BOUND ( 'NONE', #892, .T. ) ;
#2482 = CARTESIAN_POINT ( 'NONE',  ( -53.00000000000000711, -22.60000000000000142, -130.2000000000001023 ) ) ;
#2483 = CARTESIAN_POINT ( 'NONE',  ( 13.00096345122463148, -23.81458128066210733, -135.2999999999999829 ) ) ;
#2484 = CARTESIAN_POINT ( 'NONE',  ( 38.49999999999993605, -20.60000000000000142, -135.2999999999999829 ) ) ;
#2485 = ADVANCED_FACE ( 'NONE', ( #1021 ), #1057, .F. ) ;
#2486 = ORIENTED_EDGE ( 'NONE', *, *, #1786, .T. ) ;
#2487 = EDGE_CURVE ( 'NONE', #1064, #1685, #2834, .T. ) ;
#2488 = CIRCLE ( 'NONE', #1011, 3.000000000000002665 ) ;
#2489 = CARTESIAN_POINT ( 'NONE',  ( 11.70189309052017101, -23.60000000000000853, -135.2999999999999829 ) ) ;
#2490 = ADVANCED_FACE ( 'NONE', ( #1814 ), #3144, .T. ) ;
#2491 =( NAMED_UNIT ( * ) SI_UNIT ( $, .STERADIAN. ) SOLID_ANGLE_UNIT ( ) );
#2492 = VERTEX_POINT ( 'NONE', #1799 ) ;
#2493 = VECTOR ( 'NONE', #2094, 1000.000000000000000 ) ;
#2494 = CARTESIAN_POINT ( 'NONE',  ( -31.49999999999993250, -28.60000000000000142, -126.3568542494923861 ) ) ;
#2495 = ORIENTED_EDGE ( 'NONE', *, *, #2261, .F. ) ;
#2496 = VERTEX_POINT ( 'NONE', #814 ) ;
#2497 = CARTESIAN_POINT ( 'NONE',  ( -67.00000000000005684, -20.05046122158771027, -151.2742743250599915 ) ) ;
#2498 = CARTESIAN_POINT ( 'NONE',  ( 0.000000000000000000, 0.000000000000000000, 0.000000000000000000 ) ) ;
#2499 = CARTESIAN_POINT ( 'NONE',  ( -9.325861867582391440, -23.60000000000000853, -140.5853029841483703 ) ) ;
#2500 = ORIENTED_EDGE ( 'NONE', *, *, #474, .T. ) ;
#2501 = CARTESIAN_POINT ( 'NONE',  ( -11.12132451802875543, -23.60000000000149711, -138.2027918807121978 ) ) ;
#2502 = EDGE_CURVE ( 'NONE', #3346, #30, #252, .T. ) ;
#2503 = EDGE_LOOP ( 'NONE', ( #2005, #2367, #3322, #2290 ) ) ;
#2504 = CARTESIAN_POINT ( 'NONE',  ( 35.49999999999993605, -26.59999999999999787, -126.3568542494923861 ) ) ;
#2505 = VERTEX_POINT ( 'NONE', #2860 ) ;
#2506 = EDGE_CURVE ( 'NONE', #195, #1583, #2575, .T. ) ;
#2507 = CARTESIAN_POINT ( 'NONE',  ( -30.49999999999992184, -54.44027863626858732, -123.9426406871192938 ) ) ;
#2508 = FACE_OUTER_BOUND ( 'NONE', #1202, .T. ) ;
#2509 = ORIENTED_EDGE ( 'NONE', *, *, #1634, .F. ) ;
#2510 = CIRCLE ( 'NONE', #1581, 2.000000000000001776 ) ;
#2511 = VERTEX_POINT ( 'NONE', #2628 ) ;
#2512 = FACE_OUTER_BOUND ( 'NONE', #1446, .T. ) ;
#2513 = ORIENTED_EDGE ( 'NONE', *, *, #179, .T. ) ;
#2514 = EDGE_LOOP ( 'NONE', ( #3208, #2805, #1081, #2781 ) ) ;
#2515 = CIRCLE ( 'NONE', #1044, 3.000000000000002665 ) ;
#2516 = DIRECTION ( 'NONE',  ( -7.488772063015239449E-17, 0.9700687829192463640, -0.2428303037216978100 ) ) ;
#2517 = CARTESIAN_POINT ( 'NONE',  ( -11.94523246395420735, -23.59999999999999787, -134.8470753240432600 ) ) ;
#2518 = LINE ( 'NONE', #2813, #265 ) ;
#2519 = ORIENTED_EDGE ( 'NONE', *, *, #2821, .F. ) ;
#2520 = LINE ( 'NONE', #3077, #1041 ) ;
#2521 = CARTESIAN_POINT ( 'NONE',  ( 30.49999999999992895, -54.44027863626858732, -123.9426406871192938 ) ) ;
#2522 = EDGE_CURVE ( 'NONE', #2726, #1147, #3357, .T. ) ;
#2523 = ORIENTED_EDGE ( 'NONE', *, *, #2102, .T. ) ;
#2524 = DIRECTION ( 'NONE',  ( 1.000000000000000000, -0.000000000000000000, 0.000000000000000000 ) ) ;
#2525 = ADVANCED_FACE ( 'NONE', ( #1527 ), #2848, .T. ) ;
#2526 = EDGE_LOOP ( 'NONE', ( #420, #3133, #155, #1026, #575, #730 ) ) ;
#2527 = ORIENTED_EDGE ( 'NONE', *, *, #2919, .T. ) ;
#2528 = PLANE ( 'NONE',  #3072 ) ;
#2529 = DIRECTION ( 'NONE',  ( -0.000000000000000000, -1.000000000000000000, 0.000000000000000000 ) ) ;
#2530 = LINE ( 'NONE', #973, #2058 ) ;
#2531 = ORIENTED_EDGE ( 'NONE', *, *, #368, .F. ) ;
#2532 = ORIENTED_EDGE ( 'NONE', *, *, #1868, .F. ) ;
#2533 = VECTOR ( 'NONE', #837, 1000.000000000000000 ) ;
#2534 = DIRECTION ( 'NONE',  ( 0.000000000000000000, 0.000000000000000000, -1.000000000000000000 ) ) ;
#2535 = CARTESIAN_POINT ( 'NONE',  ( -14.93900513925898998, -25.45653402471159055, -135.2609948605658019 ) ) ;
#2536 = CARTESIAN_POINT ( 'NONE',  ( 0.000000000000000000, -22.60000000000000142, -130.2000000000001023 ) ) ;
#2537 = AXIS2_PLACEMENT_3D ( 'NONE', #1984, #682, #1695 ) ;
#2538 = DIRECTION ( 'NONE',  ( 0.000000000000000000, 1.000000000000000000, -0.000000000000000000 ) ) ;
#2539 = VECTOR ( 'NONE', #928, 1000.000000000000000 ) ;
#2540 = CARTESIAN_POINT ( 'NONE',  ( 0.000000000000000000, -23.60000000000000853, -135.2999999999999829 ) ) ;
#2541 = CARTESIAN_POINT ( 'NONE',  ( 0.000000000000000000, -20.60000000000000142, -135.2999999999999829 ) ) ;
#2542 = CARTESIAN_POINT ( 'NONE',  ( 52.00000000000002132, -20.60000000000000142, -133.7999999999999545 ) ) ;
#2543 = EDGE_LOOP ( 'NONE', ( #1317, #1899, #2839, #983, #2167, #237, #475, #2582, #2203 ) ) ;
#2544 = VECTOR ( 'NONE', #1307, 1000.000000000000114 ) ;
#2545 = ADVANCED_BREP_SHAPE_REPRESENTATION ( 'FrontWingBumper', ( #2364, #2894 ), #2469 ) ;
#2546 = EDGE_LOOP ( 'NONE', ( #2472, #2262, #2284, #3145, #2884, #2680, #1170, #1953, #2979, #187 ) ) ;
#2547 = LINE ( 'NONE', #1512, #3321 ) ;
#2548 = EDGE_CURVE ( 'NONE', #638, #1409, #283, .T. ) ;
#2549 = FACE_OUTER_BOUND ( 'NONE', #2543, .T. ) ;
#2550 = CARTESIAN_POINT ( 'NONE',  ( -141.0000000000000284, -19.79999999999998295, -145.9827935137482484 ) ) ;
#2551 = EDGE_LOOP ( 'NONE', ( #39, #1400 ) ) ;
#2552 = EDGE_CURVE ( 'NONE', #233, #1938, #1869, .T. ) ;
#2553 = DIRECTION ( 'NONE',  ( 2.518054949610451276E-16, -0.3746065934159109045, -0.9271838545667877574 ) ) ;
#2554 = PLANE ( 'NONE',  #2198 ) ;
#2555 = CARTESIAN_POINT ( 'NONE',  ( 69.99999999999998579, -18.04999999999998650, -143.7426406871192626 ) ) ;
#2556 = DIRECTION ( 'NONE',  ( -0.000000000000000000, 1.000000000000000000, -0.000000000000000000 ) ) ;
#2557 = DIRECTION ( 'NONE',  ( 0.000000000000000000, 1.000000000000000000, -1.442597485219800730E-16 ) ) ;
#2558 = ORIENTED_EDGE ( 'NONE', *, *, #450, .T. ) ;
#2559 = DIRECTION ( 'NONE',  ( -0.7071067811865426878, -0.000000000000000000, 0.7071067811865524577 ) ) ;
#2560 = ORIENTED_EDGE ( 'NONE', *, *, #939, .T. ) ;
#2561 = B_SPLINE_CURVE_WITH_KNOTS ( 'NONE', 3,
 ( #2730, #399, #2474, #3250, #1633, #1912 ),
 .UNSPECIFIED., .F., .F.,
 ( 4, 2, 4 ),
 ( 0.003149435175848236054, 0.003941480005374332733, 0.004733524834900429412 ),
 .UNSPECIFIED. ) ;
#2562 = FACE_OUTER_BOUND ( 'NONE', #1186, .T. ) ;
#2563 = DIRECTION ( 'NONE',  ( 7.488772063015239449E-17, 0.9700687829192463640, -0.2428303037216978100 ) ) ;
#2564 = DIRECTION ( 'NONE',  ( 0.000000000000000000, 0.000000000000000000, -1.000000000000000000 ) ) ;
#2565 = VERTEX_POINT ( 'NONE', #2376 ) ;
#2566 = EDGE_CURVE ( 'NONE', #61, #1457, #1260, .T. ) ;
#2567 = EDGE_LOOP ( 'NONE', ( #1753, #3178, #2191, #305, #2201, #1554, #289, #1225, #335, #512, #602, #1588, #2513, #2480, #2826, #886 ) ) ;
#2568 = AXIS2_PLACEMENT_3D ( 'NONE', #1811, #2269, #1537 ) ;
#2569 = DIRECTION ( 'NONE',  ( -1.000000000000000000, 0.000000000000000000, 0.000000000000000000 ) ) ;
#2570 = CARTESIAN_POINT ( 'NONE',  ( 52.00000000000002132, 117.4335778825590069, -133.7999999999999545 ) ) ;
#2571 = CARTESIAN_POINT ( 'NONE',  ( -17.49807621135329683, -25.10000000000002629, -132.7019237886466385 ) ) ;
#2572 = AXIS2_PLACEMENT_3D ( 'NONE', #1279, #1541, #3356 ) ;
#2573 = DIRECTION ( 'NONE',  ( -3.994651572012802978E-32, -1.000000000000000000, 1.442597485219800730E-16 ) ) ;
#2574 = EDGE_CURVE ( 'NONE', #1147, #686, #509, .T. ) ;
#2575 = CIRCLE ( 'NONE', #829, 1.750000000000001554 ) ;
#2576 = DIRECTION ( 'NONE',  ( -2.715809747126122424E-16, 1.357904873563061212E-16, 1.000000000000000000 ) ) ;
#2577 = FACE_OUTER_BOUND ( 'NONE', #1887, .T. ) ;
#2578 = DIRECTION ( 'NONE',  ( 6.938893903907222067E-15, 0.000000000000000000, 1.000000000000000000 ) ) ;
#2579 = VECTOR ( 'NONE', #887, 1000.000000000000114 ) ;
#2580 = CARTESIAN_POINT ( 'NONE',  ( -66.99999999999997158, 22.84370541669636623, -5.718299590851926517 ) ) ;
#2581 = CARTESIAN_POINT ( 'NONE',  ( -30.50000000000002487, -54.44027863626858732, -127.2000000000000313 ) ) ;
#2582 = ORIENTED_EDGE ( 'NONE', *, *, #284, .T. ) ;
#2583 = ORIENTED_EDGE ( 'NONE', *, *, #2411, .F. ) ;
#2584 = DIRECTION ( 'NONE',  ( -0.000000000000000000, 0.000000000000000000, 1.000000000000000000 ) ) ;
#2585 = ORIENTED_EDGE ( 'NONE', *, *, #12, .F. ) ;
#2586 = CARTESIAN_POINT ( 'NONE',  ( 15.84492836719336317, -26.12023784970135765, -134.3387847923915501 ) ) ;
#2587 = DIRECTION ( 'NONE',  ( 0.000000000000000000, -0.5000000000000027756, -0.8660254037844370423 ) ) ;
#2588 = ADVANCED_FACE ( 'NONE', ( #2056 ), #1542, .F. ) ;
#2589 = CARTESIAN_POINT ( 'NONE',  ( -52.00000000000002132, -20.60000000000000142, -133.7999999999999545 ) ) ;
#2590 = CIRCLE ( 'NONE', #1117, 2.000000000000001776 ) ;
#2591 = LINE ( 'NONE', #2645, #2270 ) ;
#2592 = EDGE_CURVE ( 'NONE', #2293, #2984, #1863, .T. ) ;
#2593 = DIRECTION ( 'NONE',  ( -6.938893903907222067E-15, 0.000000000000000000, -1.000000000000000000 ) ) ;
#2594 = PLANE ( 'NONE',  #2434 ) ;
#2595 = CARTESIAN_POINT ( 'NONE',  ( -141.0000000000000284, -20.05046122158771027, -151.2742743250600199 ) ) ;
#2596 = VECTOR ( 'NONE', #1096, 1000.000000000000000 ) ;
#2597 = CIRCLE ( 'NONE', #1994, 4.000000000000003553 ) ;
#2598 = CARTESIAN_POINT ( 'NONE',  ( -141.0000000000000284, -21.67303296707958182, -150.6187127865821367 ) ) ;
#2599 = EDGE_CURVE ( 'NONE', #2452, #2187, #1732, .T. ) ;
#2600 = ORIENTED_EDGE ( 'NONE', *, *, #2797, .T. ) ;
#2601 = PLANE ( 'NONE',  #2650 ) ;
#2602 = ORIENTED_EDGE ( 'NONE', *, *, #1110, .T. ) ;
#2603 = VERTEX_POINT ( 'NONE', #2795 ) ;
#2604 = LINE ( 'NONE', #3130, #148 ) ;
#2605 = AXIS2_PLACEMENT_3D ( 'NONE', #1636, #1127, #1346 ) ;
#2606 = LINE ( 'NONE', #1859, #2735 ) ;
#2607 = CARTESIAN_POINT ( 'NONE',  ( -67.00000000000002842, -10.15197879029935635, -137.5308564657626960 ) ) ;
#2608 = CARTESIAN_POINT ( 'NONE',  ( -16.07157287525376077, -26.40514591068205874, -134.1284271247461675 ) ) ;
#2609 = LINE ( 'NONE', #2907, #1332 ) ;
#2610 = CARTESIAN_POINT ( 'NONE',  ( -141.0000000000000568, -21.54999999999999005, -4.140059776096500909E-14 ) ) ;
#2611 = CARTESIAN_POINT ( 'NONE',  ( 0.000000000000000000, -22.60000000000000142, -124.2000000000000881 ) ) ;
#2612 = EDGE_CURVE ( 'NONE', #975, #1299, #3237, .T. ) ;
#2613 = CARTESIAN_POINT ( 'NONE',  ( -69.99999999999998579, 35.30519245079634061, -14.26422365827937355 ) ) ;
#2614 = DIRECTION ( 'NONE',  ( -1.000000000000000000, 0.000000000000000000, 0.000000000000000000 ) ) ;
#2615 = EDGE_LOOP ( 'NONE', ( #1840, #3259, #541, #2413, #770, #249, #2906 ) ) ;
#2616 = ADVANCED_FACE ( 'NONE', ( #1256 ), #3038, .F. ) ;
#2617 = CARTESIAN_POINT ( 'NONE',  ( 67.00000000000002842, -19.60000000000004405, -155.2999999999999829 ) ) ;
#2618 = CARTESIAN_POINT ( 'NONE',  ( -14.38579314093670014, -24.59481264357862784, -135.1433756527991648 ) ) ;
#2619 = ORIENTED_EDGE ( 'NONE', *, *, #1911, .F. ) ;
#2620 = ORIENTED_EDGE ( 'NONE', *, *, #3314, .T. ) ;
#2621 = CARTESIAN_POINT ( 'NONE',  ( 30.49999999999993250, -26.59999999999999787, -129.2000000000000455 ) ) ;
#2622 = CARTESIAN_POINT ( 'NONE',  ( 38.49999999999993605, -54.44027863626858732, -132.2999999999999829 ) ) ;
#2623 = PLANE ( 'NONE',  #2749 ) ;
#2624 = ORIENTED_EDGE ( 'NONE', *, *, #253, .F. ) ;
#2625 = B_SPLINE_CURVE_WITH_KNOTS ( 'NONE', 3,
 ( #924, #912, #173, #396, #2483, #669 ),
 .UNSPECIFIED., .F., .F.,
 ( 4, 2, 4 ),
 ( 1.734723475976807094E-18, 0.0007880508231742762394, 0.001576101646348550744 ),
 .UNSPECIFIED. ) ;
#2626 = AXIS2_PLACEMENT_3D ( 'NONE', #3349, #1253, #2302 ) ;
#2627 = DIRECTION ( 'NONE',  ( 1.000000000000000000, 0.000000000000000000, 2.885194970439601952E-16 ) ) ;
#2628 = CARTESIAN_POINT ( 'NONE',  ( 67.00000000000004263, -23.60000000000000853, -142.3996525863348097 ) ) ;
#2629 = VERTEX_POINT ( 'NONE', #2289 ) ;
#2630 = CARTESIAN_POINT ( 'NONE',  ( 38.49999999999993605, -20.60000000000000142, -135.2999999999999829 ) ) ;
#2631 = EDGE_CURVE ( 'NONE', #3200, #1062, #980, .T. ) ;
#2632 = VECTOR ( 'NONE', #435, 1000.000000000000000 ) ;
#2633 = VERTEX_POINT ( 'NONE', #1770 ) ;
#2634 = ADVANCED_FACE ( 'NONE', ( #486 ), #2305, .F. ) ;
#2635 = DIRECTION ( 'NONE',  ( 1.000000000000000000, 0.000000000000000000, -3.083952846180988308E-16 ) ) ;
#2636 = CARTESIAN_POINT ( 'NONE',  ( 16.07157287525377143, -54.44027863626858732, -134.1284271247461390 ) ) ;
#2637 = VERTEX_POINT ( 'NONE', #1086 ) ;
#2638 = ORIENTED_EDGE ( 'NONE', *, *, #3286, .F. ) ;
#2639 = CARTESIAN_POINT ( 'NONE',  ( 75.09999999999995168, -28.60000000000000142, -75.10000000000006537 ) ) ;
#2640 = LINE ( 'NONE', #3172, #1205 ) ;
#2641 = PLANE ( 'NONE',  #903 ) ;
#2642 = EDGE_CURVE ( 'NONE', #2827, #1237, #295, .T. ) ;
#2643 = CARTESIAN_POINT ( 'NONE',  ( 39.30000000000009663, -28.60000000000000497, -132.4132486540518414 ) ) ;
#2644 = ORIENTED_EDGE ( 'NONE', *, *, #470, .F. ) ;
#2645 = CARTESIAN_POINT ( 'NONE',  ( -141.0000000000000284, -18.04999999999998650, -143.7426406871193194 ) ) ;
#2646 = CARTESIAN_POINT ( 'NONE',  ( -70.00000000000000000, -79.73031947122056806, -32.21314006058822343 ) ) ;
#2647 = AXIS2_PLACEMENT_3D ( 'NONE', #3310, #176, #34 ) ;
#2648 = EDGE_LOOP ( 'NONE', ( #2409, #47, #1453, #2385 ) ) ;
#2649 = VECTOR ( 'NONE', #2138, 1000.000000000000000 ) ;
#2650 = AXIS2_PLACEMENT_3D ( 'NONE', #804, #2129, #2112 ) ;
#2651 = ORIENTED_EDGE ( 'NONE', *, *, #1025, .T. ) ;
#2652 = AXIS2_PLACEMENT_3D ( 'NONE', #2184, #870, #1919 ) ;
#2653 = CARTESIAN_POINT ( 'NONE',  ( 69.99999999999998579, -18.04999999999998295, -145.9827935137481916 ) ) ;
#2654 = PLANE ( 'NONE',  #3074 ) ;
#2655 = ORIENTED_EDGE ( 'NONE', *, *, #166, .T. ) ;
#2656 = ORIENTED_EDGE ( 'NONE', *, *, #3079, .T. ) ;
#2657 = EDGE_CURVE ( 'NONE', #2043, #2798, #546, .T. ) ;
#2658 = LINE ( 'NONE', #592, #2332 ) ;
#2659 = LINE ( 'NONE', #2953, #1365 ) ;
#2660 = DIRECTION ( 'NONE',  ( 0.000000000000000000, 0.3746065934159182875, 0.9271838545667848708 ) ) ;
#2661 = CARTESIAN_POINT ( 'NONE',  ( -70.00000000000001421, -33.00000000000000000, -110.2000000000002018 ) ) ;
#2662 = ORIENTED_EDGE ( 'NONE', *, *, #2797, .F. ) ;
#2663 = AXIS2_PLACEMENT_3D ( 'NONE', #2507, #1440, #1195 ) ;
#2664 = ADVANCED_FACE ( 'NONE', ( #2923 ), #810, .T. ) ;
#2665 = CARTESIAN_POINT ( 'NONE',  ( 5.602540879466162701E-30, -22.60000000000000853, -107.2000000000001165 ) ) ;
#2666 = DIRECTION ( 'NONE',  ( 1.920367488605415297E-16, 0.7071067811865434649, 0.7071067811865516806 ) ) ;
#2667 = ORIENTED_EDGE ( 'NONE', *, *, #999, .F. ) ;
#2668 = DIRECTION ( 'NONE',  ( -0.000000000000000000, 0.000000000000000000, 1.000000000000000000 ) ) ;
#2669 = CARTESIAN_POINT ( 'NONE',  ( 53.99999999999995026, -22.60000000000000142, -124.2000000000000881 ) ) ;
#2670 = CARTESIAN_POINT ( 'NONE',  ( -51.00000000000002842, -23.59999999999999787, -134.7999999999999545 ) ) ;
#2671 = ORIENTED_EDGE ( 'NONE', *, *, #2285, .T. ) ;
#2672 = ORIENTED_EDGE ( 'NONE', *, *, #517, .F. ) ;
#2673 = PLANE ( 'NONE',  #1866 ) ;
#2674 = ORIENTED_EDGE ( 'NONE', *, *, #2825, .T. ) ;
#2675 = CARTESIAN_POINT ( 'NONE',  ( 5.602540879466162701E-30, 117.4335778825590069, -107.2000000000001307 ) ) ;
#2676 = CARTESIAN_POINT ( 'NONE',  ( -35.49999999999993605, -26.59999999999999787, -141.0735026918962660 ) ) ;
#2677 = CARTESIAN_POINT ( 'NONE',  ( 11.64937068460397995, -23.59999999999999787, -137.5033678108088111 ) ) ;
#2678 = CARTESIAN_POINT ( 'NONE',  ( -35.51172952924125781, -25.29622546059345467, -132.5886329661511809 ) ) ;
#2679 = EDGE_CURVE ( 'NONE', #296, #2317, #1201, .T. ) ;
#2680 = ORIENTED_EDGE ( 'NONE', *, *, #3060, .T. ) ;
#2681 = CARTESIAN_POINT ( 'NONE',  ( 35.49999999999993605, -28.60000000000000142, -126.3568542494923861 ) ) ;
#2682 = ORIENTED_EDGE ( 'NONE', *, *, #1499, .T. ) ;
#2683 = EDGE_CURVE ( 'NONE', #2252, #2468, #1934, .T. ) ;
#2684 = LINE ( 'NONE', #2426, #2948 ) ;
#2685 = VECTOR ( 'NONE', #326, 1000.000000000000000 ) ;
#2686 = ORIENTED_EDGE ( 'NONE', *, *, #3083, .T. ) ;
#2687 = LINE ( 'NONE', #376, #314 ) ;
#2688 = CARTESIAN_POINT ( 'NONE',  ( 35.49999999999993605, -54.44027863626858732, 0.000000000000000000 ) ) ;
#2689 = ORIENTED_EDGE ( 'NONE', *, *, #3292, .F. ) ;
#2690 = ORIENTED_EDGE ( 'NONE', *, *, #166, .F. ) ;
#2691 = CARTESIAN_POINT ( 'NONE',  ( -32.62132034355960286, -28.60000000000000142, -121.8213203435596910 ) ) ;
#2692 = CARTESIAN_POINT ( 'NONE',  ( 9.449726486004912829, -23.59999999999999787, -140.2819881116813860 ) ) ;
#2693 = FACE_OUTER_BOUND ( 'NONE', #752, .T. ) ;
#2694 = CARTESIAN_POINT ( 'NONE',  ( -50.50000000000000711, -20.60000000000000142, -135.2999999999999829 ) ) ;
#2695 = VERTEX_POINT ( 'NONE', #1354 ) ;
#2696 = EDGE_CURVE ( 'NONE', #1060, #1886, #2373, .T. ) ;
#2697 = FACE_OUTER_BOUND ( 'NONE', #2255, .T. ) ;
#2698 = AXIS2_PLACEMENT_3D ( 'NONE', #709, #2538, #1241 ) ;
#2699 = EDGE_CURVE ( 'NONE', #2703, #2924, #1845, .T. ) ;
#2700 = CYLINDRICAL_SURFACE ( 'NONE', #2647, 4.000000000000003553 ) ;
#2701 = CARTESIAN_POINT ( 'NONE',  ( 0.000000000000000000, -27.59999999999999787, -114.2000000000000881 ) ) ;
#2702 = LINE ( 'NONE', #3318, #2154 ) ;
#2703 = VERTEX_POINT ( 'NONE', #2406 ) ;
#2704 = VECTOR ( 'NONE', #2708, 1000.000000000000000 ) ;
#2705 = ADVANCED_FACE ( 'NONE', ( #2135 ), #2623, .F. ) ;
#2706 = CARTESIAN_POINT ( 'NONE',  ( -67.00000000000002842, -19.79999999999998295, -145.9827935137482200 ) ) ;
#2707 = DIRECTION ( 'NONE',  ( -0.000000000000000000, 1.000000000000000000, -0.000000000000000000 ) ) ;
#2708 = DIRECTION ( 'NONE',  ( 1.000000000000000000, -0.000000000000000000, -0.000000000000000000 ) ) ;
#2709 = VERTEX_POINT ( 'NONE', #1596 ) ;
#2710 = EDGE_LOOP ( 'NONE', ( #2353, #824, #631, #3184 ) ) ;
#2711 = AXIS2_PLACEMENT_3D ( 'NONE', #2260, #1037, #235 ) ;
#2712 = VECTOR ( 'NONE', #2904, 1000.000000000000000 ) ;
#2713 = ORIENTED_EDGE ( 'NONE', *, *, #2778, .F. ) ;
#2714 = FACE_OUTER_BOUND ( 'NONE', #1687, .T. ) ;
#2715 = CARTESIAN_POINT ( 'NONE',  ( 15.98650119661253299, -23.60000000000000142, -133.9918241929746330 ) ) ;
#2716 = ORIENTED_EDGE ( 'NONE', *, *, #2348, .F. ) ;
#2717 = DIRECTION ( 'NONE',  ( 0.000000000000000000, 0.000000000000000000, 1.000000000000000000 ) ) ;
#2718 = VECTOR ( 'NONE', #1817, 1000.000000000000114 ) ;
#2719 = CARTESIAN_POINT ( 'NONE',  ( -67.00000000000002842, -26.79999999999999716, -155.2999999999999829 ) ) ;
#2720 = CARTESIAN_POINT ( 'NONE',  ( 70.00000000000001421, -33.00000000000000000, -104.2000000000001023 ) ) ;
#2721 = ADVANCED_FACE ( 'NONE', ( #778 ), #1072, .T. ) ;
#2722 = ORIENTED_EDGE ( 'NONE', *, *, #2506, .F. ) ;
#2723 = DIRECTION ( 'NONE',  ( 0.000000000000000000, 1.000000000000000000, 0.000000000000000000 ) ) ;
#2724 = EDGE_CURVE ( 'NONE', #1533, #926, #1035, .T. ) ;
#2725 = ORIENTED_EDGE ( 'NONE', *, *, #917, .F. ) ;
#2726 = VERTEX_POINT ( 'NONE', #847 ) ;
#2727 = FACE_OUTER_BOUND ( 'NONE', #1547, .T. ) ;
#2728 = ORIENTED_EDGE ( 'NONE', *, *, #1983, .F. ) ;
#2729 = PRODUCT_DEFINITION_CONTEXT ( 'detailed design', #3362, 'design' ) ;
#2730 = CARTESIAN_POINT ( 'NONE',  ( -13.24314575050760467, -23.92021085505071554, -135.2999999999999829 ) ) ;
#2731 = EDGE_LOOP ( 'NONE', ( #2023, #1078, #91, #52, #119 ) ) ;
#2732 = VECTOR ( 'NONE', #3256, 1000.000000000000000 ) ;
#2733 = CARTESIAN_POINT ( 'NONE',  ( 39.30000000000009663, -63.73661856601754749, -110.3950616589793725 ) ) ;
#2734 = EDGE_CURVE ( 'NONE', #17, #819, #1339, .T. ) ;
#2735 = VECTOR ( 'NONE', #1305, 1000.000000000000000 ) ;
#2736 = DIRECTION ( 'NONE',  ( 0.000000000000000000, 0.000000000000000000, -1.000000000000000000 ) ) ;
#2737 = ORIENTED_EDGE ( 'NONE', *, *, #2147, .T. ) ;
#2738 = ADVANCED_FACE ( 'NONE', ( #347 ), #1368, .F. ) ;
#2739 = ORIENTED_EDGE ( 'NONE', *, *, #1137, .T. ) ;
#2740 = EDGE_CURVE ( 'NONE', #698, #907, #229, .T. ) ;
#2741 = DIRECTION ( 'NONE',  ( -0.000000000000000000, -1.000000000000000000, -0.000000000000000000 ) ) ;
#2742 =( LENGTH_UNIT ( ) NAMED_UNIT ( * ) SI_UNIT ( .MILLI., .METRE. ) );
#2743 = CARTESIAN_POINT ( 'NONE',  ( 12.35540766112494104, -24.11303899535583284, -137.8445923389258780 ) ) ;
#2744 = CARTESIAN_POINT ( 'NONE',  ( -38.49999999999993605, -23.59999999999999787, -141.0735026918962660 ) ) ;
#2745 = VECTOR ( 'NONE', #1951, 1000.000000000000000 ) ;
#2746 = ORIENTED_EDGE ( 'NONE', *, *, #2097, .T. ) ;
#2747 = EDGE_CURVE ( 'NONE', #2924, #2603, #1558, .T. ) ;
#2748 = DIRECTION ( 'NONE',  ( -3.994651572012802978E-32, -1.000000000000000000, 1.442597485219800730E-16 ) ) ;
#2749 = AXIS2_PLACEMENT_3D ( 'NONE', #596, #1103, #2159 ) ;
#2750 =( NAMED_UNIT ( * ) PLANE_ANGLE_UNIT ( ) SI_UNIT ( $, .RADIAN. ) );
#2751 = ORIENTED_EDGE ( 'NONE', *, *, #2033, .F. ) ;
#2752 = LINE ( 'NONE', #663, #2179 ) ;
#2753 = DIRECTION ( 'NONE',  ( 1.000000000000000000, 0.000000000000000000, 0.000000000000000000 ) ) ;
#2754 = VECTOR ( 'NONE', #774, 1000.000000000000000 ) ;
#2755 = ORIENTED_EDGE ( 'NONE', *, *, #2429, .F. ) ;
#2756 = AXIS2_PLACEMENT_3D ( 'NONE', #1401, #625, #2209 ) ;
#2757 = DIRECTION ( 'NONE',  ( 0.000000000000000000, 0.000000000000000000, 1.000000000000000000 ) ) ;
#2758 = AXIS2_PLACEMENT_3D ( 'NONE', #1477, #972, #202 ) ;
#2759 = VECTOR ( 'NONE', #846, 1000.000000000000000 ) ;
#2760 = EDGE_CURVE ( 'NONE', #2283, #2043, #1614, .T. ) ;
#2761 = ORIENTED_EDGE ( 'NONE', *, *, #1967, .F. ) ;
#2762 = CARTESIAN_POINT ( 'NONE',  ( 31.49999999999992539, -26.59999999999999787, -126.3568542494923861 ) ) ;
#2763 = EDGE_CURVE ( 'NONE', #1857, #3092, #2174, .T. ) ;
#2764 = FILL_AREA_STYLE_COLOUR ( '', #718 ) ;
#2765 = ORIENTED_EDGE ( 'NONE', *, *, #1880, .F. ) ;
#2766 = VECTOR ( 'NONE', #80, 1000.000000000000000 ) ;
#2767 = LINE ( 'NONE', #421, #822 ) ;
#2768 = VERTEX_POINT ( 'NONE', #1649 ) ;
#2769 = DIRECTION ( 'NONE',  ( 1.000000000000000000, 0.000000000000000000, 0.000000000000000000 ) ) ;
#2770 = DIRECTION ( 'NONE',  ( 3.994651572012802978E-32, 1.000000000000000000, 0.000000000000000000 ) ) ;
#2771 = CARTESIAN_POINT ( 'NONE',  ( 70.00000000000001421, 38.20031440401338330, -78.50873698486809360 ) ) ;
#2772 = ORIENTED_EDGE ( 'NONE', *, *, #2699, .T. ) ;
#2773 = DIRECTION ( 'NONE',  ( -1.000000000000000000, 4.930380657631323784E-32, 2.921439046990504887E-16 ) ) ;
#2774 = FACE_OUTER_BOUND ( 'NONE', #1129, .T. ) ;
#2775 = EDGE_CURVE ( 'NONE', #1589, #1162, #2515, .T. ) ;
#2776 = FACE_OUTER_BOUND ( 'NONE', #125, .T. ) ;
#2777 = VERTEX_POINT ( 'NONE', #1121 ) ;
#2778 = EDGE_CURVE ( 'NONE', #299, #1457, #365, .T. ) ;
#2779 = CARTESIAN_POINT ( 'NONE',  ( 30.49999999999992895, -26.59999999999999787, -123.9426406871192938 ) ) ;
#2780 = DIRECTION ( 'NONE',  ( 6.938893903907221475E-16, 0.000000000000000000, 1.000000000000000000 ) ) ;
#2781 = ORIENTED_EDGE ( 'NONE', *, *, #28, .T. ) ;
#2782 = DIRECTION ( 'NONE',  ( 2.518054949610443880E-16, 0.3746065934159182875, 0.9271838545667848708 ) ) ;
#2783 = ORIENTED_EDGE ( 'NONE', *, *, #1093, .T. ) ;
#2784 =( BOUNDED_CURVE ( )  B_SPLINE_CURVE ( 3, ( #942, #2443, #2811, #114 ),
 .UNSPECIFIED., .F., .T. ) 
 B_SPLINE_CURVE_WITH_KNOTS ( ( 4, 4 ),
 ( 2.338531563114339296, 2.617993877991495744 ),
 .UNSPECIFIED. ) 
 CURVE ( )  GEOMETRIC_REPRESENTATION_ITEM ( )  RATIONAL_B_SPLINE_CURVE ( ( 1.000000000000000000, 0.9935023170373131762, 0.9935023170373131762, 1.000000000000000000 ) ) 
 REPRESENTATION_ITEM ( '' )  );
#2785 = ORIENTED_EDGE ( 'NONE', *, *, #1559, .T. ) ;
#2786 = CARTESIAN_POINT ( 'NONE',  ( -67.00000000000001421, -22.79999999999998650, -145.3996525863349802 ) ) ;
#2787 = CARTESIAN_POINT ( 'NONE',  ( -52.00000000000002132, -20.60000000000000142, -133.7999999999999545 ) ) ;
#2788 = CYLINDRICAL_SURFACE ( 'NONE', #319, 3.000000000000002665 ) ;
#2789 = VECTOR ( 'NONE', #2189, 1000.000000000000000 ) ;
#2790 = ORIENTED_EDGE ( 'NONE', *, *, #3235, .T. ) ;
#2791 = VERTEX_POINT ( 'NONE', #2694 ) ;
#2792 = CARTESIAN_POINT ( 'NONE',  ( 69.99999999999998579, -18.04999999999998650, 2.053133022852877188E-14 ) ) ;
#2793 = CARTESIAN_POINT ( 'NONE',  ( -10.78764420775472033, -23.59999999999999787, -137.1367999788048735 ) ) ;
#2794 = FACE_OUTER_BOUND ( 'NONE', #914, .T. ) ;
#2795 = CARTESIAN_POINT ( 'NONE',  ( -70.00000000000001421, -33.00000000000000000, -110.2000000000002018 ) ) ;
#2796 = CIRCLE ( 'NONE', #3218, 1.750000000000001554 ) ;
#2797 = EDGE_CURVE ( 'NONE', #1290, #2703, #2256, .T. ) ;
#2798 = VERTEX_POINT ( 'NONE', #1469 ) ;
#2799 = LINE ( 'NONE', #2540, #3323 ) ;
#2800 = LINE ( 'NONE', #469, #188 ) ;
#2801 = ORIENTED_EDGE ( 'NONE', *, *, #2760, .T. ) ;
#2802 = EDGE_CURVE ( 'NONE', #1685, #1632, #2520, .T. ) ;
#2803 = CARTESIAN_POINT ( 'NONE',  ( 66.99999999999998579, -18.04999999999998650, 1.817994761385374285E-14 ) ) ;
#2804 = DIRECTION ( 'NONE',  ( 0.7071067811865426878, 0.000000000000000000, 0.7071067811865524577 ) ) ;
#2805 = ORIENTED_EDGE ( 'NONE', *, *, #3314, .F. ) ;
#2806 = ORIENTED_EDGE ( 'NONE', *, *, #147, .T. ) ;
#2807 = CARTESIAN_POINT ( 'NONE',  ( 0.000000000000000000, -55.52582403567247837, -114.2000000000000881 ) ) ;
#2808 = DIRECTION ( 'NONE',  ( 0.000000000000000000, 1.000000000000000000, 0.000000000000000000 ) ) ;
#2809 = ORIENTED_EDGE ( 'NONE', *, *, #354, .F. ) ;
#2810 = ORIENTED_EDGE ( 'NONE', *, *, #1194, .T. ) ;
#2811 = CARTESIAN_POINT ( 'NONE',  ( 17.31945870182970992, -27.79062539838378498, -132.8805412981702432 ) ) ;
#2812 = CARTESIAN_POINT ( 'NONE',  ( -11.34655325480037646, -23.59999999999999787, -135.9830107775495378 ) ) ;
#2813 = CARTESIAN_POINT ( 'NONE',  ( -70.00000000000000000, 49.09467705488607692, -26.10410283445755297 ) ) ;
#2814 = VECTOR ( 'NONE', #2383, 1000.000000000000000 ) ;
#2815 = AXIS2_PLACEMENT_3D ( 'NONE', #2622, #37, #88 ) ;
#2816 = DIRECTION ( 'NONE',  ( 0.000000000000000000, -3.965082230804126670E-15, 1.000000000000000000 ) ) ;
#2817 = DIRECTION ( 'NONE',  ( 1.000000000000000000, 0.000000000000000000, 0.000000000000000000 ) ) ;
#2818 = PRODUCT_RELATED_PRODUCT_CATEGORY ( 'part', '', ( #1285 ) ) ;
#2819 = ORIENTED_EDGE ( 'NONE', *, *, #598, .F. ) ;
#2820 = CARTESIAN_POINT ( 'NONE',  ( -4.484056724273546684E-14, -22.80000000000000071, -145.3996525863350087 ) ) ;
#2821 = EDGE_CURVE ( 'NONE', #1162, #2342, #182, .T. ) ;
#2822 = VERTEX_POINT ( 'NONE', #451 ) ;
#2823 = CARTESIAN_POINT ( 'NONE',  ( -70.00000000000001421, -26.99999999999995737, -104.2000000000001023 ) ) ;
#2824 = LINE ( 'NONE', #2044, #1338 ) ;
#2825 = EDGE_CURVE ( 'NONE', #3034, #1979, #240, .T. ) ;
#2826 = ORIENTED_EDGE ( 'NONE', *, *, #2900, .T. ) ;
#2827 = VERTEX_POINT ( 'NONE', #269 ) ;
#2828 = CARTESIAN_POINT ( 'NONE',  ( 70.00000000000001421, -26.99999999999989697, -104.2000000000001023 ) ) ;
#2829 = CARTESIAN_POINT ( 'NONE',  ( -70.00000000000001421, -14.59999999999999964, -104.2000000000001023 ) ) ;
#2830 = CARTESIAN_POINT ( 'NONE',  ( -10.44189839705101974, -23.59999999999999787, -137.9180509553952731 ) ) ;
#2831 = CARTESIAN_POINT ( 'NONE',  ( 70.00000000000002842, -19.79999999999998650, -143.7426406871192910 ) ) ;
#2832 = CARTESIAN_POINT ( 'NONE',  ( -30.50000000000002487, -28.60000000000000142, -127.2000000000000313 ) ) ;
#2833 = CARTESIAN_POINT ( 'NONE',  ( -67.00000000000001421, -33.00000000000000000, -110.2000000000002018 ) ) ;
#2834 = LINE ( 'NONE', #504, #613 ) ;
#2835 = CYLINDRICAL_SURFACE ( 'NONE', #2343, 2.000000000000001776 ) ;
#2836 = ORIENTED_EDGE ( 'NONE', *, *, #1776, .T. ) ;
#2837 = CARTESIAN_POINT ( 'NONE',  ( -13.24314575050760467, -23.92021085505071554, -135.2999999999999829 ) ) ;
#2838 = ORIENTED_EDGE ( 'NONE', *, *, #2552, .T. ) ;
#2839 = ORIENTED_EDGE ( 'NONE', *, *, #2107, .T. ) ;
#2840 = VECTOR ( 'NONE', #1496, 1000.000000000000114 ) ;
#2841 = EDGE_CURVE ( 'NONE', #2984, #1575, #984, .T. ) ;
#2842 = DIRECTION ( 'NONE',  ( 0.000000000000000000, 0.000000000000000000, 1.000000000000000000 ) ) ;
#2843 = PLANE ( 'NONE',  #851 ) ;
#2844 = PLANE ( 'NONE',  #832 ) ;
#2845 = AXIS2_PLACEMENT_3D ( 'NONE', #2310, #1813, #502 ) ;
#2846 = CARTESIAN_POINT ( 'NONE',  ( 66.99999999999994316, -21.54999999999999005, -143.7426406871192626 ) ) ;
#2847 = DIRECTION ( 'NONE',  ( -2.921439046990504887E-16, 0.000000000000000000, -1.000000000000000000 ) ) ;
#2848 = PLANE ( 'NONE',  #2946 ) ;
#2849 = ORIENTED_EDGE ( 'NONE', *, *, #712, .F. ) ;
#2850 = CARTESIAN_POINT ( 'NONE',  ( -16.07157287525376077, -26.40514591068205874, -134.1284271247461675 ) ) ;
#2851 = ORIENTED_EDGE ( 'NONE', *, *, #2825, .F. ) ;
#2852 = ORIENTED_EDGE ( 'NONE', *, *, #493, .F. ) ;
#2853 = CARTESIAN_POINT ( 'NONE',  ( -66.99999999999998579, 29.17134566577912835, -11.78598869187744569 ) ) ;
#2854 = LINE ( 'NONE', #2371, #2145 ) ;
#2855 = CARTESIAN_POINT ( 'NONE',  ( -13.24314575050760467, -23.92021085505071554, -135.2999999999999829 ) ) ;
#2856 = CARTESIAN_POINT ( 'NONE',  ( -67.00000000000001421, -55.52582403567247837, -130.2000000000001023 ) ) ;
#2857 = EDGE_CURVE ( 'NONE', #556, #1062, #196, .T. ) ;
#2858 = VECTOR ( 'NONE', #1238, 1000.000000000000000 ) ;
#2859 = DIRECTION ( 'NONE',  ( 0.000000000000000000, 1.000000000000000000, 0.000000000000000000 ) ) ;
#2860 = CARTESIAN_POINT ( 'NONE',  ( -67.00000000000001421, -27.59999999999994458, -152.3000000000000114 ) ) ;
#2861 = ADVANCED_FACE ( 'NONE', ( #1754 ), #1996, .T. ) ;
#2862 = VECTOR ( 'NONE', #251, 1000.000000000000000 ) ;
#2863 = VECTOR ( 'NONE', #3324, 1000.000000000000000 ) ;
#2864 = LINE ( 'NONE', #26, #1022 ) ;
#2865 = EDGE_LOOP ( 'NONE', ( #1975, #379, #2686, #2416, #3319, #68, #1637, #2251 ) ) ;
#2866 = VERTEX_POINT ( 'NONE', #1224 ) ;
#2867 = DIRECTION ( 'NONE',  ( 1.920367488605415297E-16, -0.7071067811865434649, -0.7071067811865516806 ) ) ;
#2868 = ORIENTED_EDGE ( 'NONE', *, *, #3139, .F. ) ;
#2869 = ORIENTED_EDGE ( 'NONE', *, *, #2978, .F. ) ;
#2870 = LINE ( 'NONE', #3137, #291 ) ;
#2871 = LINE ( 'NONE', #528, #531 ) ;
#2872 = CARTESIAN_POINT ( 'NONE',  ( 30.49999999999992895, -54.44027863626858732, -123.9426406871192938 ) ) ;
#2873 = ORIENTED_EDGE ( 'NONE', *, *, #286, .T. ) ;
#2874 = EDGE_CURVE ( 'NONE', #1802, #471, #487, .T. ) ;
#2875 = DIRECTION ( 'NONE',  ( 1.000000000000000000, -1.245997829096082429E-16, 1.797473334843339370E-32 ) ) ;
#2876 = CARTESIAN_POINT ( 'NONE',  ( -36.26413503272087979, -24.56480248637479136, -136.7382303408177222 ) ) ;
#2877 = EDGE_CURVE ( 'NONE', #2966, #1802, #1798, .T. ) ;
#2878 = ADVANCED_FACE ( 'NONE', ( #1773 ), #3025, .F. ) ;
#2879 = FACE_OUTER_BOUND ( 'NONE', #1251, .T. ) ;
#2880 = ORIENTED_EDGE ( 'NONE', *, *, #1390, .F. ) ;
#2881 = DIRECTION ( 'NONE',  ( -0.7071067811865465735, 0.000000000000000000, 0.7071067811865484609 ) ) ;
#2882 = CARTESIAN_POINT ( 'NONE',  ( -67.00000000000001421, -33.00000000000000000, -110.2000000000002018 ) ) ;
#2883 = VERTEX_POINT ( 'NONE', #234 ) ;
#2884 = ORIENTED_EDGE ( 'NONE', *, *, #2142, .T. ) ;
#2885 = DIRECTION ( 'NONE',  ( -3.994651572012802978E-32, -1.000000000000000000, 0.000000000000000000 ) ) ;
#2886 = LINE ( 'NONE', #1628, #2685 ) ;
#2887 = DIRECTION ( 'NONE',  ( 0.000000000000000000, 0.000000000000000000, -1.000000000000000000 ) ) ;
#2888 = DIRECTION ( 'NONE',  ( 0.000000000000000000, 3.172065784643301336E-14, 1.000000000000000000 ) ) ;
#2889 = EDGE_LOOP ( 'NONE', ( #2761, #1747, #2916, #940 ) ) ;
#2890 = VECTOR ( 'NONE', #3316, 1000.000000000000000 ) ;
#2891 = DIRECTION ( 'NONE',  ( 0.000000000000000000, 0.000000000000000000, 1.000000000000000000 ) ) ;
#2892 = DIRECTION ( 'NONE',  ( 3.994651572012802978E-32, 1.000000000000000000, 0.000000000000000000 ) ) ;
#2893 = ORIENTED_EDGE ( 'NONE', *, *, #199, .F. ) ;
#2894 = AXIS2_PLACEMENT_3D ( 'NONE', #2498, #1459, #1744 ) ;
#2895 = CIRCLE ( 'NONE', #1473, 1.750000000000001554 ) ;
#2896 = EDGE_CURVE ( 'NONE', #853, #2468, #3337, .T. ) ;
#2897 = ORIENTED_EDGE ( 'NONE', *, *, #694, .F. ) ;
#2898 = CARTESIAN_POINT ( 'NONE',  ( -67.00000000000001421, -22.79999999999998650, -142.5000000000000000 ) ) ;
#2899 = CARTESIAN_POINT ( 'NONE',  ( 0.000000000000000000, -23.59999999999999787, -134.7999999999999545 ) ) ;
#2900 = EDGE_CURVE ( 'NONE', #525, #1568, #2799, .T. ) ;
#2901 = EDGE_LOOP ( 'NONE', ( #2146, #105, #1134, #1777, #134, #4, #1728, #2427 ) ) ;
#2902 = ORIENTED_EDGE ( 'NONE', *, *, #1565, .F. ) ;
#2903 = CARTESIAN_POINT ( 'NONE',  ( 0.000000000000000000, -20.60000000000000142, -135.2999999999999829 ) ) ;
#2904 = DIRECTION ( 'NONE',  ( 6.938893903907222461E-16, 0.000000000000000000, 1.000000000000000000 ) ) ;
#2905 = CARTESIAN_POINT ( 'NONE',  ( -9.126497308103667550, -23.59999999999999787, -141.0735026918962660 ) ) ;
#2906 = ORIENTED_EDGE ( 'NONE', *, *, #3358, .T. ) ;
#2907 = CARTESIAN_POINT ( 'NONE',  ( 50.50000000000000711, -20.60000000000000142, -135.2999999999999829 ) ) ;
#2908 = AXIS2_PLACEMENT_3D ( 'NONE', #1897, #600, #1635 ) ;
#2909 = ORIENTED_EDGE ( 'NONE', *, *, #253, .T. ) ;
#2910 = CYLINDRICAL_SURFACE ( 'NONE', #1703, 3.000000000000002665 ) ;
#2911 = VERTEX_POINT ( 'NONE', #2055 ) ;
#2912 = CIRCLE ( 'NONE', #1181, 10.00000000000000888 ) ;
#2913 = EDGE_CURVE ( 'NONE', #1802, #1607, #214, .T. ) ;
#2914 = CARTESIAN_POINT ( 'NONE',  ( 52.00000000000002132, -27.59999999999999787, -104.8000000000001961 ) ) ;
#2915 = CARTESIAN_POINT ( 'NONE',  ( 50.70261638806118043, -82.61195062801962763, -99.49738361193881531 ) ) ;
#2916 = ORIENTED_EDGE ( 'NONE', *, *, #2393, .F. ) ;
#2917 = VERTEX_POINT ( 'NONE', #1258 ) ;
#2918 = CARTESIAN_POINT ( 'NONE',  ( 52.00000000000002132, -27.59999999999999787, -124.2000000000000881 ) ) ;
#2919 = EDGE_CURVE ( 'NONE', #2164, #3164, #130, .T. ) ;
#2920 = CARTESIAN_POINT ( 'NONE',  ( -35.49999999999993605, -28.60000000000000142, -126.3568542494923861 ) ) ;
#2921 = CARTESIAN_POINT ( 'NONE',  ( 14.29774873366835664, -23.60000000000000497, -134.8336363456980393 ) ) ;
#2922 = DIRECTION ( 'NONE',  ( 0.000000000000000000, 0.000000000000000000, -1.000000000000000000 ) ) ;
#2923 = FACE_OUTER_BOUND ( 'NONE', #1369, .T. ) ;
#2924 = VERTEX_POINT ( 'NONE', #2833 ) ;
#2925 = CIRCLE ( 'NONE', #3194, 2.000000000000001776 ) ;
#2926 = DIRECTION ( 'NONE',  ( 1.734723475976805517E-15, 0.000000000000000000, -1.000000000000000000 ) ) ;
#2927 = LINE ( 'NONE', #1372, #2479 ) ;
#2928 = ORIENTED_EDGE ( 'NONE', *, *, #2425, .T. ) ;
#2929 = CARTESIAN_POINT ( 'NONE',  ( 70.00000000000002842, -29.99999999999995737, -155.2999999999999829 ) ) ;
#2930 = VERTEX_POINT ( 'NONE', #1504 ) ;
#2931 = EDGE_CURVE ( 'NONE', #2233, #2726, #1974, .T. ) ;
#2932 = EDGE_LOOP ( 'NONE', ( #2532, #1277, #2450, #552 ) ) ;
#2933 = DIRECTION ( 'NONE',  ( 0.7071067811865484609, -0.000000000000000000, 0.7071067811865465735 ) ) ;
#2934 = CARTESIAN_POINT ( 'NONE',  ( 52.00000000000002132, -55.52582403567247837, -114.2000000000000881 ) ) ;
#2935 = CARTESIAN_POINT ( 'NONE',  ( -36.74264068711921993, -23.59999999999999787, -135.2999999999999829 ) ) ;
#2936 = DIRECTION ( 'NONE',  ( -0.000000000000000000, 1.000000000000000000, -0.000000000000000000 ) ) ;
#2937 = ADVANCED_FACE ( 'NONE', ( #2577 ), #250, .F. ) ;
#2938 = ORIENTED_EDGE ( 'NONE', *, *, #2473, .F. ) ;
#2939 = CARTESIAN_POINT ( 'NONE',  ( 30.49999999999993250, -26.59999999999999787, -127.2000000000000313 ) ) ;
#2940 = EDGE_CURVE ( 'NONE', #2633, #3260, #1020, .T. ) ;
#2941 = AXIS2_PLACEMENT_3D ( 'NONE', #747, #728, #2816 ) ;
#2942 = LINE ( 'NONE', #1580, #2165 ) ;
#2943 = CARTESIAN_POINT ( 'NONE',  ( -141.0000000000000284, -23.29560471257144982, -149.9631512481042819 ) ) ;
#2944 = AXIS2_PLACEMENT_3D ( 'NONE', #1940, #1696, #428 ) ;
#2945 = ORIENTED_EDGE ( 'NONE', *, *, #2244, .F. ) ;
#2946 = AXIS2_PLACEMENT_3D ( 'NONE', #236, #489, #2557 ) ;
#2947 = CARTESIAN_POINT ( 'NONE',  ( 53.99999999999995026, -27.59999999999999787, -114.2000000000000881 ) ) ;
#2948 = VECTOR ( 'NONE', #2180, 1000.000000000000000 ) ;
#2949 = DIRECTION ( 'NONE',  ( 0.000000000000000000, 1.000000000000000000, 0.000000000000000000 ) ) ;
#2950 = ORIENTED_EDGE ( 'NONE', *, *, #204, .T. ) ;
#2951 = ORIENTED_EDGE ( 'NONE', *, *, #2411, .T. ) ;
#2952 = DIRECTION ( 'NONE',  ( -1.000000000000000000, 0.000000000000000000, 0.000000000000000000 ) ) ;
#2953 = CARTESIAN_POINT ( 'NONE',  ( -70.00000000000001421, -33.00000000000000000, -104.2000000000001023 ) ) ;
#2954 = CARTESIAN_POINT ( 'NONE',  ( 15.19193497968523765, -25.64357153764605357, -135.0080650204845085 ) ) ;
#2955 = ORIENTED_EDGE ( 'NONE', *, *, #650, .T. ) ;
#2956 = DIRECTION ( 'NONE',  ( 2.518054949610446345E-16, 0.3746065934159159005, 0.9271838545667857590 ) ) ;
#2957 = EDGE_CURVE ( 'NONE', #1373, #16, #2250, .T. ) ;
#2958 = CARTESIAN_POINT ( 'NONE',  ( 36.01176003602448361, -24.87036431580638052, -136.1465154728672928 ) ) ;
#2959 = CARTESIAN_POINT ( 'NONE',  ( -38.32751648497369246, -23.60372567952928691, -140.7585918761601249 ) ) ;
#2960 = VECTOR ( 'NONE', #3140, 1000.000000000000000 ) ;
#2961 = DIRECTION ( 'NONE',  ( 0.000000000000000000, 0.000000000000000000, -1.000000000000000000 ) ) ;
#2962 = EDGE_CURVE ( 'NONE', #2342, #2777, #127, .T. ) ;
#2963 = CARTESIAN_POINT ( 'NONE',  ( 35.49999999999993605, -25.10000000000002274, -132.7019237886466385 ) ) ;
#2964 = ORIENTED_EDGE ( 'NONE', *, *, #855, .F. ) ;
#2965 = LINE ( 'NONE', #2197, #2579 ) ;
#2966 = VERTEX_POINT ( 'NONE', #1654 ) ;
#2967 = ORIENTED_EDGE ( 'NONE', *, *, #2163, .T. ) ;
#2968 = VECTOR ( 'NONE', #1660, 1000.000000000000000 ) ;
#2969 = VECTOR ( 'NONE', #2105, 1000.000000000000000 ) ;
#2970 = DIRECTION ( 'NONE',  ( 0.000000000000000000, 0.000000000000000000, 1.000000000000000000 ) ) ;
#2971 = APPLICATION_PROTOCOL_DEFINITION ( 'draft international standard', 'automotive_design', 1998, #3203 ) ;
#2972 = FACE_OUTER_BOUND ( 'NONE', #1363, .T. ) ;
#2973 = ORIENTED_EDGE ( 'NONE', *, *, #1043, .F. ) ;
#2974 = LINE ( 'NONE', #3265, #950 ) ;
#2975 = CARTESIAN_POINT ( 'NONE',  ( 37.15791645266951093, -23.91084728032534557, -138.5786660458214783 ) ) ;
#2976 = EDGE_CURVE ( 'NONE', #1979, #3034, #2510, .T. ) ;
#2977 = DIRECTION ( 'NONE',  ( -2.715809747126122424E-16, 1.357904873563061212E-16, 1.000000000000000000 ) ) ;
#2978 = EDGE_CURVE ( 'NONE', #656, #304, #1155, .T. ) ;
#2979 = ORIENTED_EDGE ( 'NONE', *, *, #3117, .F. ) ;
#2980 = EDGE_CURVE ( 'NONE', #910, #58, #89, .T. ) ;
#2981 = CARTESIAN_POINT ( 'NONE',  ( 53.99999999999995026, -27.59999999999999787, -124.2000000000000881 ) ) ;
#2982 = CARTESIAN_POINT ( 'NONE',  ( -141.0000000000000284, -21.67303296707958182, -152.3687127865821367 ) ) ;
#2983 = ORIENTED_EDGE ( 'NONE', *, *, #2224, .T. ) ;
#2984 = VERTEX_POINT ( 'NONE', #2744 ) ;
#2985 = LINE ( 'NONE', #2351, #73 ) ;
#2986 = EDGE_LOOP ( 'NONE', ( #242, #923, #934, #2751, #3227 ) ) ;
#2987 = FACE_OUTER_BOUND ( 'NONE', #2514, .T. ) ;
#2988 = CARTESIAN_POINT ( 'NONE',  ( 10.43779100636046131, -23.66467083474130817, -139.7622089936350847 ) ) ;
#2989 = CARTESIAN_POINT ( 'NONE',  ( -52.00000000000002132, -22.60000000000000142, 0.000000000000000000 ) ) ;
#2990 = ORIENTED_EDGE ( 'NONE', *, *, #2312, .T. ) ;
#2991 = FACE_OUTER_BOUND ( 'NONE', #823, .T. ) ;
#2992 = CARTESIAN_POINT ( 'NONE',  ( -30.50000000000002487, -54.44027863626858732, -125.2000000000000313 ) ) ;
#2993 = EDGE_LOOP ( 'NONE', ( #1377, #603 ) ) ;
#2994 = CARTESIAN_POINT ( 'NONE',  ( 67.00000000000000000, 38.60000000000023590, -38.60000000000060538 ) ) ;
#2995 = LINE ( 'NONE', #1707, #1189 ) ;
#2996 = VECTOR ( 'NONE', #484, 1000.000000000000000 ) ;
#2997 = DIRECTION ( 'NONE',  ( -1.000000000000000000, 0.000000000000000000, 2.715809747126122917E-16 ) ) ;
#2998 = EDGE_CURVE ( 'NONE', #703, #2930, #876, .T. ) ;
#2999 = EDGE_LOOP ( 'NONE', ( #1873, #2619, #2644, #2424, #2397 ) ) ;
#3000 = ORIENTED_EDGE ( 'NONE', *, *, #800, .F. ) ;
#3001 = DIRECTION ( 'NONE',  ( -1.920367488605413572E-16, -0.7071067811865441310, -0.7071067811865510144 ) ) ;
#3002 = PRESENTATION_STYLE_ASSIGNMENT (( #1722 ) ) ;
#3003 = EDGE_CURVE ( 'NONE', #703, #2245, #655, .T. ) ;
#3004 = ORIENTED_EDGE ( 'NONE', *, *, #1691, .F. ) ;
#3005 = LINE ( 'NONE', #2303, #2333 ) ;
#3006 = CARTESIAN_POINT ( 'NONE',  ( 35.49999999999994316, -26.34110890694485363, -134.1858382924295654 ) ) ;
#3007 = ORIENTED_EDGE ( 'NONE', *, *, #1904, .F. ) ;
#3008 = DIRECTION ( 'NONE',  ( -2.824645215047741377E-32, -0.7071067811865441310, -0.7071067811865510144 ) ) ;
#3009 = ORIENTED_EDGE ( 'NONE', *, *, #3041, .F. ) ;
#3010 = LINE ( 'NONE', #2277, #1717 ) ;
#3011 = VECTOR ( 'NONE', #1729, 1000.000000000000000 ) ;
#3012 = EDGE_LOOP ( 'NONE', ( #1326, #1921, #549, #874, #1302, #2338 ) ) ;
#3013 = EDGE_CURVE ( 'NONE', #1818, #61, #1154, .T. ) ;
#3014 = AXIS2_PLACEMENT_3D ( 'NONE', #2828, #513, #2103 ) ;
#3015 = CARTESIAN_POINT ( 'NONE',  ( 35.51172952924125781, -25.29622546059343691, -132.5886329661511525 ) ) ;
#3016 = CARTESIAN_POINT ( 'NONE',  ( 5.602540879466162701E-30, 117.4335778825589927, -152.3000000000000398 ) ) ;
#3017 = ORIENTED_EDGE ( 'NONE', *, *, #2119, .T. ) ;
#3018 = VECTOR ( 'NONE', #3350, 1000.000000000000114 ) ;
#3019 = ORIENTED_EDGE ( 'NONE', *, *, #1634, .T. ) ;
#3020 = ADVANCED_FACE ( 'NONE', ( #2972 ), #606, .F. ) ;
#3021 = CARTESIAN_POINT ( 'NONE',  ( -69.99999999999998579, 22.84370541669636623, -5.718299590851925629 ) ) ;
#3022 = CARTESIAN_POINT ( 'NONE',  ( -15.19149380441760400, -25.64323494172979068, -135.0085061957484527 ) ) ;
#3023 = CARTESIAN_POINT ( 'NONE',  ( 38.32754531849062118, -23.60372400140957083, -140.7586445545946106 ) ) ;
#3024 = ORIENTED_EDGE ( 'NONE', *, *, #1371, .F. ) ;
#3025 = CYLINDRICAL_SURFACE ( 'NONE', #1465, 2.000000000000001776 ) ;
#3026 = CARTESIAN_POINT ( 'NONE',  ( 67.00000000000002842, -22.79999999999998650, -155.2999999999999829 ) ) ;
#3027 = VERTEX_POINT ( 'NONE', #1648 ) ;
#3028 = ORIENTED_EDGE ( 'NONE', *, *, #1610, .T. ) ;
#3029 = ORIENTED_EDGE ( 'NONE', *, *, #1885, .T. ) ;
#3030 = LINE ( 'NONE', #3261, #1942 ) ;
#3031 = PRODUCT_CONTEXT ( 'NONE', #3203, 'mechanical' ) ;
#3032 = CARTESIAN_POINT ( 'NONE',  ( 50.50000000000000711, -23.60000000000000853, -135.2999999999999829 ) ) ;
#3033 = ADVANCED_FACE ( 'NONE', ( #2693 ), #1926, .F. ) ;
#3034 = VERTEX_POINT ( 'NONE', #2249 ) ;
#3035 = CARTESIAN_POINT ( 'NONE',  ( 30.49999999999993250, -26.59999999999999787, -127.2000000000000313 ) ) ;
#3036 = CARTESIAN_POINT ( 'NONE',  ( -13.66246026165937977, -23.59999999999999787, -135.3435040430601646 ) ) ;
#3037 = CARTESIAN_POINT ( 'NONE',  ( -66.99999999999998579, 0.000000000000000000, 1.817994761385374285E-14 ) ) ;
#3038 = PLANE ( 'NONE',  #2698 ) ;
#3039 = ADVANCED_FACE ( 'NONE', ( #1514 ), #205, .F. ) ;
#3040 = DIRECTION ( 'NONE',  ( 0.000000000000000000, 0.000000000000000000, 1.000000000000000000 ) ) ;
#3041 = EDGE_CURVE ( 'NONE', #2252, #1236, #2297, .T. ) ;
#3042 = ORIENTED_EDGE ( 'NONE', *, *, #417, .F. ) ;
#3043 = DIRECTION ( 'NONE',  ( -1.000000000000000000, 0.000000000000000000, 3.083952846180988308E-16 ) ) ;
#3044 = AXIS2_PLACEMENT_3D ( 'NONE', #1040, #970, #2335 ) ;
#3045 = ORIENTED_EDGE ( 'NONE', *, *, #1760, .T. ) ;
#3046 = VECTOR ( 'NONE', #1734, 1000.000000000000000 ) ;
#3047 = DIRECTION ( 'NONE',  ( -1.000000000000000000, 0.000000000000000000, -3.083952846180988308E-16 ) ) ;
#3048 = ORIENTED_EDGE ( 'NONE', *, *, #1868, .T. ) ;
#3049 = FACE_OUTER_BOUND ( 'NONE', #2889, .T. ) ;
#3050 = DIRECTION ( 'NONE',  ( 1.000000000000000000, 0.000000000000000000, 2.885194970439601952E-16 ) ) ;
#3051 = ORIENTED_EDGE ( 'NONE', *, *, #3334, .F. ) ;
#3052 = ORIENTED_EDGE ( 'NONE', *, *, #1494, .F. ) ;
#3053 = CARTESIAN_POINT ( 'NONE',  ( -15.30166357516234577, -23.59999999999924114, -134.2275259805274743 ) ) ;
#3054 = DIRECTION ( 'NONE',  ( 0.000000000000000000, 1.000000000000000000, 0.000000000000000000 ) ) ;
#3055 = EDGE_CURVE ( 'NONE', #2354, #1937, #3278, .T. ) ;
#3056 = CYLINDRICAL_SURFACE ( 'NONE', #900, 4.000000000000003553 ) ;
#3057 = CARTESIAN_POINT ( 'NONE',  ( -67.00000000000002842, -33.00000000000000711, -147.8747394397509254 ) ) ;
#3058 = DIRECTION ( 'NONE',  ( 1.000000000000000000, 0.000000000000000000, 0.000000000000000000 ) ) ;
#3059 = VERTEX_POINT ( 'NONE', #424 ) ;
#3060 = EDGE_CURVE ( 'NONE', #740, #58, #1935, .T. ) ;
#3061 = LINE ( 'NONE', #2315, #1812 ) ;
#3062 = ORIENTED_EDGE ( 'NONE', *, *, #572, .F. ) ;
#3063 = CARTESIAN_POINT ( 'NONE',  ( 16.07157287525376432, -22.62922374470915088, -134.1284271247461675 ) ) ;
#3064 = ORIENTED_EDGE ( 'NONE', *, *, #1929, .T. ) ;
#3065 = CARTESIAN_POINT ( 'NONE',  ( -141.0000000000000284, -18.17742825450810429, -146.6383550522260464 ) ) ;
#3066 = ORIENTED_EDGE ( 'NONE', *, *, #2207, .T. ) ;
#3067 = ORIENTED_EDGE ( 'NONE', *, *, #2566, .T. ) ;
#3068 = LINE ( 'NONE', #885, #3177 ) ;
#3069 = LINE ( 'NONE', #500, #402 ) ;
#3070 = LINE ( 'NONE', #1203, #2381 ) ;
#3071 = PLANE ( 'NONE',  #982 ) ;
#3072 = AXIS2_PLACEMENT_3D ( 'NONE', #460, #3246, #1234 ) ;
#3073 = VECTOR ( 'NONE', #640, 1000.000000000000000 ) ;
#3074 = AXIS2_PLACEMENT_3D ( 'NONE', #2688, #358, #1375 ) ;
#3075 = LINE ( 'NONE', #746, #434 ) ;
#3076 = ORIENTED_EDGE ( 'NONE', *, *, #1807, .F. ) ;
#3077 = CARTESIAN_POINT ( 'NONE',  ( -141.0000000000000284, -21.54999999999999361, -145.6426279727571682 ) ) ;
#3078 = CARTESIAN_POINT ( 'NONE',  ( 0.000000000000000000, -27.59999999999999787, 0.000000000000000000 ) ) ;
#3079 = EDGE_CURVE ( 'NONE', #2217, #2695, #3225, .T. ) ;
#3080 = ORIENTED_EDGE ( 'NONE', *, *, #1448, .T. ) ;
#3081 = CARTESIAN_POINT ( 'NONE',  ( 66.99999999999997158, -18.04999999999998650, -143.7426406871192626 ) ) ;
#3082 = EDGE_CURVE ( 'NONE', #1265, #398, #2854, .T. ) ;
#3083 = EDGE_CURVE ( 'NONE', #676, #993, #5, .T. ) ;
#3084 = ORIENTED_EDGE ( 'NONE', *, *, #2802, .F. ) ;
#3085 = FACE_OUTER_BOUND ( 'NONE', #1087, .T. ) ;
#3086 = ORIENTED_EDGE ( 'NONE', *, *, #1434, .T. ) ;
#3087 = FACE_OUTER_BOUND ( 'NONE', #1733, .T. ) ;
#3088 = CARTESIAN_POINT ( 'NONE',  ( -30.50000000000002487, -54.44027863626858732, -127.2000000000000313 ) ) ;
#3089 = DIRECTION ( 'NONE',  ( 3.760131910250798425E-32, -1.000000000000000000, 1.357904873563061212E-16 ) ) ;
#3090 = DIRECTION ( 'NONE',  ( -0.7071067811865481278, 0.000000000000000000, 0.7071067811865470176 ) ) ;
#3091 = CARTESIAN_POINT ( 'NONE',  ( -15.31140168409731217, -21.31256861917606571, -134.8885983159026409 ) ) ;
#3092 = VERTEX_POINT ( 'NONE', #2829 ) ;
#3093 = CARTESIAN_POINT ( 'NONE',  ( -38.49999999999993605, -23.59999999999999787, -135.2999999999999829 ) ) ;
#3094 = DIRECTION ( 'NONE',  ( 0.000000000000000000, 7.930164461608253340E-15, -1.000000000000000000 ) ) ;
#3095 = DIRECTION ( 'NONE',  ( 0.000000000000000000, 0.000000000000000000, -1.000000000000000000 ) ) ;
#3096 = DIRECTION ( 'NONE',  ( 0.000000000000000000, 0.3746065934159159005, 0.9271838545667857590 ) ) ;
#3097 = ORIENTED_EDGE ( 'NONE', *, *, #3098, .T. ) ;
#3098 = EDGE_CURVE ( 'NONE', #3297, #1080, #1067, .T. ) ;
#3099 = DIRECTION ( 'NONE',  ( -2.518054949610445359E-16, 0.3746065934159172883, 0.9271838545667854259 ) ) ;
#3100 = ORIENTED_EDGE ( 'NONE', *, *, #286, .F. ) ;
#3101 = ORIENTED_EDGE ( 'NONE', *, *, #392, .T. ) ;
#3102 = VECTOR ( 'NONE', #2157, 1000.000000000000000 ) ;
#3103 = EDGE_CURVE ( 'NONE', #1937, #936, #2870, .T. ) ;
#3104 = FACE_OUTER_BOUND ( 'NONE', #150, .T. ) ;
#3105 = CARTESIAN_POINT ( 'NONE',  ( -69.99999999999998579, 32.06004895981228486, -12.95310058132343833 ) ) ;
#3106 = CARTESIAN_POINT ( 'NONE',  ( 52.00000000000002132, -22.60000000000000142, 0.000000000000000000 ) ) ;
#3107 = VECTOR ( 'NONE', #1200, 1000.000000000000000 ) ;
#3108 = DIRECTION ( 'NONE',  ( 1.447828162254595663E-16, -0.8829475928589251010, 0.4694715627858944140 ) ) ;
#3109 = DIRECTION ( 'NONE',  ( 0.000000000000000000, 0.000000000000000000, 1.000000000000000000 ) ) ;
#3110 = CARTESIAN_POINT ( 'NONE',  ( 67.00000000000001421, -33.00000000000000000, -110.2000000000001450 ) ) ;
#3111 = LINE ( 'NONE', #1561, #2169 ) ;
#3112 = DIRECTION ( 'NONE',  ( -2.921439046990504887E-16, 0.000000000000000000, -1.000000000000000000 ) ) ;
#3113 = ORIENTED_EDGE ( 'NONE', *, *, #3055, .T. ) ;
#3114 = LINE ( 'NONE', #2318, #2840 ) ;
#3115 = DIRECTION ( 'NONE',  ( 0.000000000000000000, 0.000000000000000000, -1.000000000000000000 ) ) ;
#3116 = EDGE_LOOP ( 'NONE', ( #1185, #325, #1507, #3042, #81, #2638 ) ) ;
#3117 = EDGE_CURVE ( 'NONE', #3027, #2131, #1809, .T. ) ;
#3118 = ORIENTED_EDGE ( 'NONE', *, *, #1849, .T. ) ;
#3119 = VECTOR ( 'NONE', #3054, 1000.000000000000000 ) ;
#3120 = DIRECTION ( 'NONE',  ( 0.000000000000000000, 1.000000000000000000, 0.000000000000000000 ) ) ;
#3121 = FACE_OUTER_BOUND ( 'NONE', #2341, .T. ) ;
#3122 = ADVANCED_FACE ( 'NONE', ( #1519 ), #2345, .T. ) ;
#3123 = DIRECTION ( 'NONE',  ( 1.000000000000000000, -4.930380657631323784E-32, -2.921439046990504887E-16 ) ) ;
#3124 = ADVANCED_FACE ( 'NONE', ( #808 ), #2554, .T. ) ;
#3125 = VECTOR ( 'NONE', #3001, 1000.000000000000000 ) ;
#3126 = CARTESIAN_POINT ( 'NONE',  ( 66.99999999999998579, 0.000000000000000000, 1.817994761385374285E-14 ) ) ;
#3127 = CARTESIAN_POINT ( 'NONE',  ( 31.49999999999992539, -28.60000000000000142, -126.3568542494923861 ) ) ;
#3128 = AXIS2_PLACEMENT_3D ( 'NONE', #146, #1702, #1715 ) ;
#3129 = AXIS2_PLACEMENT_3D ( 'NONE', #1569, #2584, #29 ) ;
#3130 = CARTESIAN_POINT ( 'NONE',  ( 0.000000000000000000, -27.59999999999999787, -130.2000000000001023 ) ) ;
#3131 = VERTEX_POINT ( 'NONE', #1272 ) ;
#3132 = PLANE ( 'NONE',  #3129 ) ;
#3133 = ORIENTED_EDGE ( 'NONE', *, *, #999, .T. ) ;
#3134 = ORIENTED_EDGE ( 'NONE', *, *, #779, .T. ) ;
#3135 = CARTESIAN_POINT ( 'NONE',  ( -9.126497308103667550, -23.59999999999999787, -141.0735026918962660 ) ) ;
#3136 = CARTESIAN_POINT ( 'NONE',  ( 13.24314575050757803, -20.60000000000000142, -135.2999999999999829 ) ) ;
#3137 = CARTESIAN_POINT ( 'NONE',  ( 18.36410161513772721, -26.59999999999999787, -130.1038475772933225 ) ) ;
#3138 = FACE_OUTER_BOUND ( 'NONE', #226, .T. ) ;
#3139 = EDGE_CURVE ( 'NONE', #200, #2709, #2606, .T. ) ;
#3140 = DIRECTION ( 'NONE',  ( 1.000000000000000000, 7.947846509918635963E-32, 3.083952846180988308E-16 ) ) ;
#3141 = EDGE_LOOP ( 'NONE', ( #1943, #1242, #2527, #2399, #969, #209, #1049, #2221 ) ) ;
#3142 = LINE ( 'NONE', #2665, #1883 ) ;
#3143 = ADVANCED_FACE ( 'NONE', ( #231 ), #1053, .T. ) ;
#3144 = PLANE ( 'NONE',  #3326 ) ;
#3145 = ORIENTED_EDGE ( 'NONE', *, *, #3139, .T. ) ;
#3146 = ADVANCED_FACE ( 'NONE', ( #2067 ), #263, .F. ) ;
#3147 = ORIENTED_EDGE ( 'NONE', *, *, #1624, .F. ) ;
#3148 = DIRECTION ( 'NONE',  ( 0.000000000000000000, 0.000000000000000000, -1.000000000000000000 ) ) ;
#3149 = ORIENTED_EDGE ( 'NONE', *, *, #2599, .T. ) ;
#3150 = EDGE_LOOP ( 'NONE', ( #457, #2662, #1357, #2809, #2126, #183, #803, #749 ) ) ;
#3151 = CARTESIAN_POINT ( 'NONE',  ( -35.73812612206211980, -22.39571099517833730, -134.2632457735469984 ) ) ;
#3152 = CARTESIAN_POINT ( 'NONE',  ( -28.37867965644029411, -54.44027863626858732, -121.8213203435596625 ) ) ;
#3153 = DIRECTION ( 'NONE',  ( 1.000000000000000000, 0.000000000000000000, -3.083952846180988801E-16 ) ) ;
#3154 = DIRECTION ( 'NONE',  ( -2.518054949610445359E-16, -0.3746065934159172883, -0.9271838545667854259 ) ) ;
#3155 = CARTESIAN_POINT ( 'NONE',  ( -14.18361260692621073, -24.58272858733718280, -136.0163873930737282 ) ) ;
#3156 = VECTOR ( 'NONE', #3095, 1000.000000000000000 ) ;
#3157 = ORIENTED_EDGE ( 'NONE', *, *, #179, .F. ) ;
#3158 = VECTOR ( 'NONE', #2847, 1000.000000000000000 ) ;
#3159 = LINE ( 'NONE', #59, #1175 ) ;
#3160 = LINE ( 'NONE', #1599, #1618 ) ;
#3161 = EDGE_CURVE ( 'NONE', #1632, #332, #3069, .T. ) ;
#3162 = PLANE ( 'NONE',  #2908 ) ;
#3163 = VECTOR ( 'NONE', #2436, 1000.000000000000000 ) ;
#3164 = VERTEX_POINT ( 'NONE', #1291 ) ;
#3165 = ADVANCED_FACE ( 'NONE', ( #3104 ), #1556, .T. ) ;
#3166 = DIRECTION ( 'NONE',  ( 0.000000000000000000, 3.172065784643301336E-14, -1.000000000000000000 ) ) ;
#3167 = DIRECTION ( 'NONE',  ( -1.000000000000000000, 0.000000000000000000, 0.000000000000000000 ) ) ;
#3168 = VERTEX_POINT ( 'NONE', #2621 ) ;
#3169 = ORIENTED_EDGE ( 'NONE', *, *, #3252, .F. ) ;
#3170 = CARTESIAN_POINT ( 'NONE',  ( 0.000000000000000000, -22.80000000000000071, 0.000000000000000000 ) ) ;
#3171 = PLANE ( 'NONE',  #1331 ) ;
#3172 = CARTESIAN_POINT ( 'NONE',  ( 35.49999999999993605, -28.60000000000000142, 0.000000000000000000 ) ) ;
#3173 = CARTESIAN_POINT ( 'NONE',  ( -38.49999999999993605, -23.60000000000000853, -135.2999999999999829 ) ) ;
#3174 = DIRECTION ( 'NONE',  ( -1.000000000000000000, -0.000000000000000000, -0.000000000000000000 ) ) ;
#3175 = ORIENTED_EDGE ( 'NONE', *, *, #2896, .T. ) ;
#3176 = CARTESIAN_POINT ( 'NONE',  ( 69.99999999999995737, -10.15197879029935635, -137.5308564657626960 ) ) ;
#3177 = VECTOR ( 'NONE', #1675, 1000.000000000000000 ) ;
#3178 = ORIENTED_EDGE ( 'NONE', *, *, #1604, .T. ) ;
#3179 = VECTOR ( 'NONE', #1335, 1000.000000000000000 ) ;
#3180 = VECTOR ( 'NONE', #2748, 1000.000000000000000 ) ;
#3181 = CARTESIAN_POINT ( 'NONE',  ( -53.00000000000000711, -27.59999999999999787, -107.2000000000001592 ) ) ;
#3182 = AXIS2_PLACEMENT_3D ( 'NONE', #1841, #1271, #543 ) ;
#3183 = VECTOR ( 'NONE', #2867, 1000.000000000000000 ) ;
#3184 = ORIENTED_EDGE ( 'NONE', *, *, #1448, .F. ) ;
#3185 = ADVANCED_FACE ( 'NONE', ( #293, #1874 ), #1924, .F. ) ;
#3186 = ORIENTED_EDGE ( 'NONE', *, *, #3082, .F. ) ;
#3187 = ORIENTED_EDGE ( 'NONE', *, *, #436, .T. ) ;
#3188 = PLANE ( 'NONE',  #2152 ) ;
#3189 = LINE ( 'NONE', #2437, #850 ) ;
#3190 = LINE ( 'NONE', #2934, #2032 ) ;
#3191 = CARTESIAN_POINT ( 'NONE',  ( 10.44175589399671722, -23.59999999999999787, -137.9183796386094230 ) ) ;
#3192 = DIRECTION ( 'NONE',  ( -6.938893903907222067E-15, 0.000000000000000000, -1.000000000000000000 ) ) ;
#3193 = ORIENTED_EDGE ( 'NONE', *, *, #2408, .T. ) ;
#3194 = AXIS2_PLACEMENT_3D ( 'NONE', #2086, #2308, #3109 ) ;
#3195 = CARTESIAN_POINT ( 'NONE',  ( 66.99999999999997158, -18.17742825450810429, -146.6383550522259895 ) ) ;
#3196 = CARTESIAN_POINT ( 'NONE',  ( 20.09615242270661284, -26.59999999999999787, -130.1038475772933225 ) ) ;
#3197 = LINE ( 'NONE', #2943, #1650 ) ;
#3198 = VERTEX_POINT ( 'NONE', #1891 ) ;
#3199 = DIRECTION ( 'NONE',  ( 3.083952846180988308E-16, -1.899113549151959749E-63, -1.000000000000000000 ) ) ;
#3200 = VERTEX_POINT ( 'NONE', #2920 ) ;
#3201 = ORIENTED_EDGE ( 'NONE', *, *, #1355, .F. ) ;
#3202 = EDGE_CURVE ( 'NONE', #1237, #3131, #381, .T. ) ;
#3203 = APPLICATION_CONTEXT ( 'automotive_design' ) ;
#3204 = FACE_OUTER_BOUND ( 'NONE', #3236, .T. ) ;
#3205 = PLANE ( 'NONE',  #2944 ) ;
#3206 = CARTESIAN_POINT ( 'NONE',  ( 9.126497308090019800, -23.59999999999999787, -141.0735026919099084 ) ) ;
#3207 = CARTESIAN_POINT ( 'NONE',  ( 52.00000000000002132, -33.00000000000000000, -110.2000000000001450 ) ) ;
#3208 = ORIENTED_EDGE ( 'NONE', *, *, #2365, .F. ) ;
#3209 = ADVANCED_FACE ( 'NONE', ( #2714 ), #1611, .F. ) ;
#3210 = CARTESIAN_POINT ( 'NONE',  ( 17.49807621135329683, -25.10000000000002629, -132.7019237886466385 ) ) ;
#3211 = CARTESIAN_POINT ( 'NONE',  ( 0.000000000000000000, -20.60000000000000142, -135.2999999999999829 ) ) ;
#3212 = CARTESIAN_POINT ( 'NONE',  ( -38.41420932734521898, -23.59999999999999432, -140.9168709292050892 ) ) ;
#3213 = VECTOR ( 'NONE', #124, 1000.000000000000000 ) ;
#3214 = ORIENTED_EDGE ( 'NONE', *, *, #1880, .T. ) ;
#3215 = VECTOR ( 'NONE', #2122, 1000.000000000000000 ) ;
#3216 = DIRECTION ( 'NONE',  ( 0.000000000000000000, -1.000000000000000000, 0.000000000000000000 ) ) ;
#3217 = DIRECTION ( 'NONE',  ( 0.000000000000000000, 1.000000000000000000, 0.000000000000000000 ) ) ;
#3218 = AXIS2_PLACEMENT_3D ( 'NONE', #3284, #947, #3301 ) ;
#3219 = CYLINDRICAL_SURFACE ( 'NONE', #1771, 3.000000000000002665 ) ;
#3220 = ORIENTED_EDGE ( 'NONE', *, *, #922, .T. ) ;
#3221 = ORIENTED_EDGE ( 'NONE', *, *, #572, .T. ) ;
#3222 = CARTESIAN_POINT ( 'NONE',  ( 39.30000000000009663, -26.59999999999999787, 0.000000000000000000 ) ) ;
#3223 = CARTESIAN_POINT ( 'NONE',  ( 14.40921631897548671, -25.10327307283170484, -135.7907836812048004 ) ) ;
#3224 = DIRECTION ( 'NONE',  ( 0.000000000000000000, 0.000000000000000000, -1.000000000000000000 ) ) ;
#3225 = B_SPLINE_CURVE_WITH_KNOTS ( 'NONE', 3,
 ( #615, #278, #996, #775, #2586, #2322, #20, #757, #742, #1790, #3329, #1320, #1824, #2104 ),
 .UNSPECIFIED., .F., .F.,
 ( 4, 2, 2, 2, 2, 2, 4 ),
 ( 0.000000000000000000, 0.0002515291367182598248, 0.0005030582734365196497, 0.001006116546873015013, 0.002012233093745961071, 0.003018349640618907780, 0.004024466187491854488 ),
 .UNSPECIFIED. ) ;
#3226 = ADVANCED_FACE ( 'NONE', ( #1152 ), #1398, .F. ) ;
#3227 = ORIENTED_EDGE ( 'NONE', *, *, #2097, .F. ) ;
#3228 = EDGE_CURVE ( 'NONE', #1290, #2603, #2659, .T. ) ;
#3229 = DIRECTION ( 'NONE',  ( 0.000000000000000000, -1.000000000000000000, -0.000000000000000000 ) ) ;
#3230 = CARTESIAN_POINT ( 'NONE',  ( 37.81602536921601398, -23.67393399280037869, -139.8198499599315596 ) ) ;
#3231 = EDGE_CURVE ( 'NONE', #853, #1064, #1815, .T. ) ;
#3232 = AXIS2_PLACEMENT_3D ( 'NONE', #8, #3123, #2888 ) ;
#3233 = VECTOR ( 'NONE', #649, 1000.000000000000000 ) ;
#3234 = LINE ( 'NONE', #2267, #1222 ) ;
#3235 = EDGE_CURVE ( 'NONE', #2603, #1857, #2886, .T. ) ;
#3236 = EDGE_LOOP ( 'NONE', ( #1982, #2523, #1837, #1003 ) ) ;
#3237 =( BOUNDED_CURVE ( )  B_SPLINE_CURVE ( 3, ( #449, #3091, #760, #1466 ),
 .UNSPECIFIED., .F., .T. ) 
 B_SPLINE_CURVE_WITH_KNOTS ( ( 4, 4 ),
 ( 2.356194490192348390, 3.141592653589793116 ),
 .UNSPECIFIED. ) 
 CURVE ( )  GEOMETRIC_REPRESENTATION_ITEM ( )  RATIONAL_B_SPLINE_CURVE ( ( 1.000000000000000000, 0.9492530216741915661, 0.9492530216741915661, 1.000000000000000000 ) ) 
 REPRESENTATION_ITEM ( '' )  );
#3238 = CARTESIAN_POINT ( 'NONE',  ( 0.000000000000000000, -23.59999999999999787, -141.0735026918962660 ) ) ;
#3239 = CYLINDRICAL_SURFACE ( 'NONE', #1993, 1.750000000000001554 ) ;
#3240 = VECTOR ( 'NONE', #560, 999.9999999999998863 ) ;
#3241 = DIRECTION ( 'NONE',  ( 0.000000000000000000, 0.000000000000000000, -1.000000000000000000 ) ) ;
#3242 = B_SPLINE_CURVE_WITH_KNOTS ( 'NONE', 3,
 ( #1259, #2330, #270, #1160, #128, #1174 ),
 .UNSPECIFIED., .F., .F.,
 ( 4, 2, 4 ),
 ( -2.607680963997700238E-05, 0.003134819158214140200, 0.006295715126068256867 ),
 .UNSPECIFIED. ) ;
#3243 = ORIENTED_EDGE ( 'NONE', *, *, #3336, .T. ) ;
#3244 = ORIENTED_EDGE ( 'NONE', *, *, #1410, .T. ) ;
#3245 = ORIENTED_EDGE ( 'NONE', *, *, #1355, .T. ) ;
#3246 = DIRECTION ( 'NONE',  ( 1.000000000000000000, 0.000000000000000000, -2.715809747126122424E-16 ) ) ;
#3247 =( LENGTH_UNIT ( ) NAMED_UNIT ( * ) SI_UNIT ( .MILLI., .METRE. ) );
#3248 = CARTESIAN_POINT ( 'NONE',  ( 13.55760779540610983, -24.62943242911146058, -136.6423922046551240 ) ) ;
#3249 = EDGE_LOOP ( 'NONE', ( #348, #2690 ) ) ;
#3250 = CARTESIAN_POINT ( 'NONE',  ( -12.23036246252348569, -23.62728787232923366, -135.2999999999999829 ) ) ;
#3251 = CARTESIAN_POINT ( 'NONE',  ( 36.69229562797064403, -24.19844100482290017, -137.6503411324724482 ) ) ;
#3252 = EDGE_CURVE ( 'NONE', #3198, #233, #2640, .T. ) ;
#3253 = LINE ( 'NONE', #1704, #2362 ) ;
#3254 = ORIENTED_EDGE ( 'NONE', *, *, #3082, .T. ) ;
#3255 = EDGE_CURVE ( 'NONE', #2629, #2293, #875, .T. ) ;
#3256 = DIRECTION ( 'NONE',  ( 0.000000000000000000, 1.000000000000000000, 0.000000000000000000 ) ) ;
#3257 = DIRECTION ( 'NONE',  ( 0.000000000000000000, 0.000000000000000000, 1.000000000000000000 ) ) ;
#3258 = CARTESIAN_POINT ( 'NONE',  ( 44.60000000000000853, -54.44027863626858732, -44.59999999999987352 ) ) ;
#3259 = ORIENTED_EDGE ( 'NONE', *, *, #1511, .T. ) ;
#3260 = VERTEX_POINT ( 'NONE', #2419 ) ;
#3261 = CARTESIAN_POINT ( 'NONE',  ( 69.99999999999998579, -21.54999999999999005, 2.053133022852877188E-14 ) ) ;
#3262 = SURFACE_STYLE_FILL_AREA ( #1478 ) ;
#3263 = CARTESIAN_POINT ( 'NONE',  ( -9.126497308103667550, -23.59999999999999787, -141.0735026918962660 ) ) ;
#3264 = ORIENTED_EDGE ( 'NONE', *, *, #2237, .T. ) ;
#3265 = CARTESIAN_POINT ( 'NONE',  ( 67.00000000000001421, -31.00000000000000000, -104.2000000000001023 ) ) ;
#3266 = DIRECTION ( 'NONE',  ( 0.000000000000000000, 7.930164461608253340E-15, -1.000000000000000000 ) ) ;
#3267 = PLANE ( 'NONE',  #3128 ) ;
#3268 = CARTESIAN_POINT ( 'NONE',  ( 67.00000000000000000, 49.09467705488602007, -26.10410283445749613 ) ) ;
#3269 = ADVANCED_FACE ( 'NONE', ( #561 ), #1101, .T. ) ;
#3270 = ORIENTED_EDGE ( 'NONE', *, *, #2919, .F. ) ;
#3271 = AXIS2_PLACEMENT_3D ( 'NONE', #2733, #406, #989 ) ;
#3272 = AXIS2_PLACEMENT_3D ( 'NONE', #2831, #944, #1991 ) ;
#3273 = CARTESIAN_POINT ( 'NONE',  ( -66.99999999999998579, 35.30519245079634061, -14.26422365827937710 ) ) ;
#3274 = EDGE_CURVE ( 'NONE', #1568, #1970, #604, .T. ) ;
#3275 = ORIENTED_EDGE ( 'NONE', *, *, #2188, .F. ) ;
#3276 = VECTOR ( 'NONE', #607, 1000.000000000000000 ) ;
#3277 = DIRECTION ( 'NONE',  ( 0.000000000000000000, 0.000000000000000000, 1.000000000000000000 ) ) ;
#3278 = LINE ( 'NONE', #685, #987 ) ;
#3279 = ORIENTED_EDGE ( 'NONE', *, *, #1250, .T. ) ;
#3280 = ORIENTED_EDGE ( 'NONE', *, *, #2962, .F. ) ;
#3281 = CARTESIAN_POINT ( 'NONE',  ( -14.29735362229098072, -23.60000000000000497, -134.8339488430293613 ) ) ;
#3282 = CARTESIAN_POINT ( 'NONE',  ( 35.49999999999993605, -54.44027863626858732, -132.2999999999999829 ) ) ;
#3283 = DIRECTION ( 'NONE',  ( -0.000000000000000000, 1.000000000000000000, -0.000000000000000000 ) ) ;
#3284 = CARTESIAN_POINT ( 'NONE',  ( 67.00000000000000000, -19.79999999999998650, -143.7426406871192910 ) ) ;
#3285 = VERTEX_POINT ( 'NONE', #87 ) ;
#3286 = EDGE_CURVE ( 'NONE', #991, #724, #54, .T. ) ;
#3287 = CARTESIAN_POINT ( 'NONE',  ( -70.00000000000001421, -14.59999999999999964, -104.2000000000001023 ) ) ;
#3288 = AXIS2_PLACEMENT_3D ( 'NONE', #3311, #2773, #629 ) ;
#3289 = ORIENTED_EDGE ( 'NONE', *, *, #2522, .T. ) ;
#3290 = AXIS2_PLACEMENT_3D ( 'NONE', #1555, #244, #2132 ) ;
#3291 = ORIENTED_EDGE ( 'NONE', *, *, #3286, .T. ) ;
#3292 = EDGE_CURVE ( 'NONE', #1895, #1373, #1119, .T. ) ;
#3293 = CARTESIAN_POINT ( 'NONE',  ( 70.00000000000001421, -27.59999999999999787, -104.8000000000001961 ) ) ;
#3294 = LINE ( 'NONE', #2264, #1387 ) ;
#3295 = VECTOR ( 'NONE', #153, 1000.000000000000000 ) ;
#3296 = AXIS2_PLACEMENT_3D ( 'NONE', #2570, #1767, #1730 ) ;
#3297 = VERTEX_POINT ( 'NONE', #2691 ) ;
#3298 = DIRECTION ( 'NONE',  ( 0.000000000000000000, 0.2428303037216978100, 0.9700687829192463640 ) ) ;
#3299 = CARTESIAN_POINT ( 'NONE',  ( -12.60438918564238620, -23.59999999999999787, -133.7495205657017152 ) ) ;
#3300 = DIRECTION ( 'NONE',  ( -3.083952846180988308E-16, -1.899113549151959749E-63, -1.000000000000000000 ) ) ;
#3301 = DIRECTION ( 'NONE',  ( 0.000000000000000000, 0.000000000000000000, 1.000000000000000000 ) ) ;
#3302 = ORIENTED_EDGE ( 'NONE', *, *, #2107, .F. ) ;
#3303 = EDGE_LOOP ( 'NONE', ( #1862, #170, #864, #416, #2902, #784, #1010, #2928 ) ) ;
#3304 = ORIENTED_EDGE ( 'NONE', *, *, #2074, .T. ) ;
#3305 = DIRECTION ( 'NONE',  ( -0.000000000000000000, 0.000000000000000000, 1.000000000000000000 ) ) ;
#3306 = DIRECTION ( 'NONE',  ( 0.000000000000000000, 1.000000000000000000, 0.000000000000000000 ) ) ;
#3307 = VERTEX_POINT ( 'NONE', #826 ) ;
#3308 = ADVANCED_FACE ( 'NONE', ( #2404 ), #845, .F. ) ;
#3309 = ORIENTED_EDGE ( 'NONE', *, *, #1849, .F. ) ;
#3310 = CARTESIAN_POINT ( 'NONE',  ( 13.24314575050757981, -20.60000000000000142, -131.2999999999999829 ) ) ;
#3311 = CARTESIAN_POINT ( 'NONE',  ( -69.99999999999998579, 3.204747427460359759E-30, 2.053133022852877188E-14 ) ) ;
#3312 = CARTESIAN_POINT ( 'NONE',  ( 52.00000000000002132, -22.60000000000000142, -114.2000000000000881 ) ) ;
#3313 = DIRECTION ( 'NONE',  ( 0.000000000000000000, 0.000000000000000000, -1.000000000000000000 ) ) ;
#3314 = EDGE_CURVE ( 'NONE', #180, #276, #3190, .T. ) ;
#3315 = VERTEX_POINT ( 'NONE', #1906 ) ;
#3316 = DIRECTION ( 'NONE',  ( 0.000000000000000000, 0.000000000000000000, -1.000000000000000000 ) ) ;
#3317 = CARTESIAN_POINT ( 'NONE',  ( 38.49999999999993605, -23.60000000000000853, -135.2999999999999829 ) ) ;
#3318 = CARTESIAN_POINT ( 'NONE',  ( -70.00000000000002842, -10.15197879029935635, -137.5308564657626960 ) ) ;
#3319 = ORIENTED_EDGE ( 'NONE', *, *, #860, .F. ) ;
#3320 = DIRECTION ( 'NONE',  ( 0.000000000000000000, 0.000000000000000000, -1.000000000000000000 ) ) ;
#3321 = VECTOR ( 'NONE', #221, 1000.000000000000000 ) ;
#3322 = ORIENTED_EDGE ( 'NONE', *, *, #1089, .F. ) ;
#3323 = VECTOR ( 'NONE', #696, 1000.000000000000000 ) ;
#3324 = DIRECTION ( 'NONE',  ( 1.000000000000000000, 0.000000000000000000, 2.885194970439601952E-16 ) ) ;
#3325 = CARTESIAN_POINT ( 'NONE',  ( -35.49999999999993605, -54.44027863626858732, 0.000000000000000000 ) ) ;
#3326 = AXIS2_PLACEMENT_3D ( 'NONE', #781, #1506, #748 ) ;
#3327 = EDGE_LOOP ( 'NONE', ( #31, #115, #394, #1677 ) ) ;
#3328 = DIRECTION ( 'NONE',  ( 1.000000000000000000, 0.000000000000000000, 2.885194970439601952E-16 ) ) ;
#3329 = CARTESIAN_POINT ( 'NONE',  ( 14.39113953215789188, -24.59884209827973933, -135.1418651736725849 ) ) ;
#3330 = CARTESIAN_POINT ( 'NONE',  ( -11.53965726340912745, -23.59999999999999787, -135.6014675005205277 ) ) ;
#3331 = VECTOR ( 'NONE', #1454, 1000.000000000000000 ) ;
#3332 = ADVANCED_FACE ( 'NONE', ( #1646 ), #3205, .T. ) ;
#3333 = DIRECTION ( 'NONE',  ( 3.760131910250798425E-32, -1.000000000000000000, 1.357904873563061212E-16 ) ) ;
#3334 = EDGE_CURVE ( 'NONE', #259, #2695, #2625, .T. ) ;
#3335 = FACE_OUTER_BOUND ( 'NONE', #1903, .T. ) ;
#3336 = EDGE_CURVE ( 'NONE', #2930, #1721, #683, .T. ) ;
#3337 = LINE ( 'NONE', #2070, #3158 ) ;
#3338 = LINE ( 'NONE', #1075, #3215 ) ;
#3339 = ORIENTED_EDGE ( 'NONE', *, *, #812, .F. ) ;
#3340 = FACE_OUTER_BOUND ( 'NONE', #361, .T. ) ;
#3341 = CARTESIAN_POINT ( 'NONE',  ( 39.30000000000009663, -20.60000000000000142, -135.2999999999999829 ) ) ;
#3342 = ORIENTED_EDGE ( 'NONE', *, *, #608, .T. ) ;
#3343 = PLANE ( 'NONE',  #401 ) ;
#3344 = VECTOR ( 'NONE', #359, 1000.000000000000000 ) ;
#3345 = LINE ( 'NONE', #1009, #1071 ) ;
#3346 = VERTEX_POINT ( 'NONE', #413 ) ;
#3347 = EDGE_LOOP ( 'NONE', ( #806, #719, #323, #2671, #3221 ) ) ;
#3348 = CARTESIAN_POINT ( 'NONE',  ( 70.00000000000002842, -21.67303296707958182, -150.6187127865820798 ) ) ;
#3349 = CARTESIAN_POINT ( 'NONE',  ( -70.00000000000001421, 38.20031440401338330, -78.50873698486809360 ) ) ;
#3350 = DIRECTION ( 'NONE',  ( -2.708711116470573089E-16, -0.3746065934159159005, -0.9271838545667857590 ) ) ;
#3351 = CIRCLE ( 'NONE', #2758, 3.000000000000002665 ) ;
#3352 = VECTOR ( 'NONE', #1764, 1000.000000000000114 ) ;
#3353 = AXIS2_PLACEMENT_3D ( 'NONE', #137, #1406, #2150 ) ;
#3354 = DIRECTION ( 'NONE',  ( -2.518054949610453741E-16, -0.3746065934159088506, 0.9271838545667886455 ) ) ;
#3355 = ORIENTED_EDGE ( 'NONE', *, *, #499, .T. ) ;
#3356 = DIRECTION ( 'NONE',  ( 0.000000000000000000, 0.000000000000000000, -1.000000000000000000 ) ) ;
#3357 = LINE ( 'NONE', #2595, #404 ) ;
#3358 = EDGE_CURVE ( 'NONE', #3315, #3297, #828, .T. ) ;
#3359 = CARTESIAN_POINT ( 'NONE',  ( -28.37867965644028700, -28.60000000000000142, -121.8213203435596625 ) ) ;
#3360 = CARTESIAN_POINT ( 'NONE',  ( 0.000000000000000000, -23.59999999999999787, -141.0735026918962660 ) ) ;
#3361 = ORIENTED_EDGE ( 'NONE', *, *, #917, .T. ) ;
#3362 = APPLICATION_CONTEXT ( 'automotive_design' ) ;
ENDSEC;
END-ISO-10303-21;
