  0
SECTION
  2
HEADER
  9
$ACADVER
  1
AC1015
  9
$ACADMAINTVER
 70
     6
  9
$DWGCODEPAGE
  3
ANSI_1252
  9
$INSBASE
 10
0.0
 20
0.0
 30
0.0
  9
$EXTMIN
 10
0.0
 20
0.0
 30
0.0
  9
$EXTMAX
 10
420.0
 20
297.0
 30
0.0
  9
$LIMMIN
 10
0.0
 20
0.0
  9
$LIMMAX
 10
420.0
 20
297.0
  9
$ORTHOMODE
 70
     0
  9
$REGENMODE
 70
     1
  9
$FILLMODE
 70
     1
  9
$QTEXTMODE
 70
     0
  9
$MIRRTEXT
 70
     1
  9
$LTSCALE
 40
1.0
  9
$ATTMODE
 70
     1
  9
$TEXTSIZE
 40
3.5
  9
$TRACEWID
 40
1.0
  9
$TEXTSTYLE
  7
Standard
  9
$CLAYER
  8
0
  9
$CELTYPE
  6
ByLayer
  9
$CECOLOR
 62
   256
  9
$CELTSCALE
 40
1.0
  9
$DISPSILH
 70
     0
  9
$DIMSCALE
 40
1.0
  9
$DIMASZ
 40
3.302
  9
$DIMEXO
 40
1.0
  9
$DIMDLI
 40
3.75
  9
$DIMRND
 40
0.0
  9
$DIMDLE
 40
0.0
  9
$DIMEXE
 40
1.0
  9
$DIMTP
 40
0.0
  9
$DIMTM
 40
0.0
  9
$DIMTXT
 40
3.5
  9
$DIMCEN
 40
2.5
  9
$DIMTSZ
 40
0.0
  9
$DIMTOL
 70
     0
  9
$DIMLIM
 70
     0
  9
$DIMTIH
 70
     1
  9
$DIMTOH
 70
     1
  9
$DIMSE1
 70
     0
  9
$DIMSE2
 70
     0
  9
$DIMTAD
 70
     1
  9
$DIMZIN
 70
     1
  9
$DIMBLK
  1

  9
$DIMASO
 70
     1
  9
$DIMSHO
 70
     1
  9
$DIMPOST
  1

  9
$DIMAPOST
  1

  9
$DIMALT
 70
     0
  9
$DIMALTD
 70
     3
  9
$DIMALTF
 40
0.0393700787
  9
$DIMLFAC
 40
1.0
  9
$DIMTOFL
 70
     1
  9
$DIMTVP
 40
0.0
  9
$DIMTIX
 70
     0
  9
$DIMSOXD
 70
     0
  9
$DIMSAH
 70
     0
  9
$DIMBLK1
  1

  9
$DIMBLK2
  1

  9
$DIMSTYLE
  2
ISO-25
  9
$DIMCLRD
 70
     0
  9
$DIMCLRE
 70
     0
  9
$DIMCLRT
 70
     0
  9
$DIMTFAC
 40
1.0
  9
$DIMGAP
 40
1.524
  9
$DIMJUST
 70
     0
  9
$DIMSD1
 70
     0
  9
$DIMSD2
 70
     0
  9
$DIMTOLJ
 70
     0
  9
$DIMTZIN
 70
     1
  9
$DIMALTZ
 70
     0
  9
$DIMALTTZ
 70
     0
  9
$DIMUPT
 70
     0
  9
$DIMDEC
 70
     2
  9
$DIMTDEC
 70
     2
  9
$DIMALTU
 70
     2
  9
$DIMALTTD
 70
     3
  9
$DIMTXSTY
  7
Standard
  9
$DIMAUNIT
 70
     0
  9
$DIMADEC
 70
     2
  9
$DIMALTRND
 40
0.0
  9
$DIMAZIN
 70
     0
  9
$DIMDSEP
 70
    44
  9
$DIMATFIT
 70
     3
  9
$DIMFRAC
 70
     0
  9
$DIMLDRBLK
  1

  9
$DIMLUNIT
 70
     2
  9
$DIMLWD
 70
    -2
  9
$DIMLWE
 70
    -2
  9
$DIMTMOVE
 70
     0
  9
$LUNITS
 70
     2
  9
$LUPREC
 70
     2
  9
$SKETCHINC
 40
1.0
  9
$FILLETRAD
 40
0.0
  9
$AUNITS
 70
     0
  9
$AUPREC
 70
     2
  9
$MENU
  1
.
  9
$ELEVATION
 40
0.0
  9
$PELEVATION
 40
0.0
  9
$THICKNESS
 40
0.0
  9
$LIMCHECK
 70
     0
  9
$CHAMFERA
 40
0.0
  9
$CHAMFERB
 40
0.0
  9
$CHAMFERC
 40
0.0
  9
$CHAMFERD
 40
0.0
  9
$SKPOLY
 70
     0
  9
$TDCREATE
 40
2460291.937349838
  9
$TDUCREATE
 40
2460291.937349838
  9
$TDUPDATE
 40
2460291.937350857
  9
$TDUUPDATE
 40
2460291.937350857
  9
$TDINDWG
 40
0.0000000116
  9
$TDUSRTIMER
 40
0.0000000116
  9
$USRTIMER
 70
     1
  9
$ANGBASE
 50
0.0
  9
$ANGDIR
 70
     0
  9
$PDMODE
 70
     0
  9
$PDSIZE
 40
-1.0
  9
$PLINEWID
 40
0.0
  9
$SPLFRAME
 70
     0
  9
$SPLINETYPE
 70
     6
  9
$SPLINESEGS
 70
     8
  9
$HANDSEED
  5
866
  9
$SURFTAB1
 70
     6
  9
$SURFTAB2
 70
     6
  9
$SURFTYPE
 70
     6
  9
$SURFU
 70
     6
  9
$SURFV
 70
     6
  9
$UCSBASE
  2

  9
$UCSNAME
  2

  9
$UCSORG
 10
0.0
 20
0.0
 30
0.0
  9
$UCSXDIR
 10
1.0
 20
0.0
 30
0.0
  9
$UCSYDIR
 10
0.0
 20
1.0
 30
0.0
  9
$UCSORTHOREF
  2

  9
$UCSORTHOVIEW
 70
     0
  9
$UCSORGTOP
 10
0.0
 20
0.0
 30
0.0
  9
$UCSORGBOTTOM
 10
0.0
 20
0.0
 30
0.0
  9
$UCSORGLEFT
 10
0.0
 20
0.0
 30
0.0
  9
$UCSORGRIGHT
 10
0.0
 20
0.0
 30
0.0
  9
$UCSORGFRONT
 10
0.0
 20
0.0
 30
0.0
  9
$UCSORGBACK
 10
0.0
 20
0.0
 30
0.0
  9
$PUCSBASE
  2

  9
$PUCSNAME
  2

  9
$PUCSORG
 10
0.0
 20
0.0
 30
0.0
  9
$PUCSXDIR
 10
1.0
 20
0.0
 30
0.0
  9
$PUCSYDIR
 10
0.0
 20
1.0
 30
0.0
  9
$PUCSORTHOREF
  2

  9
$PUCSORTHOVIEW
 70
     0
  9
$PUCSORGTOP
 10
0.0
 20
0.0
 30
0.0
  9
$PUCSORGBOTTOM
 10
0.0
 20
0.0
 30
0.0
  9
$PUCSORGLEFT
 10
0.0
 20
0.0
 30
0.0
  9
$PUCSORGRIGHT
 10
0.0
 20
0.0
 30
0.0
  9
$PUCSORGFRONT
 10
0.0
 20
0.0
 30
0.0
  9
$PUCSORGBACK
 10
0.0
 20
0.0
 30
0.0
  9
$USERI1
 70
     0
  9
$USERI2
 70
     0
  9
$USERI3
 70
     0
  9
$USERI4
 70
     0
  9
$USERI5
 70
     0
  9
$USERR1
 40
0.0
  9
$USERR2
 40
0.0
  9
$USERR3
 40
0.0
  9
$USERR4
 40
0.0
  9
$USERR5
 40
0.0
  9
$WORLDVIEW
 70
     1
  9
$SHADEDGE
 70
     3
  9
$SHADEDIF
 70
    70
  9
$TILEMODE
 70
     1
  9
$MAXACTVP
 70
    64
  9
$PINSBASE
 10
0.0
 20
0.0
 30
0.0
  9
$PLIMCHECK
 70
     0
  9
$PEXTMIN
 10
1.0000000000E+20
 20
1.0000000000E+20
 30
1.0000000000E+20
  9
$PEXTMAX
 10
-1.0000000000E+20
 20
-1.0000000000E+20
 30
-1.0000000000E+20
  9
$PLIMMIN
 10
0.0
 20
0.0
  9
$PLIMMAX
 10
420.0
 20
297.0
  9
$UNITMODE
 70
     0
  9
$VISRETAIN
 70
     1
  9
$PLINEGEN
 70
     0
  9
$PSLTSCALE
 70
     1
  9
$TREEDEPTH
 70
  3020
  9
$CMLSTYLE
  2
Standard
  9
$CMLJUST
 70
     0
  9
$CMLSCALE
 40
20.0
  9
$PROXYGRAPHICS
 70
     1
  9
$MEASUREMENT
 70
     1
  9
$CELWEIGHT
370
    -1
  9
$ENDCAPS
280
     0
  9
$JOINSTYLE
280
     0
  9
$LWDISPLAY
290
     1
  9
$INSUNITS
 70
     4
  9
$HYPERLINKBASE
  1

  9
$STYLESHEET
  1

  9
$XEDIT
290
     1
  9
$CEPSNTYPE
380
     0
  9
$PSTYLEMODE
290
     1
  9
$FINGERPRINTGUID
  2
{210932d6-9149-44ae-a76c-e0b05d53288f}
  9
$VERSIONGUID
  2
{FAEB1C32-E019-11D5-929B-00C0DF256EC4}
  9
$EXTNAMES
290
     1
  9
$PSVPSCALE
 40
0.0
  9
$OLESTARTUP
290
     0
  0
ENDSEC
  0
SECTION
  2
CLASSES
  0
CLASS
  1
ACDBDICTIONARYWDFLT
  2
AcDbDictionaryWithDefault
  3
ObjectDBX Classes
 90
        0
280
     0
281
     0
  0
CLASS
  1
VISUALSTYLE
  2
AcDbVisualStyle
  3
ObjectDBX Classes
 90
     4095
280
     0
281
     0
  0
CLASS
  1
MATERIAL
  2
AcDbMaterial
  3
ObjectDBX Classes
 90
     1153
280
     0
281
     0
  0
CLASS
  1
SCALE
  2
AcDbScale
  3
ObjectDBX Classes
 90
     1153
280
     0
281
     0
  0
CLASS
  1
TABLESTYLE
  2
AcDbTableStyle
  3
ObjectDBX Classes
 90
     4095
280
     0
281
     0
  0
CLASS
  1
MLEADERSTYLE
  2
AcDbMLeaderStyle
  3
ACDB_MLEADERSTYLE_CLASS
 90
     4095
280
     0
281
     0
  0
CLASS
  1
SUN
  2
AcDbSun
  3
SCENEOE
 90
     1153
280
     0
281
     0
  0
CLASS
  1
ACDBPLACEHOLDER
  2
AcDbPlaceHolder
  3
ObjectDBX Classes
 90
        0
280
     0
281
     0
  0
CLASS
  1
LAYOUT
  2
AcDbLayout
  3
ObjectDBX Classes
 90
        0
280
     0
281
     0
  0
ENDSEC
  0
SECTION
  2
TABLES
  0
TABLE
  2
VPORT
  5
8
330
0
100
AcDbSymbolTable
 70
     1
  0
VPORT
  5
29
330
8
100
AcDbSymbolTableRecord
100
AcDbViewportTableRecord
  2
*Active
 70
     0
 10
0.0
 20
0.0
 11
1.0
 21
1.0
 12
210.0
 22
148.5
 13
0.0
 23
0.0
 14
10.0
 24
10.0
 15
10.0
 25
10.0
 16
0.0
 26
0.0
 36
1.0
 17
0.0
 27
0.0
 37
0.0
 40
297.0
 41
1.4141414141
 42
50.0
 43
0.0
 44
0.0
 50
0.0
 51
0.0
 71
     0
 72
  2000
 73
     1
 74
     3
 75
     0
 76
     0
 77
     0
 78
     0
281
     0
 65
     1
110
0.0
120
0.0
130
0.0
111
1.0
121
0.0
131
0.0
112
0.0
122
1.0
132
0.0
 79
     0
146
0.0
  0
ENDTAB
  0
TABLE
  2
LTYPE
  5
5
330
0
100
AcDbSymbolTable
 70
     6
  0
LTYPE
  5
14
330
5
100
AcDbSymbolTableRecord
100
AcDbLinetypeTableRecord
  2
ByBlock
 70
     0
  3

 72
    65
 73
     0
 40
0.0
  0
LTYPE
  5
15
330
5
100
AcDbSymbolTableRecord
100
AcDbLinetypeTableRecord
  2
ByLayer
 70
     0
  3

 72
    65
 73
     0
 40
0.0
  0
LTYPE
  5
16
330
5
100
AcDbSymbolTableRecord
100
AcDbLinetypeTableRecord
  2
Continuous
 70
     0
  3
Solid line
 72
    65
 73
     0
 40
0.0
  0
LTYPE
  5
5E
330
5
100
AcDbSymbolTableRecord
100
AcDbLinetypeTableRecord
  2
HIDDEN
 70
     0
  3
Hidden __ __ __ __ __ __ __ __ __ __ __ __ __ __
 72
    65
 73
     2
 40
1.905
 49
1.27
 74
     0
 49
-0.635
 74
     0
  0
LTYPE
  5
5F
330
5
100
AcDbSymbolTableRecord
100
AcDbLinetypeTableRecord
  2
PHANTOM
 70
     0
  3
Phantom ______  __  __  ______  __  __  ______
 72
    65
 73
     6
 40
12.7
 49
6.35
 74
     0
 49
-1.27
 74
     0
 49
1.27
 74
     0
 49
-1.27
 74
     0
 49
1.27
 74
     0
 49
-1.27
 74
     0
  0
LTYPE
  5
60
330
5
100
AcDbSymbolTableRecord
100
AcDbLinetypeTableRecord
  2
CENTER
 70
     0
  3
Center ____ _ ____ _ ____ _ ____ _ ____ _ ____
 72
    65
 73
     4
 40
10.16
 49
6.35
 74
     0
 49
-1.27
 74
     0
 49
1.27
 74
     0
 49
-1.27
 74
     0
  0
LTYPE
  5
61
330
5
100
AcDbSymbolTableRecord
100
AcDbLinetypeTableRecord
  2
CENTERX2
 70
     0
  3
Center (2x) ________  __  ________  __  _____
 72
    65
 73
     4
 40
20.32
 49
12.7
 74
     0
 49
-2.54
 74
     0
 49
2.54
 74
     0
 49
-2.54
 74
     0
  0
LTYPE
  5
62
330
5
100
AcDbSymbolTableRecord
100
AcDbLinetypeTableRecord
  2
DOT2
 70
     0
  3
Dot (.5x) ........................................
 72
    65
 73
     2
 40
0.635
 49
0.0
 74
     0
 49
-0.635
 74
     0
  0
ENDTAB
  0
TABLE
  2
LAYER
  5
2
330
0
100
AcDbSymbolTable
 70
     1
  0
LAYER
  5
10
330
2
100
AcDbSymbolTableRecord
100
AcDbLayerTableRecord
  2
0
 70
     0
 62
     7
  6
Continuous
370
    -3
390
F
  0
ENDTAB
  0
TABLE
  2
STYLE
  5
3
330
0
100
AcDbSymbolTable
 70
     1
  0
STYLE
  5
11
330
3
100
AcDbSymbolTableRecord
100
AcDbTextStyleTableRecord
  2
Standard
 70
     0
 40
0.0
 41
1.0
 50
0.0
 71
     0
 42
3.5
  3
txt
  4

  0
ENDTAB
  0
TABLE
  2
VIEW
  5
6
330
0
100
AcDbSymbolTable
 70
     0
  0
ENDTAB
  0
TABLE
  2
UCS
  5
7
330
0
100
AcDbSymbolTable
 70
     0
  0
ENDTAB
  0
TABLE
  2
APPID
  5
9
330
0
100
AcDbSymbolTable
 70
     1
  0
APPID
  5
12
330
9
100
AcDbSymbolTableRecord
100
AcDbRegAppTableRecord
  2
ACAD
 70
     0
  0
ENDTAB
  0
TABLE
  2
DIMSTYLE
  5
A
330
0
100
AcDbSymbolTable
 70
     1
100
AcDbDimStyleTable
  0
DIMSTYLE
105
27
330
A
100
AcDbSymbolTableRecord
100
AcDbDimStyleTableRecord
  2
ISO-25
 70
     0
 41
2.5
 42
0.625
 43
3.75
 44
1.25
 73
     0
 74
     0
 77
     1
 78
     8
140
2.5
141
2.5
143
0.0393700787
147
0.625
171
     3
172
     1
178
     0
271
     2
272
     2
274
     3
278
    44
283
     0
284
     8
340
11
  0
ENDTAB
  0
TABLE
  2
BLOCK_RECORD
  5
1
330
0
100
AcDbSymbolTable
 70
     1
  0
BLOCK_RECORD
  5
1F
330
1
100
AcDbSymbolTableRecord
100
AcDbBlockTableRecord
  2
*Model_Space
340
22
  0
BLOCK_RECORD
  5
1B
330
1
100
AcDbSymbolTableRecord
100
AcDbBlockTableRecord
  2
*Paper_Space
340
1E
  0
BLOCK_RECORD
  5
23
330
1
100
AcDbSymbolTableRecord
100
AcDbBlockTableRecord
  2
*Paper_Space0
340
26
  0
ENDTAB
  0
ENDSEC
  0
SECTION
  2
BLOCKS
  0
BLOCK
  5
20
330
1F
100
AcDbEntity
  8
0
100
AcDbBlockBegin
  2
*Model_Space
 70
     0
 10
0.0
 20
0.0
 30
0.0
  3
*Model_Space
  1

  0
ENDBLK
  5
21
330
1F
100
AcDbEntity
  8
0
100
AcDbBlockEnd
  0
BLOCK
  5
1C
330
1B
100
AcDbEntity
 67
     1
  8
0
100
AcDbBlockBegin
  2
*Paper_Space
 70
     0
 10
0.0
 20
0.0
 30
0.0
  3
*Paper_Space
  1

  0
ENDBLK
  5
1D
330
1B
100
AcDbEntity
 67
     1
  8
0
100
AcDbBlockEnd
  0
BLOCK
  5
24
330
23
100
AcDbEntity
  8
0
100
AcDbBlockBegin
  2
*Paper_Space0
 70
     0
 10
0.0
 20
0.0
 30
0.0
  3
*Paper_Space0
  1

  0
ENDBLK
  5
25
330
23
100
AcDbEntity
  8
0
100
AcDbBlockEnd
  0
ENDSEC
  0
SECTION
  2
ENTITIES
  0
LINE
  5
63
330
1F
100
AcDbEntity
  8
0
  6
Continuous
 62
     7
370
    25
100
AcDbLine
 10
89.6356255175
 20
117.9880704505
 30
0.0
 11
95.6356255175
 21
117.9880704505
 31
0.0
  0
LINE
  5
64
330
1F
100
AcDbEntity
  8
0
  6
Continuous
 62
     7
370
    25
100
AcDbLine
 10
89.6356255175
 20
114.5880704505
 30
0.0
 11
89.6356255175
 21
117.9880704505
 31
0.0
  0
LINE
  5
65
330
1F
100
AcDbEntity
  8
0
  6
Continuous
 62
     7
370
    25
100
AcDbLine
 10
89.6356255175
 20
114.5880704505
 30
0.0
 11
95.6356255175
 21
114.5880704505
 31
0.0
  0
LINE
  5
66
330
1F
100
AcDbEntity
  8
0
  6
Continuous
 62
     7
370
    25
100
AcDbLine
 10
95.6356255175
 20
114.5880704505
 30
0.0
 11
95.6356255175
 21
111.7880704505
 31
0.0
  0
LINE
  5
67
330
1F
100
AcDbEntity
  8
0
  6
Continuous
 62
     7
370
    25
100
AcDbLine
 10
145.6356255175
 20
111.7880704505
 30
0.0
 11
95.6356255175
 21
111.7880704505
 31
0.0
  0
LINE
  5
68
330
1F
100
AcDbEntity
  8
0
  6
Continuous
 62
     7
370
    25
100
AcDbLine
 10
145.6356255175
 20
114.5880704505
 30
0.0
 11
145.6356255175
 21
111.7880704505
 31
0.0
  0
LINE
  5
69
330
1F
100
AcDbEntity
  8
0
  6
Continuous
 62
     7
370
    25
100
AcDbLine
 10
150.6356255175
 20
114.5880704505
 30
0.0
 11
145.6356255175
 21
114.5880704505
 31
0.0
  0
LINE
  5
6A
330
1F
100
AcDbEntity
  8
0
  6
Continuous
 62
     7
370
    25
100
AcDbLine
 10
150.6356255175
 20
114.5880704505
 30
0.0
 11
150.6356255175
 21
117.9880704505
 31
0.0
  0
LINE
  5
6B
330
1F
100
AcDbEntity
  8
0
  6
Continuous
 62
     7
370
    25
100
AcDbLine
 10
150.6356255175
 20
117.9880704505
 30
0.0
 11
145.6356255175
 21
117.9880704505
 31
0.0
  0
LINE
  5
6C
330
1F
100
AcDbEntity
  8
0
  6
Continuous
 62
     7
370
    25
100
AcDbLine
 10
145.6356255175
 20
119.7880704505
 30
0.0
 11
145.6356255175
 21
117.9880704505
 31
0.0
  0
LINE
  5
6D
330
1F
100
AcDbEntity
  8
0
  6
Continuous
 62
     7
370
    25
100
AcDbLine
 10
145.6356255175
 20
119.7880704505
 30
0.0
 11
95.6356255175
 21
119.7880704505
 31
0.0
  0
LINE
  5
6E
330
1F
100
AcDbEntity
  8
0
  6
Continuous
 62
     7
370
    25
100
AcDbLine
 10
95.6356255175
 20
119.7880704505
 30
0.0
 11
95.6356255175
 21
117.9880704505
 31
0.0
  0
LINE
  5
6F
330
1F
100
AcDbEntity
  8
0
  6
Continuous
 62
     7
370
    25
100
AcDbLine
 10
140.4356255175
 20
89.7880704505
 30
0.0
 11
149.6356255175
 21
89.7880704505
 31
0.0
  0
LINE
  5
70
330
1F
100
AcDbEntity
  8
0
  6
Continuous
 62
     7
370
    25
100
AcDbLine
 10
140.4356255175
 20
86.9880704505
 30
0.0
 11
140.4356255175
 21
89.7880704505
 31
0.0
  0
LINE
  5
71
330
1F
100
AcDbEntity
  8
0
  6
Continuous
 62
     7
370
    25
100
AcDbLine
 10
132.5956255175
 20
86.9880704505
 30
0.0
 11
140.4356255175
 21
86.9880704505
 31
0.0
  0
LINE
  5
72
330
1F
100
AcDbEntity
  8
0
  6
Continuous
 62
     7
370
    25
100
AcDbLine
 10
132.5956255175
 20
89.7880704505
 30
0.0
 11
132.5956255175
 21
86.9880704505
 31
0.0
  0
LINE
  5
73
330
1F
100
AcDbEntity
  8
0
  6
Continuous
 62
     7
370
    25
100
AcDbLine
 10
106.9356255175
 20
89.7880704505
 30
0.0
 11
132.5956255175
 21
89.7880704505
 31
0.0
  0
LINE
  5
74
330
1F
100
AcDbEntity
  8
0
  6
Continuous
 62
     7
370
    25
100
AcDbLine
 10
106.9356255175
 20
89.7880704505
 30
0.0
 11
106.9356255175
 21
86.9880704505
 31
0.0
  0
LINE
  5
75
330
1F
100
AcDbEntity
  8
0
  6
Continuous
 62
     7
370
    25
100
AcDbLine
 10
99.0956255175
 20
86.9880704505
 30
0.0
 11
106.9356255175
 21
86.9880704505
 31
0.0
  0
LINE
  5
76
330
1F
100
AcDbEntity
  8
0
  6
Continuous
 62
     7
370
    25
100
AcDbLine
 10
99.0956255175
 20
86.9880704505
 30
0.0
 11
99.0956255175
 21
89.7880704505
 31
0.0
  0
LINE
  5
77
330
1F
100
AcDbEntity
  8
0
  6
Continuous
 62
     7
370
    25
100
AcDbLine
 10
85.6356255175
 20
89.7880704505
 30
0.0
 11
99.0956255175
 21
89.7880704505
 31
0.0
  0
LINE
  5
78
330
1F
100
AcDbEntity
  8
0
  6
Continuous
 62
     7
370
    25
100
AcDbLine
 10
85.6356255175
 20
89.7880704505
 30
0.0
 11
85.6356255175
 21
117.7880704505
 31
0.0
  0
LINE
  5
79
330
1F
100
AcDbEntity
  8
0
  6
Continuous
 62
     7
370
    25
100
AcDbLine
 10
99.6356255175
 20
134.6531002296
 30
0.0
 11
85.6356255175
 21
117.7880704505
 31
0.0
  0
LINE
  5
7A
330
1F
100
AcDbEntity
  8
0
  6
Continuous
 62
     7
370
    25
100
AcDbLine
 10
175.4758444848
 20
153.6376338322
 30
0.0
 11
99.6356255175
 21
134.6531002296
 31
0.0
  0
LINE
  5
7B
330
1F
100
AcDbEntity
  8
0
  6
Continuous
 62
     7
370
    25
100
AcDbLine
 10
175.4758444848
 20
153.6376338322
 30
0.0
 11
153.9039963731
 21
109.7402588389
 31
0.0
  0
LINE
  5
7C
330
1F
100
AcDbEntity
  8
0
  6
Continuous
 62
     7
370
    25
100
AcDbLine
 10
149.6356255175
 20
94.6905451271
 30
0.0
 11
153.9039963731
 21
109.7402588389
 31
0.0
  0
LINE
  5
7D
330
1F
100
AcDbEntity
  8
0
  6
Continuous
 62
     7
370
    25
100
AcDbLine
 10
149.6356255175
 20
89.7880704505
 30
0.0
 11
149.6356255175
 21
94.6905451271
 31
0.0
  0
LINE
  5
7E
330
1F
100
AcDbEntity
  8
0
  6
Continuous
 62
     7
370
    25
100
AcDbLine
 10
155.2024035163
 20
140.1550312482
 30
0.0
 11
159.0414059202
 21
136.745976761
 31
0.0
  0
LINE
  5
7F
330
1F
100
AcDbEntity
  8
0
  6
Continuous
 62
     7
370
    25
100
AcDbLine
 10
159.0414059202
 20
136.745976761
 30
0.0
 11
157.6918986827
 21
136.4067630543
 31
0.0
  0
LINE
  5
80
330
1F
100
AcDbEntity
  8
0
  6
Continuous
 62
     7
370
    25
100
AcDbLine
 10
157.6918986827
 20
136.4067630543
 30
0.0
 11
158.2347612146
 21
134.2442950365
 31
0.0
  0
LINE
  5
81
330
1F
100
AcDbEntity
  8
0
  6
Continuous
 62
     7
370
    25
100
AcDbLine
 10
158.2347612146
 20
134.2442950365
 30
0.0
 11
162.1375397343
 21
135.2246225944
 31
0.0
  0
LINE
  5
82
330
1F
100
AcDbEntity
  8
0
  6
Continuous
 62
     7
370
    25
100
AcDbLine
 10
162.1375397343
 20
135.2246225944
 30
0.0
 11
161.595652715
 21
137.3870825303
 31
0.0
  0
LINE
  5
83
330
1F
100
AcDbEntity
  8
0
  6
Continuous
 62
     7
370
    25
100
AcDbLine
 10
161.595652715
 20
137.3870825303
 30
0.0
 11
154.2992584843
 21
143.9584166649
 31
0.0
  0
LINE
  5
84
330
1F
100
AcDbEntity
  8
0
  6
Continuous
 62
     7
370
    25
100
AcDbLine
 10
154.2992584843
 20
143.9584166649
 30
0.0
 11
151.9638017535
 21
143.3732804469
 31
0.0
  0
LINE
  5
85
330
1F
100
AcDbEntity
  8
0
  6
Continuous
 62
     7
370
    25
100
AcDbLine
 10
151.9638017535
 20
143.3732804469
 30
0.0
 11
153.950720824
 21
135.4688533636
 31
0.0
  0
LINE
  5
86
330
1F
100
AcDbEntity
  8
0
  6
Continuous
 62
     7
370
    25
100
AcDbLine
 10
153.950720824
 20
135.4688533636
 30
0.0
 11
152.8567705035
 21
135.1915496777
 31
0.0
  0
LINE
  5
87
330
1F
100
AcDbEntity
  8
0
  6
Continuous
 62
     7
370
    25
100
AcDbLine
 10
152.8567705035
 20
135.1915496777
 30
0.0
 11
153.3986575227
 21
133.0290897418
 31
0.0
  0
LINE
  5
88
330
1F
100
AcDbEntity
  8
0
  6
Continuous
 62
     7
370
    25
100
AcDbLine
 10
153.3986575227
 20
133.0290897418
 30
0.0
 11
154.4926078432
 21
133.3063934277
 31
0.0
  0
LINE
  5
89
330
1F
100
AcDbEntity
  8
0
  6
Continuous
 62
     7
370
    25
100
AcDbLine
 10
154.4926078432
 20
133.3063934277
 30
0.0
 11
155.1260814009
 21
130.7852195495
 31
0.0
  0
LINE
  5
8A
330
1F
100
AcDbEntity
  8
0
  6
Continuous
 62
     7
370
    25
100
AcDbLine
 10
155.1260814009
 20
130.7852195495
 30
0.0
 11
157.413200792
 21
131.3576354149
 31
0.0
  0
LINE
  5
8B
330
1F
100
AcDbEntity
  8
0
  6
Continuous
 62
     7
370
    25
100
AcDbLine
 10
157.413200792
 20
131.3576354149
 30
0.0
 11
156.7797272343
 21
133.8788092931
 31
0.0
  0
LINE
  5
8C
330
1F
100
AcDbEntity
  8
0
  6
Continuous
 62
     7
370
    25
100
AcDbLine
 10
156.7797272343
 20
133.8788092931
 30
0.0
 11
156.7799547057
 21
133.878866431
 31
0.0
  0
LINE
  5
8D
330
1F
100
AcDbEntity
  8
0
  6
Continuous
 62
     7
370
    25
100
AcDbLine
 10
156.7799547057
 20
133.878866431
 30
0.0
 11
155.9597644042
 21
137.1460569097
 31
0.0
  0
LINE
  5
8E
330
1F
100
AcDbEntity
  8
0
  6
Continuous
 62
     7
370
    25
100
AcDbLine
 10
155.9597644042
 20
137.1460569097
 30
0.0
 11
155.2024035163
 21
140.1550312482
 31
0.0
  0
SPLINE
  5
8F
330
1F
100
AcDbEntity
  8
0
  6
Continuous
 62
     7
370
    25
100
AcDbSpline
210
0.0
220
0.0
230
1.0
 70
     8
 71
     3
 72
    22
 73
    18
 74
     0
 42
0.00000001
 43
0.00000001
 40
0.1022693200491304
 40
0.1022693200491304
 40
0.1022693200491304
 40
0.1022693200491304
 40
0.1086969209501107
 40
0.1590474994132885
 40
0.2066367252644483
 40
0.2519274200850728
 40
0.2945677015618738
 40
0.3352190773630952
 40
0.3739852715870128
 40
0.4485532434913508
 40
0.5228681118887492
 40
0.5978238049660644
 40
0.6757561334779344
 40
0.7549146121797182
 40
0.8347140680702028
 40
0.9155520039674132
 40
1.0
 40
1.0
 40
1.0
 40
1.0
 10
149.4041455199578
 20
129.0514959486826
 30
0.0
 10
149.4177079014674
 20
129.0560941927823
 30
0.0
 10
149.537397260201
 20
129.0970495130251
 30
0.0
 10
149.7555688972347
 20
129.1776065124808
 30
0.0
 10
150.0489910996042
 20
129.3030618989371
 30
0.0
 10
150.3217662752244
 20
129.4329641802456
 30
0.0
 10
150.5692302975604
 20
129.5775879380793
 30
0.0
 10
150.7971999524582
 20
129.7261962170673
 30
0.0
 10
151.066438946756
 20
129.9392724598453
 30
0.0
 10
151.3651675462105
 20
130.2342321396788
 30
0.0
 10
151.6604984722411
 20
130.6380900488221
 30
0.0
 10
151.9040799572466
 20
131.0835961571323
 30
0.0
 10
152.0818608789431
 20
131.5707540552967
 30
0.0
 10
152.1981187309206
 20
132.0872791764944
 30
0.0
 10
152.2364408415891
 20
132.6215633924865
 30
0.0
 10
152.2087647361985
 20
133.1689971136246
 30
0.0
 10
152.1305757697775
 20
133.529322728564
 30
0.0
 10
152.0906274121102
 20
133.7134205265167
 30
0.0
  0
SPLINE
  5
90
330
1F
100
AcDbEntity
  8
0
  6
Continuous
 62
     7
370
    25
100
AcDbSpline
210
0.0
220
0.0
230
1.0
 70
     8
 71
     3
 72
    15
 73
    11
 74
     0
 42
0.00000001
 43
0.00000001
 40
0.0
 40
0.0
 40
0.0
 40
0.0
 40
0.1260879732374794
 40
0.2485863703693965
 40
0.3683987619687485
 40
0.4882941974103014
 40
0.6092389714999453
 40
0.7344988085010601
 40
0.86344925404259
 40
1.0
 40
1.0
 40
1.0
 40
1.0
 10
152.0906274121102
 20
133.7134205265167
 30
0.0
 10
152.0461592020732
 20
133.8699582410754
 30
0.0
 10
151.9584887395692
 20
134.1785772258122
 30
0.0
 10
151.761700802076
 20
134.612623576195
 30
0.0
 10
151.5214303285861
 20
135.0141608119845
 30
0.0
 10
151.2318312919885
 20
135.3795498182793
 30
0.0
 10
150.89473521383
 20
135.7116179231335
 30
0.0
 10
150.5092793886237
 20
136.0053975692777
 30
0.0
 10
150.0770465678899
 20
136.2667274552629
 30
0.0
 10
149.7636898972685
 20
136.4051094355262
 30
0.0
 10
149.6025264505717
 20
136.4762811034397
 30
0.0
  0
SPLINE
  5
91
330
1F
100
AcDbEntity
  8
0
  6
Continuous
 62
     7
370
    25
100
AcDbSpline
210
0.0
220
0.0
230
1.0
 70
     8
 71
     3
 72
    15
 73
    11
 74
     0
 42
0.00000001
 43
0.00000001
 40
0.0
 40
0.0
 40
0.0
 40
0.0
 40
0.1365129369365166
 40
0.2665534232300877
 40
0.3933686518333759
 40
0.5158238202276558
 40
0.6370407284714378
 40
0.7564796060703658
 40
0.8772410875236455
 40
1.0
 40
1.0
 40
1.0
 40
1.0
 10
149.6025264505717
 20
136.4762811034397
 30
0.0
 10
149.6675065867239
 20
136.5921931904721
 30
0.0
 10
149.7943859735573
 20
136.8185216563713
 30
0.0
 10
149.9440490906987
 20
137.1713511609665
 30
0.0
 10
150.063080653117
 20
137.5211151490377
 30
0.0
 10
150.1418228575887
 20
137.8733472659616
 30
0.0
 10
150.1876963408516
 20
138.2244397148227
 30
0.0
 10
150.186648644285
 20
138.5765151868869
 30
0.0
 10
150.1606745228406
 20
138.929558103513
 30
0.0
 10
150.107577817572
 20
139.1607557412435
 30
0.0
 10
150.080811706982
 20
139.2773027380551
 30
0.0
  0
SPLINE
  5
92
330
1F
100
AcDbEntity
  8
0
  6
Continuous
 62
     7
370
    25
100
AcDbSpline
210
0.0
220
0.0
230
1.0
 70
     8
 71
     3
 72
    18
 73
    14
 74
     0
 42
0.00000001
 43
0.00000001
 40
0.0
 40
0.0
 40
0.0
 40
0.0
 40
0.0834918619353375
 40
0.1643684328109533
 40
0.2442795277402174
 40
0.3246700421314364
 40
0.4049794599707615
 40
0.4840248790856694
 40
0.5639227823191868
 40
0.6459008541412374
 40
0.7303240590919566
 40
0.8162001202584653
 40
0.8866204209504085
 40
0.8866204209504085
 40
0.8866204209504085
 40
0.8866204209504085
 10
150.080811706982
 20
139.2773027380551
 30
0.0
 10
150.0371506093565
 20
139.4333604666615
 30
0.0
 10
149.9511960501317
 20
139.7405875865805
 30
0.0
 10
149.7426484341615
 20
140.1675023021614
 30
0.0
 10
149.4952130125868
 20
140.5652457701618
 30
0.0
 10
149.1867169242651
 20
140.916844746137
 30
0.0
 10
148.8411639592006
 20
141.2292203473354
 30
0.0
 10
148.4509864221215
 20
141.4824629528947
 30
0.0
 10
148.0283132614544
 20
141.6839991956984
 30
0.0
 10
147.569874373179
 20
141.8214198703725
 30
0.0
 10
147.087394563095
 20
141.906840047477
 30
0.0
 10
146.6201837866793
 20
141.9239454227581
 30
0.0
 10
146.3173631554538
 20
141.9034511963372
 30
0.0
 10
146.1819004010898
 20
141.8871617133445
 30
0.0
  0
LINE
  5
93
330
1F
100
AcDbEntity
  8
0
  6
Continuous
 62
     7
370
    25
100
AcDbLine
 10
146.1819004011
 20
141.8871617133
 30
0.0
 11
146.7660103842
 21
139.5603863637
 31
0.0
  0
SPLINE
  5
94
330
1F
100
AcDbEntity
  8
0
  6
Continuous
 62
     7
370
    25
100
AcDbSpline
210
0.0
220
0.0
230
1.0
 70
     8
 71
     3
 72
    13
 73
     9
 74
     0
 42
0.00000001
 43
0.00000001
 40
0.2728047430420173
 40
0.2728047430420173
 40
0.2728047430420173
 40
0.2728047430420173
 40
0.3729941583949807
 40
0.4956812404932155
 40
0.6189332699328298
 40
0.7397068332271213
 40
0.8656537223873406
 40
1.0
 40
1.0
 40
1.0
 40
1.0
 10
146.7660103842099
 20
139.5603863636775
 30
0.0
 10
146.8377872061605
 20
139.5475579812299
 30
0.0
 10
146.9947878383003
 20
139.5047209220097
 30
0.0
 10
147.2240537254115
 20
139.3973093417333
 30
0.0
 10
147.4373118048098
 20
139.2341208851422
 30
0.0
 10
147.6149118492199
 20
139.0302770396471
 30
0.0
 10
147.7527353814456
 20
138.7871673287389
 30
0.0
 10
147.8065973995786
 20
138.6053695930204
 30
0.0
 10
147.8343974441614
 20
138.5115375136962
 30
0.0
  0
SPLINE
  5
95
330
1F
100
AcDbEntity
  8
0
  6
Continuous
 62
     7
370
    25
100
AcDbSpline
210
0.0
220
0.0
230
1.0
 70
     8
 71
     3
 72
    15
 73
    11
 74
     0
 42
0.00000001
 43
0.00000001
 40
0.0
 40
0.0
 40
0.0
 40
0.0
 40
0.1312247203683299
 40
0.2562048081402217
 40
0.3784998658719578
 40
0.504987212918064
 40
0.6294556463680935
 40
0.7508194830498407
 40
0.8725227699858193
 40
1.0
 40
1.0
 40
1.0
 40
1.0
 10
147.8343974441614
 20
138.5115375136962
 30
0.0
 10
147.8548651286883
 20
138.4152917505249
 30
0.0
 10
147.8948264955145
 20
138.227380301993
 30
0.0
 10
147.8802835871872
 20
137.9425261960155
 30
0.0
 10
147.8208245318705
 20
137.6681024149036
 30
0.0
 10
147.699417692128
 20
137.4149022080328
 30
0.0
 10
147.5384171866072
 20
137.1860125841915
 30
0.0
 10
147.3330292403118
 20
137.001243632634
 30
0.0
 10
147.0948258699123
 20
136.8551830554411
 30
0.0
 10
146.9159247397741
 20
136.8014344038128
 30
0.0
 10
146.8244014505717
 20
136.7739373534397
 30
0.0
  0
SPLINE
  5
96
330
1F
100
AcDbEntity
  8
0
  6
Continuous
 62
     7
370
    25
100
AcDbSpline
210
0.0
220
0.0
230
1.0
 70
     8
 71
     3
 72
    15
 73
    11
 74
     0
 42
0.00000001
 43
0.00000001
 40
0.0
 40
0.0
 40
0.0
 40
0.0
 40
0.1299273478553522
 40
0.2515935306317774
 40
0.3698204924924389
 40
0.4911633302189479
 40
0.6147825792085738
 40
0.7361567460386775
 40
0.863652017762234
 40
1.0
 40
1.0
 40
1.0
 40
1.0
 10
146.8244014505717
 20
136.7739373534397
 30
0.0
 10
146.7281466792303
 20
136.754616850376
 30
0.0
 10
146.5417572996142
 20
136.7172042989799
 30
0.0
 10
146.260837925408
 20
136.729279382837
 30
0.0
 10
145.9945904864373
 20
136.7933446846534
 30
0.0
 10
145.7470446500657
 20
136.9145899042481
 30
0.0
 10
145.5263127784911
 20
137.083592211831
 30
0.0
 10
145.3439955549549
 20
137.2991348295997
 30
0.0
 10
145.2005925997615
 20
137.5543674053464
 30
0.0
 10
145.1456982461106
 20
137.7459735134623
 30
0.0
 10
145.1173301364691
 20
137.8449910393372
 30
0.0
  0
SPLINE
  5
97
330
1F
100
AcDbEntity
  8
0
  6
Continuous
 62
     7
370
    25
100
AcDbSpline
210
0.0
220
0.0
230
1.0
 70
     8
 71
     3
 72
    12
 73
     8
 74
     0
 42
0.00000001
 43
0.00000001
 40
0.0
 40
0.0
 40
0.0
 40
0.0
 40
0.1303515697106781
 40
0.253258152802905
 40
0.3716216841357772
 40
0.4921949743372185
 40
0.5629152256975327
 40
0.5629152256975327
 40
0.5629152256975327
 40
0.5629152256975327
 10
145.1173301364691
 20
137.8449910393372
 30
0.0
 10
145.0972603701889
 20
137.9403518924982
 30
0.0
 10
145.0582671156651
 20
138.1256270953583
 30
0.0
 10
145.0668087205715
 20
138.405233358979
 30
0.0
 10
145.1312531955381
 20
138.6692706820006
 30
0.0
 10
145.2358724762262
 20
138.8768678339104
 30
0.0
 10
145.3183292768233
 20
138.9939839589175
 30
0.0
 10
145.3513042012691
 20
139.0352199475013
 30
0.0
  0
LINE
  5
98
330
1F
100
AcDbEntity
  8
0
  6
Continuous
 62
     7
370
    25
100
AcDbLine
 10
145.3513042013
 20
139.0352199475
 30
0.0
 11
144.7346142703
 21
141.4917760264
 31
0.0
  0
SPLINE
  5
99
330
1F
100
AcDbEntity
  8
0
  6
Continuous
 62
     7
370
    25
100
AcDbSpline
210
0.0
220
0.0
230
1.0
 70
     8
 71
     3
 72
    18
 73
    14
 74
     0
 42
0.00000001
 43
0.00000001
 40
0.1460449890074726
 40
0.1460449890074726
 40
0.1460449890074726
 40
0.1460449890074726
 40
0.1814668724226266
 40
0.266556194602635
 40
0.3496649314611414
 40
0.4310295409373627
 40
0.5115725652981508
 40
0.5918986811284804
 40
0.6743904180888561
 40
0.7567324506450956
 40
0.8373890885938835
 40
0.9182748583996565
 40
0.9999999999999999
 40
0.9999999999999999
 40
0.9999999999999999
 40
0.9999999999999999
 10
144.734614271024
 20
141.4917760247784
 30
0.0
 10
144.6723192877959
 20
141.4633219761098
 30
0.0
 10
144.4628787915431
 20
141.3609054664268
 30
0.0
 10
144.1247423320614
 20
141.1582544264822
 30
0.0
 10
143.7464510720436
 20
140.8571863534478
 30
0.0
 10
143.417974815053
 20
140.5144139721936
 30
0.0
 10
143.1444727329295
 20
140.1330234409398
 30
0.0
 10
142.9244938622025
 20
139.7157031388265
 30
0.0
 10
142.7685283488245
 20
139.2672491940026
 30
0.0
 10
142.6620184684254
 20
138.8039609362712
 30
0.0
 10
142.6218197871052
 20
138.3333681135454
 30
0.0
 10
142.6416209482095
 20
137.861805079684
 30
0.0
 10
142.7078718421891
 20
137.5543165619818
 30
0.0
 10
142.7411682774948
 20
137.3997786995936
 30
0.0
  0
SPLINE
  5
9A
330
1F
100
AcDbEntity
  8
0
  6
Continuous
 62
     7
370
    25
100
AcDbSpline
210
0.0
220
0.0
230
1.0
 70
     8
 71
     3
 72
    15
 73
    11
 74
     0
 42
0.00000001
 43
0.00000001
 40
0.0
 40
0.0
 40
0.0
 40
0.0
 40
0.1154186029017424
 40
0.2270051606936514
 40
0.3376642369030174
 40
0.4466565389545569
 40
0.5622416190853333
 40
0.6925233010717818
 40
0.8379818567152714
 40
1.0
 40
1.0
 40
1.0
 40
1.0
 10
142.7411682774948
 20
137.3997786995936
 30
0.0
 10
142.7707333837263
 20
137.2920059491605
 30
0.0
 10
142.8288819968813
 20
137.0800386413317
 30
0.0
 10
142.9612897067892
 20
136.7806547118029
 30
0.0
 10
143.1112380934305
 20
136.4972391598672
 30
0.0
 10
143.2972607382808
 20
136.2306353128685
 30
0.0
 10
143.5258184089058
 20
135.9739468515002
 30
0.0
 10
143.8016377259457
 20
135.7142273999689
 30
0.0
 10
144.1348826700994
 20
135.4523092689961
 30
0.0
 10
144.3817565470098
 20
135.2865178695624
 30
0.0
 10
144.5118413544178
 20
135.1991577060039
 30
0.0
  0
SPLINE
  5
9B
330
1F
100
AcDbEntity
  8
0
  6
Continuous
 62
     7
370
    25
100
AcDbSpline
210
0.0
220
0.0
230
1.0
 70
     8
 71
     3
 72
    15
 73
    11
 74
     0
 42
0.00000001
 43
0.00000001
 40
0.0
 40
0.0
 40
0.0
 40
0.0
 40
0.1284836621029037
 40
0.2532159341674824
 40
0.37721778076087
 40
0.5017257629219816
 40
0.6262932552346675
 40
0.7489300157168217
 40
0.8735145057088288
 40
1.0
 40
1.0
 40
1.0
 40
1.0
 10
144.5118413544178
 20
135.1991577060039
 30
0.0
 10
144.4016996161138
 20
135.0728165294539
 30
0.0
 10
144.1846319928923
 20
134.8238230113654
 30
0.0
 10
143.9183871165118
 20
134.4084858431367
 30
0.0
 10
143.7076596848332
 20
133.9687764751094
 30
0.0
 10
143.5582007420476
 20
133.5046049064794
 30
0.0
 10
143.4676180471142
 20
133.0277009676555
 30
0.0
 10
143.4318466926291
 20
132.5433162123495
 30
0.0
 10
143.4652914275468
 20
132.0554395879547
 30
0.0
 10
143.5335855730514
 20
131.7351929405064
 30
0.0
 10
143.5679911941614
 20
131.5738572252346
 30
0.0
  0
SPLINE
  5
9C
330
1F
100
AcDbEntity
  8
0
  6
Continuous
 62
     7
370
    25
100
AcDbSpline
210
0.0
220
0.0
230
1.0
 70
     8
 71
     3
 72
    25
 73
    21
 74
     0
 42
0.00000001
 43
0.00000001
 40
0.0
 40
0.0
 40
0.0
 40
0.0
 40
0.081525670915012
 40
0.1612848065539835
 40
0.2410299360111123
 40
0.3220277610538808
 40
0.3624300228138192
 40
0.4021575806089787
 40
0.4411434214530111
 40
0.4795984516138062
 40
0.517919630278554
 40
0.5561279333559491
 40
0.5948146456820416
 40
0.6335705925854783
 40
0.6732324896022672
 40
0.7144016046776239
 40
0.7568969413778146
 40
0.8012931584438053
 40
0.8477339568768952
 40
0.8758216678078369
 40
0.8758216678078369
 40
0.8758216678078369
 40
0.8758216678078369
 10
143.5679911941614
 20
131.5738572252346
 30
0.0
 10
143.6186655269956
 20
131.4018136432759
 30
0.0
 10
143.7189161581978
 20
131.061454397855
 30
0.0
 10
143.9467682440149
 20
130.5807234426333
 30
0.0
 10
144.23715178872
 20
130.1376023836364
 30
0.0
 10
144.5261542182055
 20
129.8011787062675
 30
0.0
 10
144.7838090924771
 20
129.5580593999518
 30
0.0
 10
144.9842999364408
 20
129.3895103849612
 30
0.0
 10
145.1934000442557
 20
129.2388156508009
 30
0.0
 10
145.4108960876717
 20
129.106513270413
 30
0.0
 10
145.6346606473999
 20
128.9887859110286
 30
0.0
 10
145.8675235858276
 20
128.8885660114645
 30
0.0
 10
146.1090275413008
 20
128.8088301828937
 30
0.0
 10
146.357412649035
 20
128.740930435095
 30
0.0
 10
146.6160665159044
 20
128.692788286175
 30
0.0
 10
146.8855777923698
 20
128.6629023946149
 30
0.0
 10
147.1669241533897
 20
128.6493216728382
 30
0.0
 10
147.4599476555583
 20
128.659182390612
 30
0.0
 10
147.7206315349396
 20
128.6782009296726
 30
0.0
 10
147.8833747145559
 20
128.6969628325764
 30
0.0
 10
147.9445711181793
 20
128.7050600261551
 30
0.0
  0
LINE
  5
9D
330
1F
100
AcDbEntity
  8
0
  6
Continuous
 62
     7
370
    25
100
AcDbLine
 10
147.9445711182
 20
128.7050600262
 30
0.0
 11
147.3675046753
 21
131.0037777562
 31
0.0
  0
SPLINE
  5
9E
330
1F
100
AcDbEntity
  8
0
  6
Continuous
 62
     7
370
    25
100
AcDbSpline
210
0.0
220
0.0
230
1.0
 70
     8
 71
     3
 72
    19
 73
    15
 74
     0
 42
0.00000001
 43
0.00000001
 40
0.2868568820118693
 40
0.2868568820118693
 40
0.2868568820118693
 40
0.2868568820118693
 40
0.3417142412806181
 40
0.4030453478877765
 40
0.4646075881823736
 40
0.5249347299197864
 40
0.585055523634015
 40
0.6435418222729973
 40
0.7013687553485517
 40
0.7587704619606505
 40
0.8164990707430596
 40
0.875685395401191
 40
0.9365574347345952
 40
1.0
 40
1.0
 40
1.0
 40
1.0
 10
147.3675046752511
 20
131.0037777562195
 30
0.0
 10
147.3125664857837
 20
131.009045753422
 30
0.0
 10
147.1967211357317
 20
131.0261946876776
 30
0.0
 10
147.0215006114399
 20
131.0637047618057
 30
0.0
 10
146.847535652734
 20
131.1259015288819
 30
0.0
 10
146.6801939186319
 20
131.2012920055276
 30
0.0
 10
146.5271055257582
 20
131.2966655021679
 30
0.0
 10
146.3821661916124
 20
131.3997432934783
 30
0.0
 10
146.2551298892168
 20
131.5205833739662
 30
0.0
 10
146.142086068475
 20
131.6533921726932
 30
0.0
 10
146.045420711744
 20
131.8001959810869
 30
0.0
 10
145.9607452551834
 20
131.9581003261711
 30
0.0
 10
145.8919483658634
 20
132.1299393146232
 30
0.0
 10
145.8574513351349
 20
132.2502423619722
 30
0.0
 10
145.8398461621101
 20
132.3116376739526
 30
0.0
  0
SPLINE
  5
9F
330
1F
100
AcDbEntity
  8
0
  6
Continuous
 62
     7
370
    25
100
AcDbSpline
210
0.0
220
0.0
230
1.0
 70
     8
 71
     3
 72
    19
 73
    15
 74
     0
 42
0.00000001
 43
0.00000001
 40
0.0
 40
0.0
 40
0.0
 40
0.0
 40
0.0634965075690416
 40
0.1251680367800551
 40
0.1848760564376008
 40
0.2440367211980583
 40
0.3034181243440703
 40
0.3629897767661265
 40
0.4239577835138231
 40
0.4872758357640343
 40
0.6129646015660983
 40
0.737113477488763
 40
0.8643735187113571
 40
1.0
 40
1.0
 40
1.0
 40
1.0
 10
145.8398461621101
 20
132.3116376739526
 30
0.0
 10
145.8256843628752
 20
132.3741480250286
 30
0.0
 10
145.7977677943051
 20
132.4973720923383
 30
0.0
 10
145.7813539540044
 20
132.6835676453508
 30
0.0
 10
145.7808642477597
 20
132.8658047436789
 30
0.0
 10
145.7982931287425
 20
133.0450633620483
 30
0.0
 10
145.8363012764674
 20
133.2210998169683
 30
0.0
 10
145.8964573787682
 20
133.3926044985303
 30
0.0
 10
145.9727257965558
 20
133.5619296050059
 30
0.0
 10
146.1009187413798
 20
133.7793318369831
 30
0.0
 10
146.2972837307285
 20
134.029663761095
 30
0.0
 10
146.5916266572558
 20
134.2736095327866
 30
0.0
 10
146.9331006638515
 20
134.4693301876702
 30
0.0
 10
147.1886526825489
 20
134.5429613326121
 30
0.0
 10
147.3204952005717
 20
134.5809485713885
 30
0.0
  0
SPLINE
  5
A0
330
1F
100
AcDbEntity
  8
0
  6
Continuous
 62
     7
370
    25
100
AcDbSpline
210
0.0
220
0.0
230
1.0
 70
     8
 71
     3
 72
    19
 73
    15
 74
     0
 42
0.00000001
 43
0.00000001
 40
0.0
 40
0.0
 40
0.0
 40
0.0
 40
0.1380882292726658
 40
0.2684147408664266
 40
0.3962078464927068
 40
0.5251766112284185
 40
0.589209932924001
 40
0.6507894698933062
 40
0.7103498365899483
 40
0.7680962442667315
 40
0.8252767382567782
 40
0.8825313642926379
 40
0.9401613538186624
 40
1.0
 40
1.0
 40
1.0
 40
1.0
 10
147.3204952005717
 20
134.5809485713885
 30
0.0
 10
147.4572548227808
 20
134.6088214392194
 30
0.0
 10
147.72308702839
 20
134.6630004857279
 30
0.0
 10
148.1258594793572
 20
134.6597140238159
 30
0.0
 10
148.51071809677
 20
134.582391285409
 30
0.0
 10
148.8119261785928
 20
134.458524501942
 30
0.0
 10
149.0344009422592
 20
134.3299890648036
 30
0.0
 10
149.1885821353494
 20
134.2239678144352
 30
0.0
 10
149.3236968170287
 20
134.1037096403224
 30
0.0
 10
149.4417089159373
 20
133.9727285431221
 30
0.0
 10
149.5440043078822
 20
133.8320130060719
 30
0.0
 10
149.6312261419835
 20
133.6816015696624
 30
0.0
 10
149.7010045368769
 20
133.5191787833249
 30
0.0
 10
149.7335194231564
 20
133.4051571249731
 30
0.0
 10
149.7500825403153
 20
133.3470743726705
 30
0.0
  0
SPLINE
  5
A1
330
1F
100
AcDbEntity
  8
0
  6
Continuous
 62
     7
370
    25
100
AcDbSpline
210
0.0
220
0.0
230
1.0
 70
     8
 71
     3
 72
    16
 73
    12
 74
     0
 42
0.00000001
 43
0.00000001
 40
0.0
 40
0.0
 40
0.0
 40
0.0
 40
0.1212939832432017
 40
0.2371800916305667
 40
0.3537343433150942
 40
0.4751311713503545
 40
0.5377578900932909
 40
0.5997168088521904
 40
0.6621716966494402
 40
0.7252891371591936
 40
0.7859029178440659
 40
0.7859029178440659
 40
0.7859029178440659
 40
0.7859029178440659
 10
149.7500825403153
 20
133.3470743726705
 30
0.0
 10
149.7739683459679
 20
133.2254948101151
 30
0.0
 10
149.8206750120521
 20
132.9877562923727
 30
0.0
 10
149.8008716591086
 20
132.6240222812875
 30
0.0
 10
149.7034961838131
 20
132.2748384712039
 30
0.0
 10
149.5643598907866
 20
131.9994602346584
 30
0.0
 10
149.4168583024928
 20
131.7965427481816
 30
0.0
 10
149.2916736675729
 20
131.6526071684822
 30
0.0
 10
149.1515752595289
 20
131.5221427227397
 30
0.0
 10
148.9981663769271
 20
131.4100936184714
 30
0.0
 10
148.8900308726347
 20
131.3450450966359
 30
0.0
 10
148.8357703581203
 20
131.3155923590445
 30
0.0
  0
LINE
  5
A2
330
1F
100
AcDbEntity
  8
0
  6
Continuous
 62
     7
370
    25
100
AcDbLine
 10
148.8357703581
 20
131.315592359
 30
0.0
 11
149.4041455201
 21
129.0514959483
 31
0.0
  0
LINE
  5
A3
330
1F
100
AcDbEntity
  8
0
  6
Continuous
 62
     7
370
    25
100
AcDbLine
 10
95.2148217545
 20
189.8871406236
 30
0.0
 11
95.2148217545
 21
186.4871406236
 31
0.0
  0
LINE
  5
A4
330
1F
100
AcDbEntity
  8
0
  6
Continuous
 62
     7
370
    25
100
AcDbLine
 10
101.2148217545
 20
186.4871406236
 30
0.0
 11
95.2148217545
 21
186.4871406236
 31
0.0
  0
LINE
  5
A5
330
1F
100
AcDbEntity
  8
0
  6
Continuous
 62
     7
370
    25
100
AcDbLine
 10
101.2148217545
 20
183.6871406236
 30
0.0
 11
101.2148217545
 21
186.4871406236
 31
0.0
  0
LINE
  5
A6
330
1F
100
AcDbEntity
  8
0
  6
Continuous
 62
     7
370
    25
100
AcDbLine
 10
101.2148217545
 20
183.6871406236
 30
0.0
 11
151.2148217545
 21
183.6871406236
 31
0.0
  0
LINE
  5
A7
330
1F
100
AcDbEntity
  8
0
  6
Continuous
 62
     7
370
    25
100
AcDbLine
 10
151.2148217545
 20
183.6871406236
 30
0.0
 11
151.2148217545
 21
186.4871406236
 31
0.0
  0
LINE
  5
A8
330
1F
100
AcDbEntity
  8
0
  6
Continuous
 62
     7
370
    25
100
AcDbLine
 10
151.2148217545
 20
186.4871406236
 30
0.0
 11
156.2148217545
 21
186.4871406236
 31
0.0
  0
LINE
  5
A9
330
1F
100
AcDbEntity
  8
0
  6
Continuous
 62
     7
370
    25
100
AcDbLine
 10
156.2148217545
 20
189.8871406236
 30
0.0
 11
156.2148217545
 21
186.4871406236
 31
0.0
  0
LINE
  5
AA
330
1F
100
AcDbEntity
  8
0
  6
Continuous
 62
     7
370
    25
100
AcDbLine
 10
151.2148217545
 20
189.8871406236
 30
0.0
 11
156.2148217545
 21
189.8871406236
 31
0.0
  0
LINE
  5
AB
330
1F
100
AcDbEntity
  8
0
  6
Continuous
 62
     7
370
    25
100
AcDbLine
 10
151.2148217545
 20
189.8871406236
 30
0.0
 11
151.2148217545
 21
191.6871406236
 31
0.0
  0
LINE
  5
AC
330
1F
100
AcDbEntity
  8
0
  6
Continuous
 62
     7
370
    25
100
AcDbLine
 10
101.2148217545
 20
191.6871406236
 30
0.0
 11
151.2148217545
 21
191.6871406236
 31
0.0
  0
LINE
  5
AD
330
1F
100
AcDbEntity
  8
0
  6
Continuous
 62
     7
370
    25
100
AcDbLine
 10
101.2148217545
 20
189.8871406236
 30
0.0
 11
101.2148217545
 21
191.6871406236
 31
0.0
  0
LINE
  5
AE
330
1F
100
AcDbEntity
  8
0
  6
Continuous
 62
     7
370
    25
100
AcDbLine
 10
101.2148217545
 20
189.8871406236
 30
0.0
 11
95.2148217545
 21
189.8871406236
 31
0.0
  0
LINE
  5
AF
330
1F
100
AcDbEntity
  8
0
  6
Continuous
 62
     7
370
    25
100
AcDbLine
 10
105.2148217545
 20
206.5521704028
 30
0.0
 11
181.0550407218
 21
225.5367040054
 31
0.0
  0
LINE
  5
B0
330
1F
100
AcDbEntity
  8
0
  6
Continuous
 62
     7
370
    25
100
AcDbLine
 10
181.0550407218
 20
225.5367040054
 30
0.0
 11
159.4831926101
 21
181.6393290121
 31
0.0
  0
LINE
  5
B1
330
1F
100
AcDbEntity
  8
0
  6
Continuous
 62
     7
370
    25
100
AcDbLine
 10
155.2148217545
 20
166.5896153002
 30
0.0
 11
159.4831926101
 21
181.6393290121
 31
0.0
  0
LINE
  5
B2
330
1F
100
AcDbEntity
  8
0
  6
Continuous
 62
     7
370
    25
100
AcDbLine
 10
155.2148217545
 20
161.6871406236
 30
0.0
 11
155.2148217545
 21
166.5896153002
 31
0.0
  0
LINE
  5
B3
330
1F
100
AcDbEntity
  8
0
  6
Continuous
 62
     7
370
    25
100
AcDbLine
 10
146.0148217545
 20
161.6871406236
 30
0.0
 11
155.2148217545
 21
161.6871406236
 31
0.0
  0
LINE
  5
B4
330
1F
100
AcDbEntity
  8
0
  6
Continuous
 62
     7
370
    25
100
AcDbLine
 10
146.0148217545
 20
158.8871406236
 30
0.0
 11
146.0148217545
 21
161.6871406236
 31
0.0
  0
LINE
  5
B5
330
1F
100
AcDbEntity
  8
0
  6
Continuous
 62
     7
370
    25
100
AcDbLine
 10
138.1748217545
 20
158.8871406236
 30
0.0
 11
146.0148217545
 21
158.8871406236
 31
0.0
  0
LINE
  5
B6
330
1F
100
AcDbEntity
  8
0
  6
Continuous
 62
     7
370
    25
100
AcDbLine
 10
138.1748217545
 20
161.6871406236
 30
0.0
 11
138.1748217545
 21
158.8871406236
 31
0.0
  0
LINE
  5
B7
330
1F
100
AcDbEntity
  8
0
  6
Continuous
 62
     7
370
    25
100
AcDbLine
 10
112.5148217545
 20
161.6871406236
 30
0.0
 11
138.1748217545
 21
161.6871406236
 31
0.0
  0
LINE
  5
B8
330
1F
100
AcDbEntity
  8
0
  6
Continuous
 62
     7
370
    25
100
AcDbLine
 10
112.5148217545
 20
161.6871406236
 30
0.0
 11
112.5148217545
 21
158.8871406236
 31
0.0
  0
LINE
  5
B9
330
1F
100
AcDbEntity
  8
0
  6
Continuous
 62
     7
370
    25
100
AcDbLine
 10
104.6748217545
 20
158.8871406236
 30
0.0
 11
112.5148217545
 21
158.8871406236
 31
0.0
  0
LINE
  5
BA
330
1F
100
AcDbEntity
  8
0
  6
Continuous
 62
     7
370
    25
100
AcDbLine
 10
104.6748217545
 20
158.8871406236
 30
0.0
 11
104.6748217545
 21
161.6871406236
 31
0.0
  0
LINE
  5
BB
330
1F
100
AcDbEntity
  8
0
  6
Continuous
 62
     7
370
    25
100
AcDbLine
 10
91.2148217545
 20
161.6871406236
 30
0.0
 11
104.6748217545
 21
161.6871406236
 31
0.0
  0
LINE
  5
BC
330
1F
100
AcDbEntity
  8
0
  6
Continuous
 62
     7
370
    25
100
AcDbLine
 10
91.2148217545
 20
161.6871406236
 30
0.0
 11
91.2148217545
 21
189.6871406236
 31
0.0
  0
LINE
  5
BD
330
1F
100
AcDbEntity
  8
0
  6
Continuous
 62
     7
370
    25
100
AcDbLine
 10
91.2148217545
 20
189.6871406236
 30
0.0
 11
105.2148217545
 21
206.5521704028
 31
0.0
  0
SPLINE
  5
BE
330
1F
100
AcDbEntity
  8
0
  6
Continuous
 62
     7
370
    25
100
AcDbSpline
210
0.0
220
0.0
230
1.0
 70
     8
 71
     3
 72
    18
 73
    14
 74
     0
 42
0.00000001
 43
0.00000001
 40
0.0
 40
0.0
 40
0.0
 40
0.0
 40
0.0833464869890989
 40
0.1644900455595071
 40
0.2444590159758806
 40
0.3248122677575071
 40
0.4050603544660075
 40
0.484253956586024
 40
0.564075188742121
 40
0.6458595751018406
 40
0.7301608486807039
 40
0.8161895074716762
 40
0.8362883282725265
 40
0.8362883282725265
 40
0.8362883282725265
 40
0.8362883282725265
 10
158.5581672340207
 20
211.4060545545187
 30
0.0
 10
158.5236743749227
 20
211.5639637906651
 30
0.0
 10
158.4556003364183
 20
211.8756085688235
 30
0.0
 10
158.437995610098
 20
212.3504186500708
 30
0.0
 10
158.4697480336798
 20
212.8179304671939
 30
0.0
 10
158.5746455602753
 20
213.2733542677023
 30
0.0
 10
158.7323886058624
 20
213.711234898245
 30
0.0
 10
158.9537723210912
 20
214.120170857174
 30
0.0
 10
159.2344739384375
 20
214.494168856086
 30
0.0
 10
159.5697340466478
 20
214.8340616686455
 30
0.0
 10
159.956957755466
 20
215.1334445202716
 30
0.0
 10
160.2752045963301
 20
215.3210020783033
 30
0.0
 10
160.4594306396262
 20
215.4124579685012
 30
0.0
 10
160.4945537917819
 20
215.4292885520653
 30
0.0
  0
SPLINE
  5
BF
330
1F
100
AcDbEntity
  8
0
  6
Continuous
 62
     7
370
    25
100
AcDbSpline
210
0.0
220
0.0
230
1.0
 70
     8
 71
     3
 72
    15
 73
    11
 74
     0
 42
0.00000001
 43
0.00000001
 40
0.0
 40
0.0
 40
0.0
 40
0.0
 40
0.1359631128944686
 40
0.2663325688280408
 40
0.3922125420427515
 40
0.5153023393905063
 40
0.6367837419826328
 40
0.7562441027126597
 40
0.877766209411338
 40
1.0
 40
1.0
 40
1.0
 40
1.0
 10
160.3033996058155
 20
209.1647284327238
 30
0.0
 10
160.1916891019395
 20
209.2355788648538
 30
0.0
 10
159.9728639748224
 20
209.3743648722497
 30
0.0
 10
159.6754892949419
 20
209.6140004943982
 30
0.0
 10
159.4046257263914
 20
209.8650649393924
 30
0.0
 10
159.1706860377356
 20
210.1397479070136
 30
0.0
 10
158.9652570504846
 20
210.428798490999
 30
0.0
 10
158.7973443327559
 20
210.7391886274998
 30
0.0
 10
158.6542212748266
 20
211.0630112257216
 30
0.0
 10
158.5902475081322
 20
211.2914844237089
 30
0.0
 10
158.5581672340207
 20
211.4060545545187
 30
0.0
  0
SPLINE
  5
C0
330
1F
100
AcDbEntity
  8
0
  6
Continuous
 62
     7
370
    25
100
AcDbSpline
210
0.0
220
0.0
230
1.0
 70
     8
 71
     3
 72
    15
 73
    11
 74
     0
 42
0.00000001
 43
0.00000001
 40
0.0
 40
0.0
 40
0.0
 40
0.0
 40
0.1260023730710783
 40
0.2486163289401959
 40
0.3684477003529945
 40
0.4880261864673874
 40
0.6092853679792689
 40
0.73408072788193
 40
0.8632154199619356
 40
1.0
 40
1.0
 40
1.0
 40
1.0
 10
159.418063067354
 20
205.5521483045187
 30
0.0
 10
159.3823434898322
 20
205.7108961992419
 30
0.0
 10
159.3118648947205
 20
206.0241229889533
 30
0.0
 10
159.2825835662863
 20
206.5001020694149
 30
0.0
 10
159.3034197119899
 20
206.9673967053761
 30
0.0
 10
159.3862461888828
 20
207.4264987160063
 30
0.0
 10
159.5275234444724
 20
207.8776370659191
 30
0.0
 10
159.7285798706461
 20
208.3187337672267
 30
0.0
 10
159.9842909784127
 20
208.7544392966192
 30
0.0
 10
160.1950094343481
 20
209.0253673938965
 30
0.0
 10
160.3033996058155
 20
209.1647284327238
 30
0.0
  0
SPLINE
  5
C1
330
1F
100
AcDbEntity
  8
0
  6
Continuous
 62
     7
370
    25
100
AcDbSpline
210
0.0
220
0.0
230
1.0
 70
     8
 71
     3
 72
    21
 73
    17
 74
     0
 42
0.00000001
 43
0.00000001
 40
0.1472737833943986
 40
0.1472737833943986
 40
0.1472737833943986
 40
0.1472737833943986
 40
0.159038151849778
 40
0.2068286771162814
 40
0.2517950717087957
 40
0.2948465553020732
 40
0.3353961575863667
 40
0.3740934588268121
 40
0.4488026805168751
 40
0.5229124838741459
 40
0.598226945907362
 40
0.6759376330718369
 40
0.7550862362100021
 40
0.834742675791277
 40
0.915686128495985
 40
0.9999999999999999
 40
0.9999999999999999
 40
0.9999999999999999
 40
0.9999999999999999
 10
163.6886630611386
 20
202.6693255509395
 30
0.0
 10
163.6626959709788
 20
202.6658763008624
 30
0.0
 10
163.5311261588811
 20
202.6493241578791
 30
0.0
 10
163.2991110074796
 20
202.6294133492378
 30
0.0
 10
162.9967649258844
 20
202.6183241308949
 30
0.0
 10
162.7104289451269
 20
202.6257985977874
 30
0.0
 10
162.4388561718625
 20
202.6498287319604
 30
0.0
 10
162.1013457462761
 20
202.7116834173337
 30
0.0
 10
161.6992200143623
 20
202.8300543489459
 30
0.0
 10
161.2466797804476
 20
203.0449292578106
 30
0.0
 10
160.8237345990238
 20
203.3250742638181
 30
0.0
 10
160.434711293249
 20
203.6681562876623
 30
0.0
 10
160.0921486065856
 20
204.0704433121878
 30
0.0
 10
159.8028470683776
 20
204.5208200857721
 30
0.0
 10
159.5726368308282
 20
205.0177305498158
 30
0.0
 10
159.4702834864381
 20
205.3716033110518
 30
0.0
 10
159.418063067354
 20
205.5521483045187
 30
0.0
  0
LINE
  5
C2
330
1F
100
AcDbEntity
  8
0
  6
Continuous
 62
     7
370
    25
100
AcDbLine
 10
163.6886630609
 20
202.6693255509
 30
0.0
 11
163.1041916088
 21
205.004196864
 31
0.0
  0
SPLINE
  5
C3
330
1F
100
AcDbEntity
  8
0
  6
Continuous
 62
     7
370
    25
100
AcDbSpline
210
0.0
220
0.0
230
1.0
 70
     8
 71
     3
 72
    19
 73
    15
 74
     0
 42
0.00000001
 43
0.00000001
 40
0.0
 40
0.0
 40
0.0
 40
0.0
 40
0.0616116593005988
 40
0.1212705191311152
 40
0.1797157323456118
 40
0.2371872385379489
 40
0.2950430131557312
 40
0.3538955561527654
 40
0.4138149994794463
 40
0.475471597997762
 40
0.5376203832689452
 40
0.5997580257726228
 40
0.6625276491405124
 40
0.6827507264506929
 40
0.6827507264506929
 40
0.6827507264506929
 40
0.6827507264506929
 10
161.6517569776104
 20
206.3357220224675
 30
0.0
 10
161.6680091255055
 20
206.2749766268357
 30
0.0
 10
161.6999983047389
 20
206.1554111785632
 30
0.0
 10
161.7742110438631
 20
205.9874496778785
 30
0.0
 10
161.8566431058423
 20
205.8284201652797
 30
0.0
 10
161.9575146924454
 20
205.6823092749011
 30
0.0
 10
162.0725977204541
 20
205.5468491497837
 30
0.0
 10
162.2024373168196
 20
205.4216782256107
 30
0.0
 10
162.3484799180885
 20
205.3093463745014
 30
0.0
 10
162.508130508365
 20
205.2109994352379
 30
0.0
 10
162.678222421619
 20
205.1267497077566
 30
0.0
 10
162.8573309349046
 20
205.0605822377943
 30
0.0
 10
163.000617260484
 20
205.022771390776
 30
0.0
 10
163.0838496844035
 20
205.0075522570566
 30
0.0
 10
163.1041915993813
 20
205.0041968616324
 30
0.0
  0
SPLINE
  5
C4
330
1F
100
AcDbEntity
  8
0
  6
Continuous
 62
     7
370
    25
100
AcDbSpline
210
0.0
220
0.0
230
1.0
 70
     8
 71
     3
 72
    15
 73
    11
 74
     0
 42
0.00000001
 43
0.00000001
 40
0.0
 40
0.0
 40
0.0
 40
0.0
 40
0.1382426921050522
 40
0.2688106143850741
 40
0.3960448505699286
 40
0.5256456702320116
 40
0.6509882998898096
 40
0.7679930919955553
 40
0.8827719218615226
 40
1.0
 40
1.0
 40
1.0
 40
1.0
 10
163.2112722019694
 20
208.5719600032367
 30
0.0
 10
163.0769432014663
 20
208.5330058961001
 30
0.0
 10
162.815742695276
 20
208.4572602829849
 30
0.0
 10
162.4649578558918
 20
208.2597109416346
 30
0.0
 10
162.1593118687998
 20
208.0126629285881
 30
0.0
 10
161.9158045619798
 20
207.7111039215835
 30
0.0
 10
161.7258826222834
 20
207.3845553034672
 30
0.0
 10
161.6211274881275
 20
207.0375451262925
 30
0.0
 10
161.5833373511162
 20
206.6831455716152
 30
0.0
 10
161.6287904890307
 20
206.4523420536289
 30
0.0
 10
161.6517569776104
 20
206.3357220224675
 30
0.0
  0
SPLINE
  5
C5
330
1F
100
AcDbEntity
  8
0
  6
Continuous
 62
     7
370
    25
100
AcDbSpline
210
0.0
220
0.0
230
1.0
 70
     8
 71
     3
 72
    19
 73
    15
 74
     0
 42
0.00000001
 43
0.00000001
 40
0.0
 40
0.0
 40
0.0
 40
0.0
 40
0.0633330113129887
 40
0.1248809962672095
 40
0.1851039638308997
 40
0.2443734420144795
 40
0.3034096337652522
 40
0.3629055368380284
 40
0.424148070849962
 40
0.4871955068097713
 40
0.6126771580141033
 40
0.736589641626064
 40
0.8644678069194571
 40
1.0
 40
1.0
 40
1.0
 40
1.0
 10
165.5874340609437
 20
207.2693959006725
 30
0.0
 10
165.5697048385707
 20
207.3307416777469
 30
0.0
 10
165.5347460878801
 20
207.4517042152766
 30
0.0
 10
165.4668966138733
 20
207.6260193376849
 30
0.0
 10
165.3793747334031
 20
207.7866066090635
 30
0.0
 10
165.2775529882491
 20
207.9354949037824
 30
0.0
 10
165.1587416193866
 20
208.0700575040879
 30
0.0
 10
165.0290576198559
 20
208.1970917997311
 30
0.0
 10
164.8803125841562
 20
208.3083793786522
 30
0.0
 10
164.6649948220247
 20
208.4393126136436
 30
0.0
 10
164.3740931589132
 20
208.5655694657215
 30
0.0
 10
164.0000758783029
 20
208.6460061407009
 30
0.0
 10
163.6063818293998
 20
208.6514586611642
 30
0.0
 10
163.3455022411508
 20
208.5989679707162
 30
0.0
 10
163.2112722019694
 20
208.5719600032367
 30
0.0
  0
SPLINE
  5
C6
330
1F
100
AcDbEntity
  8
0
  6
Continuous
 62
     7
370
    25
100
AcDbSpline
210
0.0
220
0.0
230
1.0
 70
     8
 71
     3
 72
    21
 73
    17
 74
     0
 42
0.00000001
 43
0.00000001
 40
0.1844655984682609
 40
0.1844655984682609
 40
0.1844655984682609
 40
0.1844655984682609
 40
0.2134338401127689
 40
0.2783222590911286
 40
0.341683417368771
 40
0.4031802684587728
 40
0.4639866107746938
 40
0.5248104571956588
 40
0.584912455180992
 40
0.643337971174736
 40
0.7011468256573504
 40
0.7588081769751076
 40
0.8163956350314291
 40
0.8753652182684173
 40
0.9363929082851448
 40
1.0
 40
1.0
 40
1.0
 40
1.0
 10
164.5904478068922
 20
205.2439909010611
 30
0.0
 10
164.6168285341483
 20
205.2564201219262
 30
0.0
 10
164.7017106052711
 20
205.2979501863746
 30
0.0
 10
164.8403693265009
 20
205.3749150123326
 30
0.0
 10
164.9947764872306
 20
205.4879679467312
 30
0.0
 10
165.1364616036497
 20
205.610205984787
 30
0.0
 10
165.2620028006148
 20
205.7458478829226
 30
0.0
 10
165.3701963336858
 20
205.8936495580045
 30
0.0
 10
165.4653526518805
 20
206.0474947776599
 30
0.0
 10
165.5388460646309
 20
206.2094769936036
 30
0.0
 10
165.5962203837058
 20
206.3752517092521
 30
0.0
 10
165.63091354867
 20
206.5464153532816
 30
0.0
 10
165.6489957543331
 20
206.7210908889165
 30
0.0
 10
165.6492981942108
 20
206.9002122168622
 30
0.0
 10
165.6284050791537
 20
207.0842984341319
 30
0.0
 10
165.6012782034038
 20
207.2068513067685
 30
0.0
 10
165.5874340609437
 20
207.2693959006725
 30
0.0
  0
LINE
  5
C7
330
1F
100
AcDbEntity
  8
0
  6
Continuous
 62
     7
370
    25
100
AcDbLine
 10
165.1524961247
 20
202.9986964742
 30
0.0
 11
164.5904478069
 21
205.2439909011
 31
0.0
  0
SPLINE
  5
C8
330
1F
100
AcDbEntity
  8
0
  6
Continuous
 62
     7
370
    25
100
AcDbSpline
210
0.0
220
0.0
230
1.0
 70
     8
 71
     3
 72
    22
 73
    18
 74
     0
 42
0.00000001
 43
0.00000001
 40
0.0
 40
0.0
 40
0.0
 40
0.0
 40
0.0816084410005527
 40
0.161229502448448
 40
0.2410402371175001
 40
0.3217529844069514
 40
0.4014862224828291
 40
0.4790190736977539
 40
0.5557504354348037
 40
0.6332583054962013
 40
0.6730421665701376
 40
0.7141500928686889
 40
0.7569098785483784
 40
0.8014427220303489
 40
0.8479200804486345
 40
0.8961650985082644
 40
0.9213726529744026
 40
0.9213726529744026
 40
0.9213726529744026
 40
0.9213726529744026
 10
167.9406992853027
 20
207.6917116058008
 30
0.0
 10
167.9776122570151
 20
207.5160269500724
 30
0.0
 10
168.0505392727763
 20
207.1689360207072
 30
0.0
 10
168.0774969570872
 20
206.6377022384463
 30
0.0
 10
168.0311753821012
 20
206.1105330241365
 30
0.0
 10
167.9134843729958
 20
205.5944685826639
 30
0.0
 10
167.7355644669928
 20
205.1010731244921
 30
0.0
 10
167.4911000573307
 20
204.6468237876504
 30
0.0
 10
167.1892437074678
 20
204.23424325962
 30
0.0
 10
166.8845397542482
 20
203.9339472698784
 30
0.0
 10
166.6155800979418
 20
203.7125305755499
 30
0.0
 10
166.3892555924424
 20
203.5617544707152
 30
0.0
 10
166.148384310956
 20
203.4144949899943
 30
0.0
 10
165.8844321572319
 20
203.2846357508752
 30
0.0
 10
165.6056008578069
 20
203.1584120719407
 30
0.0
 10
165.3583460468304
 20
203.0668060931353
 30
0.0
 10
165.2052422711338
 20
203.0156093861774
 30
0.0
 10
165.1524961245905
 20
202.9986964745792
 30
0.0
  0
SPLINE
  5
C9
330
1F
100
AcDbEntity
  8
0
  6
Continuous
 62
     7
370
    25
100
AcDbSpline
210
0.0
220
0.0
230
1.0
 70
     8
 71
     3
 72
    15
 73
    11
 74
     0
 42
0.00000001
 43
0.00000001
 40
0.0
 40
0.0
 40
0.0
 40
0.0
 40
0.1281283994012858
 40
0.2530055727628869
 40
0.3767002752265458
 40
0.5013401553031249
 40
0.6261648240357698
 40
0.7494193944260037
 40
0.8731004198990785
 40
1.0
 40
1.0
 40
1.0
 40
1.0
 10
165.3940847019694
 20
210.4418518301597
 30
0.0
 10
165.5510727982576
 20
210.3840319103081
 30
0.0
 10
165.8610654572151
 20
210.2698592365876
 30
0.0
 10
166.2912680560045
 20
210.0287078739384
 30
0.0
 10
166.6843805733271
 20
209.7397306077511
 30
0.0
 10
167.0345039972245
 20
209.3998803602648
 30
0.0
 10
167.3426017012201
 20
209.0224019356112
 30
0.0
 10
167.598475660506
 20
208.60929402379
 30
0.0
 10
167.8037345064748
 20
208.1651079759862
 30
0.0
 10
167.8946550859474
 20
207.8508558546318
 30
0.0
 10
167.9406992853027
 20
207.6917116058008
 30
0.0
  0
SPLINE
  5
CA
330
1F
100
AcDbEntity
  8
0
  6
Continuous
 62
     7
370
    25
100
AcDbSpline
210
0.0
220
0.0
230
1.0
 70
     8
 71
     3
 72
    15
 73
    11
 74
     0
 42
0.00000001
 43
0.00000001
 40
0.0
 40
0.0
 40
0.0
 40
0.0
 40
0.1153870108545282
 40
0.2273276419911895
 40
0.3369362101352051
 40
0.4463552228874145
 40
0.5624861167249618
 40
0.6919767845589659
 40
0.8384327713711646
 40
1.0
 40
1.0
 40
1.0
 40
1.0
 10
165.9130750865848
 20
213.217432759647
 30
0.0
 10
165.9373017537012
 20
213.1084303290382
 30
0.0
 10
165.9850314857403
 20
212.8936811528692
 30
0.0
 10
166.0181842911661
 20
212.5686124776873
 30
0.0
 10
166.0149380432668
 20
212.2480619400419
 30
0.0
 10
165.9799603107791
 20
211.9250633519226
 30
0.0
 10
165.8992445121586
 20
211.5905653365808
 30
0.0
 10
165.7781817487661
 20
211.230741433431
 30
0.0
 10
165.6057869203098
 20
210.8436987966632
 30
0.0
 10
165.4669229403615
 20
210.5801112464889
 30
0.0
 10
165.3940847019694
 20
210.4418518301597
 30
0.0
  0
SPLINE
  5
CB
330
1F
100
AcDbEntity
  8
0
  6
Continuous
 62
     7
370
    25
100
AcDbSpline
210
0.0
220
0.0
230
1.0
 70
     8
 71
     3
 72
    18
 73
    14
 74
     0
 42
0.00000001
 43
0.00000001
 40
0.0958578274638781
 40
0.0958578274638781
 40
0.0958578274638781
 40
0.0958578274638781
 40
0.1815721059878171
 40
0.2668384864895924
 40
0.3498540323325187
 40
0.431630846046791
 40
0.5117442690883343
 40
0.5919947224964391
 40
0.6743633977216807
 40
0.7565575417514674
 40
0.8374146066959391
 40
0.9179408150704156
 40
0.9999999999999999
 40
0.9999999999999999
 40
0.9999999999999999
 40
0.9999999999999999
 10
161.934822981344
 20
215.8527934389725
 30
0.0
 10
162.0987384433587
 20
215.8755206915307
 30
0.0
 10
162.4293501887816
 20
215.8975349637067
 30
0.0
 10
162.9206379807529
 20
215.8777127371494
 30
0.0
 10
163.3973678334791
 20
215.7903231392327
 30
0.0
 10
163.8482271457203
 20
215.6427845735837
 30
0.0
 10
164.2705517468025
 20
215.438136959844
 30
0.0
 10
164.6587603609239
 20
215.1722021816075
 30
0.0
 10
165.0088753345827
 20
214.8524807711771
 30
0.0
 10
165.3192178899862
 20
214.4925900312426
 30
0.0
 10
165.5788242301349
 20
214.0986628113973
 30
0.0
 10
165.7808908112607
 20
213.6716944721436
 30
0.0
 10
165.8687375665305
 20
213.3698021525897
 30
0.0
 10
165.9130750865848
 20
213.217432759647
 30
0.0
  0
LINE
  5
CC
330
1F
100
AcDbEntity
  8
0
  6
Continuous
 62
     7
370
    25
100
AcDbLine
 10
162.519716587
 20
213.5162356884
 30
0.0
 11
161.9348229813
 21
215.852793439
 31
0.0
  0
SPLINE
  5
CD
330
1F
100
AcDbEntity
  8
0
  6
Continuous
 62
     7
370
    25
100
AcDbSpline
210
0.0
220
0.0
230
1.0
 70
     8
 71
     3
 72
    13
 73
     9
 74
     0
 42
0.00000001
 43
0.00000001
 40
0.0
 40
0.0
 40
0.0
 40
0.0
 40
0.1313504835404807
 40
0.2531519384659244
 40
0.3715629916555901
 40
0.4922001844419097
 40
0.612933934203538
 40
0.7132801082200753
 40
0.7132801082200753
 40
0.7132801082200753
 40
0.7132801082200753
 10
163.613235342995
 20
212.4872845224675
 30
0.0
 10
163.5844352085435
 20
212.5810493015834
 30
0.0
 10
163.5289286761886
 20
212.7617622685495
 30
0.0
 10
163.3914444859989
 20
213.005246422345
 30
0.0
 10
163.2084652020852
 20
213.2050096981387
 30
0.0
 10
162.9895055217411
 20
213.3631020097712
 30
0.0
 10
162.7548214530016
 20
213.4665166971942
 30
0.0
 10
162.5937856038834
 20
213.5049919325824
 30
0.0
 10
162.5197165899349
 20
213.5162356891704
 30
0.0
  0
SPLINE
  5
CE
330
1F
100
AcDbEntity
  8
0
  6
Continuous
 62
     7
370
    25
100
AcDbSpline
210
0.0
220
0.0
230
1.0
 70
     8
 71
     3
 72
    15
 73
    11
 74
     0
 42
0.00000001
 43
0.00000001
 40
0.0
 40
0.0
 40
0.0
 40
0.0
 40
0.1297138970080854
 40
0.2508995999962612
 40
0.36975764366939
 40
0.4908018020856251
 40
0.6133473407851667
 40
0.7366779061354871
 40
0.8629088480787657
 40
1.0
 40
1.0
 40
1.0
 40
1.0
 10
162.6134156314565
 20
210.7395080801598
 30
0.0
 10
162.70738377689
 20
210.7670327899882
 30
0.0
 10
162.8891420205745
 20
210.8202725649489
 30
0.0
 10
163.1316369302145
 20
210.9624525912833
 30
0.0
 10
163.3339452991665
 20
211.1465725202564
 30
0.0
 10
163.4941459121797
 20
211.3694828875144
 30
0.0
 10
163.6108740029325
 20
211.6221196631018
 30
0.0
 10
163.6676623167245
 20
211.8982223118973
 30
0.0
 10
163.674707051183
 20
212.1913977721271
 30
0.0
 10
163.6342816679474
 20
212.3859805424685
 30
0.0
 10
163.613235342995
 20
212.4872845224675
 30
0.0
  0
SPLINE
  5
CF
330
1F
100
AcDbEntity
  8
0
  6
Continuous
 62
     7
370
    25
100
AcDbSpline
210
0.0
220
0.0
230
1.0
 70
     8
 71
     3
 72
    15
 73
    11
 74
     0
 42
0.00000001
 43
0.00000001
 40
0.0
 40
0.0
 40
0.0
 40
0.0
 40
0.131154157669599
 40
0.2558758448482167
 40
0.3782570947103146
 40
0.504828133502997
 40
0.6298341311860643
 40
0.7505318981905776
 40
0.8722361852115129
 40
1.0
 40
1.0
 40
1.0
 40
1.0
 10
160.9012561763283
 20
211.7902092019546
 30
0.0
 10
160.9297888358004
 20
211.6962556933143
 30
0.0
 10
160.9854547672348
 20
211.5129566364871
 30
0.0
 10
161.130069863938
 20
211.2676285080703
 30
0.0
 10
161.3138315626814
 20
211.0555950047086
 30
0.0
 10
161.5394583979906
 20
210.8880103443776
 30
0.0
 10
161.7903965499073
 20
210.7643675096837
 30
0.0
 10
162.0580910293677
 20
210.6980561273999
 30
0.0
 10
162.3367294986859
 20
210.6817374246013
 30
0.0
 10
162.5197054381605
 20
210.7199418689983
 30
0.0
 10
162.6134156314565
 20
210.7395080801598
 30
0.0
  0
SPLINE
  5
D0
330
1F
100
AcDbEntity
  8
0
  6
Continuous
 62
     7
370
    25
100
AcDbSpline
210
0.0
220
0.0
230
1.0
 70
     8
 71
     3
 72
    12
 73
     8
 74
     0
 42
0.00000001
 43
0.00000001
 40
0.4305760886839792
 40
0.4305760886839792
 40
0.4305760886839792
 40
0.4305760886839792
 40
0.4954309017615806
 40
0.6185516649396937
 40
0.7404575277263454
 40
0.8652560168084534
 40
1.0
 40
1.0
 40
1.0
 40
1.0
 10
161.1090553576238
 20
212.9744516648345
 30
0.0
 10
161.0810098921216
 20
212.9364326163828
 30
0.0
 10
161.0055072819586
 20
212.8219419756449
 30
0.0
 10
160.9100292357581
 20
212.6158163549485
 30
0.0
 10
160.8523322473073
 20
212.3514999097602
 30
0.0
 10
160.8420083661947
 20
212.0717935422986
 30
0.0
 10
160.8810087500673
 20
211.8864382128588
 30
0.0
 10
160.9012561763283
 20
211.7902092019546
 30
0.0
  0
LINE
  5
D1
330
1F
100
AcDbEntity
  8
0
  6
Continuous
 62
     7
370
    25
100
AcDbLine
 10
161.1090553585
 20
212.9744516651
 30
0.0
 11
160.494553792
 21
215.4292885516
 31
0.0
  0
LINE
  5
D2
330
1F
100
AcDbEntity
  8
0
  6
Continuous
 62
     7
370
    25
100
AcDbLine
 10
154.6602733414
 20
205.6615191533
 30
0.0
 11
153.6248366426
 21
209.7752811726
 31
0.0
  0
LINE
  5
D3
330
1F
100
AcDbEntity
  8
0
  6
Continuous
 62
     7
370
    25
100
AcDbLine
 10
154.6592313834
 20
205.6612572456
 30
0.0
 11
154.6602733414
 21
205.6615191533
 31
0.0
  0
LINE
  5
D4
330
1F
100
AcDbEntity
  8
0
  6
Continuous
 62
     7
370
    25
100
AcDbLine
 10
155.8356339183
 20
200.9778853392
 30
0.0
 11
154.6592313834
 21
205.6612572456
 31
0.0
  0
LINE
  5
D5
330
1F
100
AcDbEntity
  8
0
  6
Continuous
 62
     7
370
    25
100
AcDbLine
 10
158.1227533093
 20
201.5503012046
 30
0.0
 11
155.8356339183
 21
200.9778853392
 31
0.0
  0
LINE
  5
D6
330
1F
100
AcDbEntity
  8
0
  6
Continuous
 62
     7
370
    25
100
AcDbLine
 10
157.4892797516
 20
204.0714750828
 30
0.0
 11
158.1227533093
 21
201.5503012046
 31
0.0
  0
LINE
  5
D7
330
1F
100
AcDbEntity
  8
0
  6
Continuous
 62
     7
370
    25
100
AcDbLine
 10
158.5832300721
 20
204.3487787687
 30
0.0
 11
157.4892797516
 21
204.0714750828
 31
0.0
  0
LINE
  5
D8
330
1F
100
AcDbEntity
  8
0
  6
Continuous
 62
     7
370
    25
100
AcDbLine
 10
158.0413430529
 20
206.5112387046
 30
0.0
 11
158.5832300721
 21
204.3487787687
 31
0.0
  0
LINE
  5
D9
330
1F
100
AcDbEntity
  8
0
  6
Continuous
 62
     7
370
    25
100
AcDbLine
 10
156.9473927324
 20
206.2339350187
 30
0.0
 11
158.0413430529
 21
206.5112387046
 31
0.0
  0
LINE
  5
DA
330
1F
100
AcDbEntity
  8
0
  6
Continuous
 62
     7
370
    25
100
AcDbLine
 10
154.9604736619
 20
214.138362102
 30
0.0
 11
156.9473927324
 21
206.2339350187
 31
0.0
  0
LINE
  5
DB
330
1F
100
AcDbEntity
  8
0
  6
Continuous
 62
     7
370
    25
100
AcDbLine
 10
152.6250169311
 20
213.5532258841
 30
0.0
 11
154.9604736619
 21
214.138362102
 31
0.0
  0
LINE
  5
DC
330
1F
100
AcDbEntity
  8
0
  6
Continuous
 62
     7
370
    25
100
AcDbLine
 10
149.3024608414
 20
204.315705852
 30
0.0
 11
152.6250169311
 21
213.5532258841
 31
0.0
  0
LINE
  5
DD
330
1F
100
AcDbEntity
  8
0
  6
Continuous
 62
     7
370
    25
100
AcDbLine
 10
149.8443478606
 20
202.1532459161
 30
0.0
 11
149.3024608414
 21
204.315705852
 31
0.0
  0
LINE
  5
DE
330
1F
100
AcDbEntity
  8
0
  6
Continuous
 62
     7
370
    25
100
AcDbLine
 10
153.7475299948
 20
203.1336748568
 30
0.0
 11
149.8443478606
 21
202.1532459161
 31
0.0
  0
LINE
  5
DF
330
1F
100
AcDbEntity
  8
0
  6
Continuous
 62
     7
370
    25
100
AcDbLine
 10
153.7475299948
 20
203.1336748568
 30
0.0
 11
153.2044847236
 21
205.2955904354
 31
0.0
  0
LINE
  5
E0
330
1F
100
AcDbEntity
  8
0
  6
Continuous
 62
     7
370
    25
100
AcDbLine
 10
151.8567076362
 20
204.9568116213
 30
0.0
 11
153.2044847236
 21
205.2955904354
 31
0.0
  0
LINE
  5
E1
330
1F
100
AcDbEntity
  8
0
  6
Continuous
 62
     7
370
    25
100
AcDbLine
 10
153.6248366426
 20
209.7752811726
 30
0.0
 11
151.8567076362
 21
204.9568116213
 31
0.0
  0
LINE
  5
E2
330
1F
100
AcDbEntity
  8
0
  6
Continuous
 62
     7
370
    25
100
AcDbLine
 10
239.3526507484
 20
97.2808761604
 30
0.0
 11
239.3526507484
 21
99.2808761604
 31
0.0
  0
LINE
  5
E3
330
1F
100
AcDbEntity
  8
0
  6
Continuous
 62
     7
370
    25
100
AcDbLine
 10
239.3526507484
 20
99.2808761604
 30
0.0
 11
237.6205999409
 21
100.2808761604
 31
0.0
  0
LINE
  5
E4
330
1F
100
AcDbEntity
  8
0
  6
Continuous
 62
     7
370
    25
100
AcDbLine
 10
237.6205999409
 20
100.2808761604
 30
0.0
 11
235.8885491333
 21
99.2808761604
 31
0.0
  0
LINE
  5
E5
330
1F
100
AcDbEntity
  8
0
  6
Continuous
 62
     7
370
    25
100
AcDbLine
 10
235.8885491333
 20
99.2808761604
 30
0.0
 11
235.8885491333
 21
97.3729827856
 31
0.0
  0
ARC
  5
E6
330
1F
100
AcDbEntity
  8
0
  6
Continuous
 62
     7
370
    25
100
AcDbCircle
 10
235.4506415553
 20
87.382575539
 30
0.0
 40
10.00000000000001
100
AcDbArc
 50
71.4615675135
 51
87.4901718061
  0
LINE
  5
E7
330
1F
100
AcDbEntity
  8
0
  6
Continuous
 62
     7
370
    25
100
AcDbLine
 10
238.6300485081
 20
96.8636815624
 30
0.0
 11
239.3526507484
 21
97.2808761604
 31
0.0
  0
LINE
  5
E8
330
1F
100
AcDbEntity
  8
0
  6
Continuous
 62
     7
370
    25
100
AcDbLine
 10
233.8885491333
 20
97.2808761604
 30
0.0
 11
233.8885491333
 21
99.2808761604
 31
0.0
  0
LINE
  5
E9
330
1F
100
AcDbEntity
  8
0
  6
Continuous
 62
     7
370
    25
100
AcDbLine
 10
233.8885491333
 20
99.2808761604
 30
0.0
 11
232.1564983257
 21
100.2808761604
 31
0.0
  0
LINE
  5
EA
330
1F
100
AcDbEntity
  8
0
  6
Continuous
 62
     7
370
    25
100
AcDbLine
 10
232.1564983257
 20
100.2808761604
 30
0.0
 11
230.4244475182
 21
99.2808761604
 31
0.0
  0
LINE
  5
EB
330
1F
100
AcDbEntity
  8
0
  6
Continuous
 62
     7
370
    25
100
AcDbLine
 10
230.4244475182
 20
99.2808761604
 30
0.0
 11
230.4244475182
 21
97.2808761604
 31
0.0
  0
LINE
  5
EC
330
1F
100
AcDbEntity
  8
0
  6
Continuous
 62
     7
370
    25
100
AcDbLine
 10
230.4244475182
 20
97.2808761604
 30
0.0
 11
231.5906519746
 21
96.6075677036
 31
0.0
  0
ARC
  5
ED
330
1F
100
AcDbEntity
  8
0
  6
Continuous
 62
     7
370
    25
100
AcDbCircle
 10
235.4506415553
 20
87.382575539
 30
0.0
 40
10.00000000000002
100
AcDbArc
 50
99.2803259134
 51
112.7057708102
  0
LINE
  5
EE
330
1F
100
AcDbEntity
  8
0
  6
Continuous
 62
     7
370
    25
100
AcDbLine
 10
233.8379920808
 20
97.2516870325
 30
0.0
 11
233.8885491333
 21
97.2808761604
 31
0.0
  0
LINE
  5
EF
330
1F
100
AcDbEntity
  8
0
  6
Continuous
 62
     7
370
    25
100
AcDbLine
 10
210.3000918652
 20
115.2090793907
 30
0.0
 11
212.0321426727
 21
116.2090793907
 31
0.0
  0
LINE
  5
F0
330
1F
100
AcDbEntity
  8
0
  6
Continuous
 62
     7
370
    25
100
AcDbLine
 10
212.0321426727
 20
116.2090793907
 30
0.0
 11
212.0321426727
 21
118.2090793907
 31
0.0
  0
LINE
  5
F1
330
1F
100
AcDbEntity
  8
0
  6
Continuous
 62
     7
370
    25
100
AcDbLine
 10
212.0321426727
 20
118.2090793907
 30
0.0
 11
210.3000918652
 21
119.2090793907
 31
0.0
  0
LINE
  5
F2
330
1F
100
AcDbEntity
  8
0
  6
Continuous
 62
     7
370
    25
100
AcDbLine
 10
210.3000918652
 20
119.2090793907
 30
0.0
 11
208.5680410576
 21
118.2090793907
 31
0.0
  0
LINE
  5
F3
330
1F
100
AcDbEntity
  8
0
  6
Continuous
 62
     7
370
    25
100
AcDbLine
 10
208.5680410576
 20
118.2090793907
 30
0.0
 11
208.5680410576
 21
116.826693042
 31
0.0
  0
ARC
  5
F4
330
1F
100
AcDbEntity
  8
0
  6
Continuous
 62
     7
370
    25
100
AcDbCircle
 10
200.194599382
 20
106.882575459
 30
0.0
 40
12.99999999999999
100
AcDbArc
 50
40.6241054045
 51
49.9009536459
  0
LINE
  5
F5
330
1F
100
AcDbEntity
  8
0
  6
Continuous
 62
     7
370
    25
100
AcDbLine
 10
210.0615661967
 20
115.3467922496
 30
0.0
 11
210.3000918652
 21
115.2090793907
 31
0.0
  0
LINE
  5
F6
330
1F
100
AcDbEntity
  8
0
  6
Continuous
 62
     7
370
    25
100
AcDbLine
 10
213.41834623
 20
110.672935307
 30
0.0
 11
215.1503970376
 21
111.672935307
 31
0.0
  0
LINE
  5
F7
330
1F
100
AcDbEntity
  8
0
  6
Continuous
 62
     7
370
    25
100
AcDbLine
 10
215.1503970376
 20
111.672935307
 30
0.0
 11
215.1503970376
 21
113.672935307
 31
0.0
  0
LINE
  5
F8
330
1F
100
AcDbEntity
  8
0
  6
Continuous
 62
     7
370
    25
100
AcDbLine
 10
215.1503970376
 20
113.672935307
 30
0.0
 11
213.41834623
 21
114.672935307
 31
0.0
  0
LINE
  5
F9
330
1F
100
AcDbEntity
  8
0
  6
Continuous
 62
     7
370
    25
100
AcDbLine
 10
213.41834623
 20
114.672935307
 30
0.0
 11
211.6862954225
 21
113.672935307
 31
0.0
  0
LINE
  5
FA
330
1F
100
AcDbEntity
  8
0
  6
Continuous
 62
     7
370
    25
100
AcDbLine
 10
211.6862954225
 20
113.672935307
 30
0.0
 11
211.6862954225
 21
112.960479877
 31
0.0
  0
ARC
  5
FB
330
1F
100
AcDbEntity
  8
0
  6
Continuous
 62
     7
370
    25
100
AcDbCircle
 10
200.194599382
 20
106.882575459
 30
0.0
 40
13.0
100
AcDbArc
 50
19.5620921597
 51
27.8741544629
  0
LINE
  5
FC
330
1F
100
AcDbEntity
  8
0
  6
Continuous
 62
     7
370
    25
100
AcDbLine
 10
212.444228812
 20
111.2353422605
 30
0.0
 11
213.41834623
 21
110.672935307
 31
0.0
  0
LINE
  5
FD
330
1F
100
AcDbEntity
  8
0
  6
Continuous
 62
     7
370
    25
100
AcDbLine
 10
214.7641934803
 20
92.5488253528
 30
0.0
 11
214.7641934803
 21
94.5488253528
 31
0.0
  0
LINE
  5
FE
330
1F
100
AcDbEntity
  8
0
  6
Continuous
 62
     7
370
    25
100
AcDbLine
 10
214.7641934803
 20
94.5488253528
 30
0.0
 11
213.194599382
 21
95.455030928
 31
0.0
  0
LINE
  5
FF
330
1F
100
AcDbEntity
  8
0
  6
Continuous
 62
     7
370
    25
100
AcDbLine
 10
213.194599382
 20
95.455030928
 30
0.0
 11
213.194599382
 21
92.882575459
 31
0.0
  0
ARC
  5
100
330
1F
100
AcDbEntity
  8
0
  6
Continuous
 62
     7
370
    25
100
AcDbCircle
 10
200.194599382
 20
92.882575459
 30
0.0
 40
13.00000000000002
100
AcDbArc
 50
354.3661990573
 51
0.0
  0
LINE
  5
101
330
1F
100
AcDbEntity
  8
0
  6
Continuous
 62
     7
370
    25
100
AcDbLine
 10
213.1318049486
 20
91.6063653946
 30
0.0
 11
214.7641934803
 21
92.5488253528
 31
0.0
  0
LINE
  5
102
330
1F
100
AcDbEntity
  8
0
  6
Continuous
 62
     7
370
    25
100
AcDbLine
 10
241.125057863
 20
133.7970452611
 30
0.0
 11
239.3930070554
 21
132.7970452611
 31
0.0
  0
LINE
  5
103
330
1F
100
AcDbEntity
  8
0
  6
Continuous
 62
     7
370
    25
100
AcDbLine
 10
239.3930070554
 20
132.7970452611
 30
0.0
 11
239.3930070554
 21
130.7970452611
 31
0.0
  0
LINE
  5
104
330
1F
100
AcDbEntity
  8
0
  6
Continuous
 62
     7
370
    25
100
AcDbLine
 10
239.3930070554
 20
130.7970452611
 30
0.0
 11
241.125057863
 21
129.7970452611
 31
0.0
  0
LINE
  5
105
330
1F
100
AcDbEntity
  8
0
  6
Continuous
 62
     7
370
    25
100
AcDbLine
 10
241.125057863
 20
129.7970452611
 30
0.0
 11
242.8571086706
 21
130.7970452611
 31
0.0
  0
LINE
  5
106
330
1F
100
AcDbEntity
  8
0
  6
Continuous
 62
     7
370
    25
100
AcDbLine
 10
242.8571086706
 20
130.7970452611
 30
0.0
 11
242.8571086706
 21
131.9668082859
 31
0.0
  0
ARC
  5
107
330
1F
100
AcDbEntity
  8
0
  6
Continuous
 62
     7
370
    25
100
AcDbCircle
 10
250.6906415553
 20
138.182575539
 30
0.0
 40
9.999999999999996
100
AcDbArc
 50
209.1013770084
 51
218.4313669511
  0
LINE
  5
108
330
1F
100
AcDbEntity
  8
0
  6
Continuous
 62
     7
370
    25
100
AcDbLine
 10
241.95303621
 20
133.3190117396
 30
0.0
 11
241.125057863
 21
133.7970452611
 31
0.0
  0
LINE
  5
109
330
1F
100
AcDbEntity
  8
0
  6
Continuous
 62
     7
370
    25
100
AcDbLine
 10
207.194599382
 20
130.4586013686
 30
0.0
 11
208.3404481722
 21
129.7970452611
 31
0.0
  0
LINE
  5
10A
330
1F
100
AcDbEntity
  8
0
  6
Continuous
 62
     7
370
    25
100
AcDbLine
 10
208.3404481722
 20
129.7970452611
 30
0.0
 11
210.0724989797
 21
130.7970452611
 31
0.0
  0
LINE
  5
10B
330
1F
100
AcDbEntity
  8
0
  6
Continuous
 62
     7
370
    25
100
AcDbLine
 10
210.0724989797
 20
130.7970452611
 30
0.0
 11
210.0724989797
 21
132.7970452611
 31
0.0
  0
LINE
  5
10C
330
1F
100
AcDbEntity
  8
0
  6
Continuous
 62
     7
370
    25
100
AcDbLine
 10
210.0724989797
 20
132.7970452611
 30
0.0
 11
209.9543970943
 21
132.8652314165
 31
0.0
  0
ARC
  5
10D
330
1F
100
AcDbEntity
  8
0
  6
Continuous
 62
     7
370
    25
100
AcDbCircle
 10
202.4306415553
 20
139.452575539
 30
0.0
 40
9.999999999999986
100
AcDbArc
 50
298.4502682622
 51
318.7965768423
  0
LINE
  5
10E
330
1F
100
AcDbEntity
  8
0
  6
Continuous
 62
     7
370
    25
100
AcDbLine
 10
207.194599382
 20
130.6602660685
 30
0.0
 11
207.194599382
 21
130.4586013686
 31
0.0
  0
ARC
  5
10F
330
1F
100
AcDbEntity
  8
0
  6
Continuous
 62
     7
370
    25
100
AcDbCircle
 10
198.194599382
 20
136.882575459
 30
0.0
 40
1.0
100
AcDbArc
 50
0.0
 51
90.0
  0
LINE
  5
110
330
1F
100
AcDbEntity
  8
0
  6
Continuous
 62
     7
370
    25
100
AcDbLine
 10
187.494599382
 20
137.882575459
 30
0.0
 11
198.194599382
 21
137.882575459
 31
0.0
  0
LINE
  5
111
330
1F
100
AcDbEntity
  8
0
  6
Continuous
 62
     7
370
    25
100
AcDbLine
 10
187.494599382
 20
137.882575459
 30
0.0
 11
187.494599382
 21
143.682575459
 31
0.0
  0
LINE
  5
112
330
1F
100
AcDbEntity
  8
0
  6
Continuous
 62
     7
370
    25
100
AcDbLine
 10
187.494599382
 20
143.682575459
 30
0.0
 11
190.694599382
 21
143.682575459
 31
0.0
  0
LINE
  5
113
330
1F
100
AcDbEntity
  8
0
  6
Continuous
 62
     7
370
    25
100
AcDbLine
 10
190.694599382
 20
143.682575459
 30
0.0
 11
190.694599382
 21
145.882575459
 31
0.0
  0
LINE
  5
114
330
1F
100
AcDbEntity
  8
0
  6
Continuous
 62
     7
370
    25
100
AcDbLine
 10
262.294599382
 20
145.882575459
 30
0.0
 11
190.694599382
 21
145.882575459
 31
0.0
  0
LINE
  5
115
330
1F
100
AcDbEntity
  8
0
  6
Continuous
 62
     7
370
    25
100
AcDbLine
 10
262.294599382
 20
143.682575459
 30
0.0
 11
262.294599382
 21
145.882575459
 31
0.0
  0
LINE
  5
116
330
1F
100
AcDbEntity
  8
0
  6
Continuous
 62
     7
370
    25
100
AcDbLine
 10
265.494599382
 20
143.682575459
 30
0.0
 11
262.294599382
 21
143.682575459
 31
0.0
  0
LINE
  5
117
330
1F
100
AcDbEntity
  8
0
  6
Continuous
 62
     7
370
    25
100
AcDbLine
 10
265.494599382
 20
143.682575459
 30
0.0
 11
265.494599382
 21
137.882575459
 31
0.0
  0
LINE
  5
118
330
1F
100
AcDbEntity
  8
0
  6
Continuous
 62
     7
370
    25
100
AcDbLine
 10
265.494599382
 20
137.882575459
 30
0.0
 11
253.794599382
 21
137.882575459
 31
0.0
  0
LINE
  5
119
330
1F
100
AcDbEntity
  8
0
  6
Continuous
 62
     7
370
    25
100
AcDbLine
 10
253.794599382
 20
137.882575459
 30
0.0
 11
253.794599382
 21
87.882575459
 31
0.0
  0
LINE
  5
11A
330
1F
100
AcDbEntity
  8
0
  6
Continuous
 62
     7
370
    25
100
AcDbLine
 10
265.494599382
 20
87.882575459
 30
0.0
 11
253.794599382
 21
87.882575459
 31
0.0
  0
LINE
  5
11B
330
1F
100
AcDbEntity
  8
0
  6
Continuous
 62
     7
370
    25
100
AcDbLine
 10
265.494599382
 20
87.882575459
 30
0.0
 11
265.494599382
 21
83.082575459
 31
0.0
  0
LINE
  5
11C
330
1F
100
AcDbEntity
  8
0
  6
Continuous
 62
     7
370
    25
100
AcDbLine
 10
265.494599382
 20
83.082575459
 30
0.0
 11
262.294599382
 21
83.082575459
 31
0.0
  0
LINE
  5
11D
330
1F
100
AcDbEntity
  8
0
  6
Continuous
 62
     7
370
    25
100
AcDbLine
 10
262.294599382
 20
80.882575459
 30
0.0
 11
262.294599382
 21
83.082575459
 31
0.0
  0
LINE
  5
11E
330
1F
100
AcDbEntity
  8
0
  6
Continuous
 62
     7
370
    25
100
AcDbLine
 10
262.294599382
 20
80.882575459
 30
0.0
 11
190.694599382
 21
80.882575459
 31
0.0
  0
LINE
  5
11F
330
1F
100
AcDbEntity
  8
0
  6
Continuous
 62
     7
370
    25
100
AcDbLine
 10
190.694599382
 20
80.882575459
 30
0.0
 11
190.694599382
 21
83.082575459
 31
0.0
  0
LINE
  5
120
330
1F
100
AcDbEntity
  8
0
  6
Continuous
 62
     7
370
    25
100
AcDbLine
 10
187.494599382
 20
83.082575459
 30
0.0
 11
190.694599382
 21
83.082575459
 31
0.0
  0
LINE
  5
121
330
1F
100
AcDbEntity
  8
0
  6
Continuous
 62
     7
370
    25
100
AcDbLine
 10
187.494599382
 20
83.082575459
 30
0.0
 11
187.494599382
 21
87.882575459
 31
0.0
  0
LINE
  5
122
330
1F
100
AcDbEntity
  8
0
  6
Continuous
 62
     7
370
    25
100
AcDbLine
 10
187.494599382
 20
87.882575459
 30
0.0
 11
200.194599382
 21
87.882575459
 31
0.0
  0
ARC
  5
123
330
1F
100
AcDbEntity
  8
0
  6
Continuous
 62
     7
370
    25
100
AcDbCircle
 10
200.194599382
 20
92.882575459
 30
0.0
 40
5.0
100
AcDbArc
 50
270.0
 51
0.0
  0
LINE
  5
124
330
1F
100
AcDbEntity
  8
0
  6
Continuous
 62
     7
370
    25
100
AcDbLine
 10
205.194599382
 20
92.882575459
 30
0.0
 11
205.194599382
 21
106.882575459
 31
0.0
  0
ARC
  5
125
330
1F
100
AcDbEntity
  8
0
  6
Continuous
 62
     7
370
    25
100
AcDbCircle
 10
200.194599382
 20
106.882575459
 30
0.0
 40
5.0
100
AcDbArc
 50
0.0
 51
90.0
  0
ARC
  5
126
330
1F
100
AcDbEntity
  8
0
  6
Continuous
 62
     7
370
    25
100
AcDbCircle
 10
200.194599382
 20
112.882575459
 30
0.0
 40
1.0
100
AcDbArc
 50
180.0
 51
270.0
  0
LINE
  5
127
330
1F
100
AcDbEntity
  8
0
  6
Continuous
 62
     7
370
    25
100
AcDbLine
 10
199.194599382
 20
136.882575459
 30
0.0
 11
199.194599382
 21
112.882575459
 31
0.0
  0
CIRCLE
  5
128
330
1F
100
AcDbEntity
  8
0
  6
Continuous
 62
     7
370
    25
100
AcDbCircle
 10
202.4306415553
 20
139.452575539
 30
0.0
 40
2.0
  0
CIRCLE
  5
129
330
1F
100
AcDbEntity
  8
0
  6
Continuous
 62
     7
370
    25
100
AcDbCircle
 10
250.6906415553
 20
138.182575539
 30
0.0
 40
2.0
  0
CIRCLE
  5
12A
330
1F
100
AcDbEntity
  8
0
  6
Continuous
 62
     7
370
    25
100
AcDbCircle
 10
235.4506415553
 20
87.382575539
 30
0.0
 40
2.0
  0
LINE
  5
12B
330
1F
100
AcDbEntity
  8
0
  6
Continuous
 62
     7
370
    25
100
AcDbLine
 10
222.960345903
 20
118.2090793907
 30
0.0
 11
221.2282950954
 21
119.2090793907
 31
0.0
  0
LINE
  5
12C
330
1F
100
AcDbEntity
  8
0
  6
Continuous
 62
     7
370
    25
100
AcDbLine
 10
221.2282950954
 20
119.2090793907
 30
0.0
 11
219.4962442879
 21
118.2090793907
 31
0.0
  0
LINE
  5
12D
330
1F
100
AcDbEntity
  8
0
  6
Continuous
 62
     7
370
    25
100
AcDbLine
 10
219.4962442879
 20
118.2090793907
 30
0.0
 11
219.4962442879
 21
116.2090793907
 31
0.0
  0
LINE
  5
12E
330
1F
100
AcDbEntity
  8
0
  6
Continuous
 62
     7
370
    25
100
AcDbLine
 10
219.4962442879
 20
116.2090793907
 30
0.0
 11
221.2282950954
 21
115.2090793907
 31
0.0
  0
LINE
  5
12F
330
1F
100
AcDbEntity
  8
0
  6
Continuous
 62
     7
370
    25
100
AcDbLine
 10
221.2282950954
 20
115.2090793907
 30
0.0
 11
222.960345903
 21
116.2090793907
 31
0.0
  0
LINE
  5
130
330
1F
100
AcDbEntity
  8
0
  6
Continuous
 62
     7
370
    25
100
AcDbLine
 10
222.960345903
 20
116.2090793907
 30
0.0
 11
222.960345903
 21
118.2090793907
 31
0.0
  0
LINE
  5
131
330
1F
100
AcDbEntity
  8
0
  6
Continuous
 62
     7
370
    25
100
AcDbLine
 10
244.8167523636
 20
127.6731810058
 30
0.0
 11
243.084701556
 21
128.6731810058
 31
0.0
  0
LINE
  5
132
330
1F
100
AcDbEntity
  8
0
  6
Continuous
 62
     7
370
    25
100
AcDbLine
 10
243.084701556
 20
128.6731810058
 30
0.0
 11
241.3526507484
 21
127.6731810058
 31
0.0
  0
LINE
  5
133
330
1F
100
AcDbEntity
  8
0
  6
Continuous
 62
     7
370
    25
100
AcDbLine
 10
241.3526507484
 20
127.6731810058
 30
0.0
 11
241.3526507484
 21
125.6731810058
 31
0.0
  0
LINE
  5
134
330
1F
100
AcDbEntity
  8
0
  6
Continuous
 62
     7
370
    25
100
AcDbLine
 10
241.3526507484
 20
125.6731810058
 30
0.0
 11
243.084701556
 21
124.6731810058
 31
0.0
  0
LINE
  5
135
330
1F
100
AcDbEntity
  8
0
  6
Continuous
 62
     7
370
    25
100
AcDbLine
 10
243.084701556
 20
124.6731810058
 30
0.0
 11
244.8167523636
 21
125.6731810058
 31
0.0
  0
LINE
  5
136
330
1F
100
AcDbEntity
  8
0
  6
Continuous
 62
     7
370
    25
100
AcDbLine
 10
244.8167523636
 20
125.6731810058
 30
0.0
 11
244.8167523636
 21
127.6731810058
 31
0.0
  0
LINE
  5
137
330
1F
100
AcDbEntity
  8
0
  6
Continuous
 62
     7
370
    25
100
AcDbLine
 10
239.3526507484
 20
127.6731810058
 30
0.0
 11
237.6205999409
 21
128.6731810058
 31
0.0
  0
LINE
  5
138
330
1F
100
AcDbEntity
  8
0
  6
Continuous
 62
     7
370
    25
100
AcDbLine
 10
237.6205999409
 20
128.6731810058
 30
0.0
 11
235.8885491333
 21
127.6731810058
 31
0.0
  0
LINE
  5
139
330
1F
100
AcDbEntity
  8
0
  6
Continuous
 62
     7
370
    25
100
AcDbLine
 10
235.8885491333
 20
127.6731810058
 30
0.0
 11
235.8885491333
 21
125.6731810058
 31
0.0
  0
LINE
  5
13A
330
1F
100
AcDbEntity
  8
0
  6
Continuous
 62
     7
370
    25
100
AcDbLine
 10
235.8885491333
 20
125.6731810058
 30
0.0
 11
237.6205999409
 21
124.6731810058
 31
0.0
  0
LINE
  5
13B
330
1F
100
AcDbEntity
  8
0
  6
Continuous
 62
     7
370
    25
100
AcDbLine
 10
237.6205999409
 20
124.6731810058
 30
0.0
 11
239.3526507484
 21
125.6731810058
 31
0.0
  0
LINE
  5
13C
330
1F
100
AcDbEntity
  8
0
  6
Continuous
 62
     7
370
    25
100
AcDbLine
 10
239.3526507484
 20
125.6731810058
 30
0.0
 11
239.3526507484
 21
127.6731810058
 31
0.0
  0
LINE
  5
13D
330
1F
100
AcDbEntity
  8
0
  6
Continuous
 62
     7
370
    25
100
AcDbLine
 10
237.1999052768
 20
123.234990284
 30
0.0
 11
235.4678544692
 21
124.234990284
 31
0.0
  0
LINE
  5
13E
330
1F
100
AcDbEntity
  8
0
  6
Continuous
 62
     7
370
    25
100
AcDbLine
 10
235.4678544692
 20
124.234990284
 30
0.0
 11
233.7358036617
 21
123.234990284
 31
0.0
  0
LINE
  5
13F
330
1F
100
AcDbEntity
  8
0
  6
Continuous
 62
     7
370
    25
100
AcDbLine
 10
233.7358036617
 20
123.234990284
 30
0.0
 11
233.7358036617
 21
121.234990284
 31
0.0
  0
LINE
  5
140
330
1F
100
AcDbEntity
  8
0
  6
Continuous
 62
     7
370
    25
100
AcDbLine
 10
233.7358036617
 20
121.234990284
 30
0.0
 11
235.4678544692
 21
120.234990284
 31
0.0
  0
LINE
  5
141
330
1F
100
AcDbEntity
  8
0
  6
Continuous
 62
     7
370
    25
100
AcDbLine
 10
235.4678544692
 20
120.234990284
 30
0.0
 11
237.1999052768
 21
121.234990284
 31
0.0
  0
LINE
  5
142
330
1F
100
AcDbEntity
  8
0
  6
Continuous
 62
     7
370
    25
100
AcDbLine
 10
237.1999052768
 20
121.234990284
 30
0.0
 11
237.1999052768
 21
123.234990284
 31
0.0
  0
LINE
  5
143
330
1F
100
AcDbEntity
  8
0
  6
Continuous
 62
     7
370
    25
100
AcDbLine
 10
231.7358036617
 20
123.234990284
 30
0.0
 11
230.0037528541
 21
124.234990284
 31
0.0
  0
LINE
  5
144
330
1F
100
AcDbEntity
  8
0
  6
Continuous
 62
     7
370
    25
100
AcDbLine
 10
230.0037528541
 20
124.234990284
 30
0.0
 11
228.2717020465
 21
123.234990284
 31
0.0
  0
LINE
  5
145
330
1F
100
AcDbEntity
  8
0
  6
Continuous
 62
     7
370
    25
100
AcDbLine
 10
228.2717020465
 20
123.234990284
 30
0.0
 11
228.2717020465
 21
121.234990284
 31
0.0
  0
LINE
  5
146
330
1F
100
AcDbEntity
  8
0
  6
Continuous
 62
     7
370
    25
100
AcDbLine
 10
228.2717020465
 20
121.234990284
 30
0.0
 11
230.0037528541
 21
120.234990284
 31
0.0
  0
LINE
  5
147
330
1F
100
AcDbEntity
  8
0
  6
Continuous
 62
     7
370
    25
100
AcDbLine
 10
230.0037528541
 20
120.234990284
 30
0.0
 11
231.7358036617
 21
121.234990284
 31
0.0
  0
LINE
  5
148
330
1F
100
AcDbEntity
  8
0
  6
Continuous
 62
     7
370
    25
100
AcDbLine
 10
231.7358036617
 20
121.234990284
 30
0.0
 11
231.7358036617
 21
123.234990284
 31
0.0
  0
LINE
  5
149
330
1F
100
AcDbEntity
  8
0
  6
Continuous
 62
     7
370
    25
100
AcDbLine
 10
222.960345903
 20
127.6731810058
 30
0.0
 11
221.2282950954
 21
128.6731810058
 31
0.0
  0
LINE
  5
14A
330
1F
100
AcDbEntity
  8
0
  6
Continuous
 62
     7
370
    25
100
AcDbLine
 10
221.2282950954
 20
128.6731810058
 30
0.0
 11
219.4962442879
 21
127.6731810058
 31
0.0
  0
LINE
  5
14B
330
1F
100
AcDbEntity
  8
0
  6
Continuous
 62
     7
370
    25
100
AcDbLine
 10
219.4962442879
 20
127.6731810058
 30
0.0
 11
219.4962442879
 21
125.6731810058
 31
0.0
  0
LINE
  5
14C
330
1F
100
AcDbEntity
  8
0
  6
Continuous
 62
     7
370
    25
100
AcDbLine
 10
219.4962442879
 20
125.6731810058
 30
0.0
 11
221.2282950954
 21
124.6731810058
 31
0.0
  0
LINE
  5
14D
330
1F
100
AcDbEntity
  8
0
  6
Continuous
 62
     7
370
    25
100
AcDbLine
 10
221.2282950954
 20
124.6731810058
 30
0.0
 11
222.960345903
 21
125.6731810058
 31
0.0
  0
LINE
  5
14E
330
1F
100
AcDbEntity
  8
0
  6
Continuous
 62
     7
370
    25
100
AcDbLine
 10
222.960345903
 20
125.6731810058
 30
0.0
 11
222.960345903
 21
127.6731810058
 31
0.0
  0
LINE
  5
14F
330
1F
100
AcDbEntity
  8
0
  6
Continuous
 62
     7
370
    25
100
AcDbLine
 10
226.2717020465
 20
123.234990284
 30
0.0
 11
224.5396512389
 21
124.234990284
 31
0.0
  0
LINE
  5
150
330
1F
100
AcDbEntity
  8
0
  6
Continuous
 62
     7
370
    25
100
AcDbLine
 10
224.5396512389
 20
124.234990284
 30
0.0
 11
222.8076004314
 21
123.234990284
 31
0.0
  0
LINE
  5
151
330
1F
100
AcDbEntity
  8
0
  6
Continuous
 62
     7
370
    25
100
AcDbLine
 10
222.8076004314
 20
123.234990284
 30
0.0
 11
222.8076004314
 21
121.234990284
 31
0.0
  0
LINE
  5
152
330
1F
100
AcDbEntity
  8
0
  6
Continuous
 62
     7
370
    25
100
AcDbLine
 10
222.8076004314
 20
121.234990284
 30
0.0
 11
224.5396512389
 21
120.234990284
 31
0.0
  0
LINE
  5
153
330
1F
100
AcDbEntity
  8
0
  6
Continuous
 62
     7
370
    25
100
AcDbLine
 10
224.5396512389
 20
120.234990284
 30
0.0
 11
226.2717020465
 21
121.234990284
 31
0.0
  0
LINE
  5
154
330
1F
100
AcDbEntity
  8
0
  6
Continuous
 62
     7
370
    25
100
AcDbLine
 10
226.2717020465
 20
121.234990284
 30
0.0
 11
226.2717020465
 21
123.234990284
 31
0.0
  0
LINE
  5
155
330
1F
100
AcDbEntity
  8
0
  6
Continuous
 62
     7
370
    25
100
AcDbLine
 10
228.4244475182
 20
127.6731810058
 30
0.0
 11
226.6923967106
 21
128.6731810058
 31
0.0
  0
LINE
  5
156
330
1F
100
AcDbEntity
  8
0
  6
Continuous
 62
     7
370
    25
100
AcDbLine
 10
226.6923967106
 20
128.6731810058
 30
0.0
 11
224.960345903
 21
127.6731810058
 31
0.0
  0
LINE
  5
157
330
1F
100
AcDbEntity
  8
0
  6
Continuous
 62
     7
370
    25
100
AcDbLine
 10
224.960345903
 20
127.6731810058
 30
0.0
 11
224.960345903
 21
125.6731810058
 31
0.0
  0
LINE
  5
158
330
1F
100
AcDbEntity
  8
0
  6
Continuous
 62
     7
370
    25
100
AcDbLine
 10
224.960345903
 20
125.6731810058
 30
0.0
 11
226.6923967106
 21
124.6731810058
 31
0.0
  0
LINE
  5
159
330
1F
100
AcDbEntity
  8
0
  6
Continuous
 62
     7
370
    25
100
AcDbLine
 10
226.6923967106
 20
124.6731810058
 30
0.0
 11
228.4244475182
 21
125.6731810058
 31
0.0
  0
LINE
  5
15A
330
1F
100
AcDbEntity
  8
0
  6
Continuous
 62
     7
370
    25
100
AcDbLine
 10
228.4244475182
 20
125.6731810058
 30
0.0
 11
228.4244475182
 21
127.6731810058
 31
0.0
  0
LINE
  5
15B
330
1F
100
AcDbEntity
  8
0
  6
Continuous
 62
     7
370
    25
100
AcDbLine
 10
233.8885491333
 20
127.6731810058
 30
0.0
 11
232.1564983257
 21
128.6731810058
 31
0.0
  0
LINE
  5
15C
330
1F
100
AcDbEntity
  8
0
  6
Continuous
 62
     7
370
    25
100
AcDbLine
 10
232.1564983257
 20
128.6731810058
 30
0.0
 11
230.4244475182
 21
127.6731810058
 31
0.0
  0
LINE
  5
15D
330
1F
100
AcDbEntity
  8
0
  6
Continuous
 62
     7
370
    25
100
AcDbLine
 10
230.4244475182
 20
127.6731810058
 30
0.0
 11
230.4244475182
 21
125.6731810058
 31
0.0
  0
LINE
  5
15E
330
1F
100
AcDbEntity
  8
0
  6
Continuous
 62
     7
370
    25
100
AcDbLine
 10
230.4244475182
 20
125.6731810058
 30
0.0
 11
232.1564983257
 21
124.6731810058
 31
0.0
  0
LINE
  5
15F
330
1F
100
AcDbEntity
  8
0
  6
Continuous
 62
     7
370
    25
100
AcDbLine
 10
232.1564983257
 20
124.6731810058
 30
0.0
 11
233.8885491333
 21
125.6731810058
 31
0.0
  0
LINE
  5
160
330
1F
100
AcDbEntity
  8
0
  6
Continuous
 62
     7
370
    25
100
AcDbLine
 10
233.8885491333
 20
125.6731810058
 30
0.0
 11
233.8885491333
 21
127.6731810058
 31
0.0
  0
LINE
  5
161
330
1F
100
AcDbEntity
  8
0
  6
Continuous
 62
     7
370
    25
100
AcDbLine
 10
244.4709051133
 20
111.672935307
 30
0.0
 11
245.794599382
 21
110.9087000646
 31
0.0
  0
LINE
  5
162
330
1F
100
AcDbEntity
  8
0
  6
Continuous
 62
     7
370
    25
100
AcDbLine
 10
245.794599382
 20
110.9087000646
 30
0.0
 11
245.794599382
 21
114.4371705494
 31
0.0
  0
LINE
  5
163
330
1F
100
AcDbEntity
  8
0
  6
Continuous
 62
     7
370
    25
100
AcDbLine
 10
245.794599382
 20
114.4371705494
 30
0.0
 11
244.4709051133
 21
113.672935307
 31
0.0
  0
LINE
  5
164
330
1F
100
AcDbEntity
  8
0
  6
Continuous
 62
     7
370
    25
100
AcDbLine
 10
244.4709051133
 20
113.672935307
 30
0.0
 11
244.4709051133
 21
111.672935307
 31
0.0
  0
LINE
  5
165
330
1F
100
AcDbEntity
  8
0
  6
Continuous
 62
     7
370
    25
100
AcDbLine
 10
244.6640068919
 20
121.234990284
 30
0.0
 11
245.794599382
 21
120.5822424055
 31
0.0
  0
LINE
  5
166
330
1F
100
AcDbEntity
  8
0
  6
Continuous
 62
     7
370
    25
100
AcDbLine
 10
245.794599382
 20
120.5822424055
 30
0.0
 11
245.794599382
 21
123.8877381625
 31
0.0
  0
LINE
  5
167
330
1F
100
AcDbEntity
  8
0
  6
Continuous
 62
     7
370
    25
100
AcDbLine
 10
245.794599382
 20
123.8877381625
 30
0.0
 11
244.6640068919
 21
123.234990284
 31
0.0
  0
LINE
  5
168
330
1F
100
AcDbEntity
  8
0
  6
Continuous
 62
     7
370
    25
100
AcDbLine
 10
244.6640068919
 20
123.234990284
 30
0.0
 11
244.6640068919
 21
121.234990284
 31
0.0
  0
LINE
  5
169
330
1F
100
AcDbEntity
  8
0
  6
Continuous
 62
     7
370
    25
100
AcDbLine
 10
244.8167523636
 20
118.2090793907
 30
0.0
 11
243.084701556
 21
119.2090793907
 31
0.0
  0
LINE
  5
16A
330
1F
100
AcDbEntity
  8
0
  6
Continuous
 62
     7
370
    25
100
AcDbLine
 10
243.084701556
 20
119.2090793907
 30
0.0
 11
241.3526507484
 21
118.2090793907
 31
0.0
  0
LINE
  5
16B
330
1F
100
AcDbEntity
  8
0
  6
Continuous
 62
     7
370
    25
100
AcDbLine
 10
241.3526507484
 20
118.2090793907
 30
0.0
 11
241.3526507484
 21
116.2090793907
 31
0.0
  0
LINE
  5
16C
330
1F
100
AcDbEntity
  8
0
  6
Continuous
 62
     7
370
    25
100
AcDbLine
 10
241.3526507484
 20
116.2090793907
 30
0.0
 11
243.084701556
 21
115.2090793907
 31
0.0
  0
LINE
  5
16D
330
1F
100
AcDbEntity
  8
0
  6
Continuous
 62
     7
370
    25
100
AcDbLine
 10
243.084701556
 20
115.2090793907
 30
0.0
 11
244.8167523636
 21
116.2090793907
 31
0.0
  0
LINE
  5
16E
330
1F
100
AcDbEntity
  8
0
  6
Continuous
 62
     7
370
    25
100
AcDbLine
 10
244.8167523636
 20
116.2090793907
 30
0.0
 11
244.8167523636
 21
118.2090793907
 31
0.0
  0
LINE
  5
16F
330
1F
100
AcDbEntity
  8
0
  6
Continuous
 62
     7
370
    25
100
AcDbLine
 10
242.6640068919
 20
123.234990284
 30
0.0
 11
240.9319560844
 21
124.234990284
 31
0.0
  0
LINE
  5
170
330
1F
100
AcDbEntity
  8
0
  6
Continuous
 62
     7
370
    25
100
AcDbLine
 10
240.9319560844
 20
124.234990284
 30
0.0
 11
239.1999052768
 21
123.234990284
 31
0.0
  0
LINE
  5
171
330
1F
100
AcDbEntity
  8
0
  6
Continuous
 62
     7
370
    25
100
AcDbLine
 10
239.1999052768
 20
123.234990284
 30
0.0
 11
239.1999052768
 21
121.234990284
 31
0.0
  0
LINE
  5
172
330
1F
100
AcDbEntity
  8
0
  6
Continuous
 62
     7
370
    25
100
AcDbLine
 10
239.1999052768
 20
121.234990284
 30
0.0
 11
240.9319560844
 21
120.234990284
 31
0.0
  0
LINE
  5
173
330
1F
100
AcDbEntity
  8
0
  6
Continuous
 62
     7
370
    25
100
AcDbLine
 10
240.9319560844
 20
120.234990284
 30
0.0
 11
242.6640068919
 21
121.234990284
 31
0.0
  0
LINE
  5
174
330
1F
100
AcDbEntity
  8
0
  6
Continuous
 62
     7
370
    25
100
AcDbLine
 10
242.6640068919
 20
121.234990284
 30
0.0
 11
242.6640068919
 21
123.234990284
 31
0.0
  0
LINE
  5
175
330
1F
100
AcDbEntity
  8
0
  6
Continuous
 62
     7
370
    25
100
AcDbLine
 10
242.2778033346
 20
104.1108803299
 30
0.0
 11
240.5457525271
 21
105.1108803299
 31
0.0
  0
LINE
  5
176
330
1F
100
AcDbEntity
  8
0
  6
Continuous
 62
     7
370
    25
100
AcDbLine
 10
240.5457525271
 20
105.1108803299
 30
0.0
 11
238.8137017195
 21
104.1108803299
 31
0.0
  0
LINE
  5
177
330
1F
100
AcDbEntity
  8
0
  6
Continuous
 62
     7
370
    25
100
AcDbLine
 10
238.8137017195
 20
104.1108803299
 30
0.0
 11
238.8137017195
 21
102.1108803299
 31
0.0
  0
LINE
  5
178
330
1F
100
AcDbEntity
  8
0
  6
Continuous
 62
     7
370
    25
100
AcDbLine
 10
238.8137017195
 20
102.1108803299
 30
0.0
 11
240.5457525271
 21
101.1108803299
 31
0.0
  0
LINE
  5
179
330
1F
100
AcDbEntity
  8
0
  6
Continuous
 62
     7
370
    25
100
AcDbLine
 10
240.5457525271
 20
101.1108803299
 30
0.0
 11
242.2778033346
 21
102.1108803299
 31
0.0
  0
LINE
  5
17A
330
1F
100
AcDbEntity
  8
0
  6
Continuous
 62
     7
370
    25
100
AcDbLine
 10
242.2778033346
 20
102.1108803299
 30
0.0
 11
242.2778033346
 21
104.1108803299
 31
0.0
  0
LINE
  5
17B
330
1F
100
AcDbEntity
  8
0
  6
Continuous
 62
     7
370
    25
100
AcDbLine
 10
244.8167523636
 20
99.2808761604
 30
0.0
 11
243.084701556
 21
100.2808761604
 31
0.0
  0
LINE
  5
17C
330
1F
100
AcDbEntity
  8
0
  6
Continuous
 62
     7
370
    25
100
AcDbLine
 10
243.084701556
 20
100.2808761604
 30
0.0
 11
241.3526507484
 21
99.2808761604
 31
0.0
  0
LINE
  5
17D
330
1F
100
AcDbEntity
  8
0
  6
Continuous
 62
     7
370
    25
100
AcDbLine
 10
241.3526507484
 20
99.2808761604
 30
0.0
 11
241.3526507484
 21
97.2808761604
 31
0.0
  0
LINE
  5
17E
330
1F
100
AcDbEntity
  8
0
  6
Continuous
 62
     7
370
    25
100
AcDbLine
 10
241.3526507484
 20
97.2808761604
 30
0.0
 11
243.084701556
 21
96.2808761604
 31
0.0
  0
LINE
  5
17F
330
1F
100
AcDbEntity
  8
0
  6
Continuous
 62
     7
370
    25
100
AcDbLine
 10
243.084701556
 20
96.2808761604
 30
0.0
 11
244.8167523636
 21
97.2808761604
 31
0.0
  0
LINE
  5
180
330
1F
100
AcDbEntity
  8
0
  6
Continuous
 62
     7
370
    25
100
AcDbLine
 10
244.8167523636
 20
97.2808761604
 30
0.0
 11
244.8167523636
 21
99.2808761604
 31
0.0
  0
LINE
  5
181
330
1F
100
AcDbEntity
  8
0
  6
Continuous
 62
     7
370
    25
100
AcDbLine
 10
244.084701556
 20
92.5488253528
 30
0.0
 11
245.794599382
 21
91.5616153827
 31
0.0
  0
LINE
  5
182
330
1F
100
AcDbEntity
  8
0
  6
Continuous
 62
     7
370
    25
100
AcDbLine
 10
245.794599382
 20
91.5616153827
 30
0.0
 11
245.794599382
 21
95.536035323
 31
0.0
  0
LINE
  5
183
330
1F
100
AcDbEntity
  8
0
  6
Continuous
 62
     7
370
    25
100
AcDbLine
 10
245.794599382
 20
95.536035323
 30
0.0
 11
244.084701556
 21
94.5488253528
 31
0.0
  0
LINE
  5
184
330
1F
100
AcDbEntity
  8
0
  6
Continuous
 62
     7
370
    25
100
AcDbLine
 10
244.084701556
 20
94.5488253528
 30
0.0
 11
244.084701556
 21
92.5488253528
 31
0.0
  0
LINE
  5
185
330
1F
100
AcDbEntity
  8
0
  6
Continuous
 62
     7
370
    25
100
AcDbLine
 10
244.2778033346
 20
102.1108803299
 30
0.0
 11
245.794599382
 21
101.2351577236
 31
0.0
  0
LINE
  5
186
330
1F
100
AcDbEntity
  8
0
  6
Continuous
 62
     7
370
    25
100
AcDbLine
 10
245.794599382
 20
101.2351577236
 30
0.0
 11
245.794599382
 21
104.9866029362
 31
0.0
  0
LINE
  5
187
330
1F
100
AcDbEntity
  8
0
  6
Continuous
 62
     7
370
    25
100
AcDbLine
 10
245.794599382
 20
104.9866029362
 30
0.0
 11
244.2778033346
 21
104.1108803299
 31
0.0
  0
LINE
  5
188
330
1F
100
AcDbEntity
  8
0
  6
Continuous
 62
     7
370
    25
100
AcDbLine
 10
244.2778033346
 20
104.1108803299
 30
0.0
 11
244.2778033346
 21
102.1108803299
 31
0.0
  0
LINE
  5
189
330
1F
100
AcDbEntity
  8
0
  6
Continuous
 62
     7
370
    25
100
AcDbLine
 10
215.5366005949
 20
132.7970452611
 30
0.0
 11
213.8045497873
 21
133.7970452611
 31
0.0
  0
LINE
  5
18A
330
1F
100
AcDbEntity
  8
0
  6
Continuous
 62
     7
370
    25
100
AcDbLine
 10
213.8045497873
 20
133.7970452611
 30
0.0
 11
212.0724989797
 21
132.7970452611
 31
0.0
  0
LINE
  5
18B
330
1F
100
AcDbEntity
  8
0
  6
Continuous
 62
     7
370
    25
100
AcDbLine
 10
212.0724989797
 20
132.7970452611
 30
0.0
 11
212.0724989797
 21
130.7970452611
 31
0.0
  0
LINE
  5
18C
330
1F
100
AcDbEntity
  8
0
  6
Continuous
 62
     7
370
    25
100
AcDbLine
 10
212.0724989797
 20
130.7970452611
 30
0.0
 11
213.8045497873
 21
129.7970452611
 31
0.0
  0
LINE
  5
18D
330
1F
100
AcDbEntity
  8
0
  6
Continuous
 62
     7
370
    25
100
AcDbLine
 10
213.8045497873
 20
129.7970452611
 30
0.0
 11
215.5366005949
 21
130.7970452611
 31
0.0
  0
LINE
  5
18E
330
1F
100
AcDbEntity
  8
0
  6
Continuous
 62
     7
370
    25
100
AcDbLine
 10
215.5366005949
 20
130.7970452611
 30
0.0
 11
215.5366005949
 21
132.7970452611
 31
0.0
  0
LINE
  5
18F
330
1F
100
AcDbEntity
  8
0
  6
Continuous
 62
     7
370
    25
100
AcDbLine
 10
217.4962442879
 20
137.137282621
 30
0.0
 11
216.2053592259
 21
137.882575459
 31
0.0
  0
LINE
  5
190
330
1F
100
AcDbEntity
  8
0
  6
Continuous
 62
     7
370
    25
100
AcDbLine
 10
216.2053592259
 20
137.882575459
 30
0.0
 11
215.3230277347
 21
137.882575459
 31
0.0
  0
LINE
  5
191
330
1F
100
AcDbEntity
  8
0
  6
Continuous
 62
     7
370
    25
100
AcDbLine
 10
215.3230277347
 20
137.882575459
 30
0.0
 11
214.0321426727
 21
137.137282621
 31
0.0
  0
LINE
  5
192
330
1F
100
AcDbEntity
  8
0
  6
Continuous
 62
     7
370
    25
100
AcDbLine
 10
214.0321426727
 20
137.137282621
 30
0.0
 11
214.0321426727
 21
135.137282621
 31
0.0
  0
LINE
  5
193
330
1F
100
AcDbEntity
  8
0
  6
Continuous
 62
     7
370
    25
100
AcDbLine
 10
214.0321426727
 20
135.137282621
 30
0.0
 11
215.7641934803
 21
134.137282621
 31
0.0
  0
LINE
  5
194
330
1F
100
AcDbEntity
  8
0
  6
Continuous
 62
     7
370
    25
100
AcDbLine
 10
215.7641934803
 20
134.137282621
 30
0.0
 11
217.4962442879
 21
135.137282621
 31
0.0
  0
LINE
  5
195
330
1F
100
AcDbEntity
  8
0
  6
Continuous
 62
     7
370
    25
100
AcDbLine
 10
217.4962442879
 20
135.137282621
 30
0.0
 11
217.4962442879
 21
137.137282621
 31
0.0
  0
LINE
  5
196
330
1F
100
AcDbEntity
  8
0
  6
Continuous
 62
     7
370
    25
100
AcDbLine
 10
222.960345903
 20
137.137282621
 30
0.0
 11
221.6694608411
 21
137.882575459
 31
0.0
  0
LINE
  5
197
330
1F
100
AcDbEntity
  8
0
  6
Continuous
 62
     7
370
    25
100
AcDbLine
 10
221.6694608411
 20
137.882575459
 30
0.0
 11
220.7871293498
 21
137.882575459
 31
0.0
  0
LINE
  5
198
330
1F
100
AcDbEntity
  8
0
  6
Continuous
 62
     7
370
    25
100
AcDbLine
 10
220.7871293498
 20
137.882575459
 30
0.0
 11
219.4962442879
 21
137.137282621
 31
0.0
  0
LINE
  5
199
330
1F
100
AcDbEntity
  8
0
  6
Continuous
 62
     7
370
    25
100
AcDbLine
 10
219.4962442879
 20
137.137282621
 30
0.0
 11
219.4962442879
 21
135.137282621
 31
0.0
  0
LINE
  5
19A
330
1F
100
AcDbEntity
  8
0
  6
Continuous
 62
     7
370
    25
100
AcDbLine
 10
219.4962442879
 20
135.137282621
 30
0.0
 11
221.2282950954
 21
134.137282621
 31
0.0
  0
LINE
  5
19B
330
1F
100
AcDbEntity
  8
0
  6
Continuous
 62
     7
370
    25
100
AcDbLine
 10
221.2282950954
 20
134.137282621
 30
0.0
 11
222.960345903
 21
135.137282621
 31
0.0
  0
LINE
  5
19C
330
1F
100
AcDbEntity
  8
0
  6
Continuous
 62
     7
370
    25
100
AcDbLine
 10
222.960345903
 20
135.137282621
 30
0.0
 11
222.960345903
 21
137.137282621
 31
0.0
  0
LINE
  5
19D
330
1F
100
AcDbEntity
  8
0
  6
Continuous
 62
     7
370
    25
100
AcDbLine
 10
228.4244475182
 20
137.137282621
 30
0.0
 11
227.1335624562
 21
137.882575459
 31
0.0
  0
LINE
  5
19E
330
1F
100
AcDbEntity
  8
0
  6
Continuous
 62
     7
370
    25
100
AcDbLine
 10
227.1335624562
 20
137.882575459
 30
0.0
 11
226.251230965
 21
137.882575459
 31
0.0
  0
LINE
  5
19F
330
1F
100
AcDbEntity
  8
0
  6
Continuous
 62
     7
370
    25
100
AcDbLine
 10
226.251230965
 20
137.882575459
 30
0.0
 11
224.960345903
 21
137.137282621
 31
0.0
  0
LINE
  5
1A0
330
1F
100
AcDbEntity
  8
0
  6
Continuous
 62
     7
370
    25
100
AcDbLine
 10
224.960345903
 20
137.137282621
 30
0.0
 11
224.960345903
 21
135.137282621
 31
0.0
  0
LINE
  5
1A1
330
1F
100
AcDbEntity
  8
0
  6
Continuous
 62
     7
370
    25
100
AcDbLine
 10
224.960345903
 20
135.137282621
 30
0.0
 11
226.6923967106
 21
134.137282621
 31
0.0
  0
LINE
  5
1A2
330
1F
100
AcDbEntity
  8
0
  6
Continuous
 62
     7
370
    25
100
AcDbLine
 10
226.6923967106
 20
134.137282621
 30
0.0
 11
228.4244475182
 21
135.137282621
 31
0.0
  0
LINE
  5
1A3
330
1F
100
AcDbEntity
  8
0
  6
Continuous
 62
     7
370
    25
100
AcDbLine
 10
228.4244475182
 20
135.137282621
 30
0.0
 11
228.4244475182
 21
137.137282621
 31
0.0
  0
LINE
  5
1A4
330
1F
100
AcDbEntity
  8
0
  6
Continuous
 62
     7
370
    25
100
AcDbLine
 10
233.8885491333
 20
137.137282621
 30
0.0
 11
232.5976640713
 21
137.882575459
 31
0.0
  0
LINE
  5
1A5
330
1F
100
AcDbEntity
  8
0
  6
Continuous
 62
     7
370
    25
100
AcDbLine
 10
232.5976640713
 20
137.882575459
 30
0.0
 11
231.7153325801
 21
137.882575459
 31
0.0
  0
LINE
  5
1A6
330
1F
100
AcDbEntity
  8
0
  6
Continuous
 62
     7
370
    25
100
AcDbLine
 10
231.7153325801
 20
137.882575459
 30
0.0
 11
230.4244475182
 21
137.137282621
 31
0.0
  0
LINE
  5
1A7
330
1F
100
AcDbEntity
  8
0
  6
Continuous
 62
     7
370
    25
100
AcDbLine
 10
230.4244475182
 20
137.137282621
 30
0.0
 11
230.4244475182
 21
135.137282621
 31
0.0
  0
LINE
  5
1A8
330
1F
100
AcDbEntity
  8
0
  6
Continuous
 62
     7
370
    25
100
AcDbLine
 10
230.4244475182
 20
135.137282621
 30
0.0
 11
232.1564983257
 21
134.137282621
 31
0.0
  0
LINE
  5
1A9
330
1F
100
AcDbEntity
  8
0
  6
Continuous
 62
     7
370
    25
100
AcDbLine
 10
232.1564983257
 20
134.137282621
 30
0.0
 11
233.8885491333
 21
135.137282621
 31
0.0
  0
LINE
  5
1AA
330
1F
100
AcDbEntity
  8
0
  6
Continuous
 62
     7
370
    25
100
AcDbLine
 10
233.8885491333
 20
135.137282621
 30
0.0
 11
233.8885491333
 21
137.137282621
 31
0.0
  0
LINE
  5
1AB
330
1F
100
AcDbEntity
  8
0
  6
Continuous
 62
     7
370
    25
100
AcDbLine
 10
239.3526507484
 20
137.137282621
 30
0.0
 11
238.0617656865
 21
137.882575459
 31
0.0
  0
LINE
  5
1AC
330
1F
100
AcDbEntity
  8
0
  6
Continuous
 62
     7
370
    25
100
AcDbLine
 10
238.0617656865
 20
137.882575459
 30
0.0
 11
237.1794341952
 21
137.882575459
 31
0.0
  0
LINE
  5
1AD
330
1F
100
AcDbEntity
  8
0
  6
Continuous
 62
     7
370
    25
100
AcDbLine
 10
237.1794341952
 20
137.882575459
 30
0.0
 11
235.8885491333
 21
137.137282621
 31
0.0
  0
LINE
  5
1AE
330
1F
100
AcDbEntity
  8
0
  6
Continuous
 62
     7
370
    25
100
AcDbLine
 10
235.8885491333
 20
137.137282621
 30
0.0
 11
235.8885491333
 21
135.137282621
 31
0.0
  0
LINE
  5
1AF
330
1F
100
AcDbEntity
  8
0
  6
Continuous
 62
     7
370
    25
100
AcDbLine
 10
235.8885491333
 20
135.137282621
 30
0.0
 11
237.6205999409
 21
134.137282621
 31
0.0
  0
LINE
  5
1B0
330
1F
100
AcDbEntity
  8
0
  6
Continuous
 62
     7
370
    25
100
AcDbLine
 10
237.6205999409
 20
134.137282621
 30
0.0
 11
239.3526507484
 21
135.137282621
 31
0.0
  0
LINE
  5
1B1
330
1F
100
AcDbEntity
  8
0
  6
Continuous
 62
     7
370
    25
100
AcDbLine
 10
239.3526507484
 20
135.137282621
 30
0.0
 11
239.3526507484
 21
137.137282621
 31
0.0
  0
LINE
  5
1B2
330
1F
100
AcDbEntity
  8
0
  6
Continuous
 62
     7
370
    25
100
AcDbLine
 10
237.3930070554
 20
132.7970452611
 30
0.0
 11
235.6609562479
 21
133.7970452611
 31
0.0
  0
LINE
  5
1B3
330
1F
100
AcDbEntity
  8
0
  6
Continuous
 62
     7
370
    25
100
AcDbLine
 10
235.6609562479
 20
133.7970452611
 30
0.0
 11
233.9289054403
 21
132.7970452611
 31
0.0
  0
LINE
  5
1B4
330
1F
100
AcDbEntity
  8
0
  6
Continuous
 62
     7
370
    25
100
AcDbLine
 10
233.9289054403
 20
132.7970452611
 30
0.0
 11
233.9289054403
 21
130.7970452611
 31
0.0
  0
LINE
  5
1B5
330
1F
100
AcDbEntity
  8
0
  6
Continuous
 62
     7
370
    25
100
AcDbLine
 10
233.9289054403
 20
130.7970452611
 30
0.0
 11
235.6609562479
 21
129.7970452611
 31
0.0
  0
LINE
  5
1B6
330
1F
100
AcDbEntity
  8
0
  6
Continuous
 62
     7
370
    25
100
AcDbLine
 10
235.6609562479
 20
129.7970452611
 30
0.0
 11
237.3930070554
 21
130.7970452611
 31
0.0
  0
LINE
  5
1B7
330
1F
100
AcDbEntity
  8
0
  6
Continuous
 62
     7
370
    25
100
AcDbLine
 10
237.3930070554
 20
130.7970452611
 30
0.0
 11
237.3930070554
 21
132.7970452611
 31
0.0
  0
LINE
  5
1B8
330
1F
100
AcDbEntity
  8
0
  6
Continuous
 62
     7
370
    25
100
AcDbLine
 10
209.8793972011
 20
123.234990284
 30
0.0
 11
208.1473463935
 21
124.234990284
 31
0.0
  0
LINE
  5
1B9
330
1F
100
AcDbEntity
  8
0
  6
Continuous
 62
     7
370
    25
100
AcDbLine
 10
208.1473463935
 20
124.234990284
 30
0.0
 11
207.194599382
 21
123.6849215405
 31
0.0
  0
LINE
  5
1BA
330
1F
100
AcDbEntity
  8
0
  6
Continuous
 62
     7
370
    25
100
AcDbLine
 10
207.194599382
 20
123.6849215405
 30
0.0
 11
207.194599382
 21
120.7850590276
 31
0.0
  0
LINE
  5
1BB
330
1F
100
AcDbEntity
  8
0
  6
Continuous
 62
     7
370
    25
100
AcDbLine
 10
207.194599382
 20
120.7850590276
 30
0.0
 11
208.1473463935
 21
120.234990284
 31
0.0
  0
LINE
  5
1BC
330
1F
100
AcDbEntity
  8
0
  6
Continuous
 62
     7
370
    25
100
AcDbLine
 10
208.1473463935
 20
120.234990284
 30
0.0
 11
209.8793972011
 21
121.234990284
 31
0.0
  0
LINE
  5
1BD
330
1F
100
AcDbEntity
  8
0
  6
Continuous
 62
     7
370
    25
100
AcDbLine
 10
209.8793972011
 20
121.234990284
 30
0.0
 11
209.8793972011
 21
123.234990284
 31
0.0
  0
LINE
  5
1BE
330
1F
100
AcDbEntity
  8
0
  6
Continuous
 62
     7
370
    25
100
AcDbLine
 10
215.3434988162
 20
123.234990284
 30
0.0
 11
213.6114480087
 21
124.234990284
 31
0.0
  0
LINE
  5
1BF
330
1F
100
AcDbEntity
  8
0
  6
Continuous
 62
     7
370
    25
100
AcDbLine
 10
213.6114480087
 20
124.234990284
 30
0.0
 11
211.8793972011
 21
123.234990284
 31
0.0
  0
LINE
  5
1C0
330
1F
100
AcDbEntity
  8
0
  6
Continuous
 62
     7
370
    25
100
AcDbLine
 10
211.8793972011
 20
123.234990284
 30
0.0
 11
211.8793972011
 21
121.234990284
 31
0.0
  0
LINE
  5
1C1
330
1F
100
AcDbEntity
  8
0
  6
Continuous
 62
     7
370
    25
100
AcDbLine
 10
211.8793972011
 20
121.234990284
 30
0.0
 11
213.6114480087
 21
120.234990284
 31
0.0
  0
LINE
  5
1C2
330
1F
100
AcDbEntity
  8
0
  6
Continuous
 62
     7
370
    25
100
AcDbLine
 10
213.6114480087
 20
120.234990284
 30
0.0
 11
215.3434988162
 21
121.234990284
 31
0.0
  0
LINE
  5
1C3
330
1F
100
AcDbEntity
  8
0
  6
Continuous
 62
     7
370
    25
100
AcDbLine
 10
215.3434988162
 20
121.234990284
 30
0.0
 11
215.3434988162
 21
123.234990284
 31
0.0
  0
LINE
  5
1C4
330
1F
100
AcDbEntity
  8
0
  6
Continuous
 62
     7
370
    25
100
AcDbLine
 10
217.4962442879
 20
127.6731810058
 30
0.0
 11
215.7641934803
 21
128.6731810058
 31
0.0
  0
LINE
  5
1C5
330
1F
100
AcDbEntity
  8
0
  6
Continuous
 62
     7
370
    25
100
AcDbLine
 10
215.7641934803
 20
128.6731810058
 30
0.0
 11
214.0321426727
 21
127.6731810058
 31
0.0
  0
LINE
  5
1C6
330
1F
100
AcDbEntity
  8
0
  6
Continuous
 62
     7
370
    25
100
AcDbLine
 10
214.0321426727
 20
127.6731810058
 30
0.0
 11
214.0321426727
 21
125.6731810058
 31
0.0
  0
LINE
  5
1C7
330
1F
100
AcDbEntity
  8
0
  6
Continuous
 62
     7
370
    25
100
AcDbLine
 10
214.0321426727
 20
125.6731810058
 30
0.0
 11
215.7641934803
 21
124.6731810058
 31
0.0
  0
LINE
  5
1C8
330
1F
100
AcDbEntity
  8
0
  6
Continuous
 62
     7
370
    25
100
AcDbLine
 10
215.7641934803
 20
124.6731810058
 30
0.0
 11
217.4962442879
 21
125.6731810058
 31
0.0
  0
LINE
  5
1C9
330
1F
100
AcDbEntity
  8
0
  6
Continuous
 62
     7
370
    25
100
AcDbLine
 10
217.4962442879
 20
125.6731810058
 30
0.0
 11
217.4962442879
 21
127.6731810058
 31
0.0
  0
LINE
  5
1CA
330
1F
100
AcDbEntity
  8
0
  6
Continuous
 62
     7
370
    25
100
AcDbLine
 10
220.8076004314
 20
123.234990284
 30
0.0
 11
219.0755496238
 21
124.234990284
 31
0.0
  0
LINE
  5
1CB
330
1F
100
AcDbEntity
  8
0
  6
Continuous
 62
     7
370
    25
100
AcDbLine
 10
219.0755496238
 20
124.234990284
 30
0.0
 11
217.3434988162
 21
123.234990284
 31
0.0
  0
LINE
  5
1CC
330
1F
100
AcDbEntity
  8
0
  6
Continuous
 62
     7
370
    25
100
AcDbLine
 10
217.3434988162
 20
123.234990284
 30
0.0
 11
217.3434988162
 21
121.234990284
 31
0.0
  0
LINE
  5
1CD
330
1F
100
AcDbEntity
  8
0
  6
Continuous
 62
     7
370
    25
100
AcDbLine
 10
217.3434988162
 20
121.234990284
 30
0.0
 11
219.0755496238
 21
120.234990284
 31
0.0
  0
LINE
  5
1CE
330
1F
100
AcDbEntity
  8
0
  6
Continuous
 62
     7
370
    25
100
AcDbLine
 10
219.0755496238
 20
120.234990284
 30
0.0
 11
220.8076004314
 21
121.234990284
 31
0.0
  0
LINE
  5
1CF
330
1F
100
AcDbEntity
  8
0
  6
Continuous
 62
     7
370
    25
100
AcDbLine
 10
220.8076004314
 20
121.234990284
 30
0.0
 11
220.8076004314
 21
123.234990284
 31
0.0
  0
LINE
  5
1D0
330
1F
100
AcDbEntity
  8
0
  6
Continuous
 62
     7
370
    25
100
AcDbLine
 10
212.0321426727
 20
127.6731810058
 30
0.0
 11
210.3000918652
 21
128.6731810058
 31
0.0
  0
LINE
  5
1D1
330
1F
100
AcDbEntity
  8
0
  6
Continuous
 62
     7
370
    25
100
AcDbLine
 10
210.3000918652
 20
128.6731810058
 30
0.0
 11
208.5680410576
 21
127.6731810058
 31
0.0
  0
LINE
  5
1D2
330
1F
100
AcDbEntity
  8
0
  6
Continuous
 62
     7
370
    25
100
AcDbLine
 10
208.5680410576
 20
127.6731810058
 30
0.0
 11
208.5680410576
 21
125.6731810058
 31
0.0
  0
LINE
  5
1D3
330
1F
100
AcDbEntity
  8
0
  6
Continuous
 62
     7
370
    25
100
AcDbLine
 10
208.5680410576
 20
125.6731810058
 30
0.0
 11
210.3000918652
 21
124.6731810058
 31
0.0
  0
LINE
  5
1D4
330
1F
100
AcDbEntity
  8
0
  6
Continuous
 62
     7
370
    25
100
AcDbLine
 10
210.3000918652
 20
124.6731810058
 30
0.0
 11
212.0321426727
 21
125.6731810058
 31
0.0
  0
LINE
  5
1D5
330
1F
100
AcDbEntity
  8
0
  6
Continuous
 62
     7
370
    25
100
AcDbLine
 10
212.0321426727
 20
125.6731810058
 30
0.0
 11
212.0321426727
 21
127.6731810058
 31
0.0
  0
LINE
  5
1D6
330
1F
100
AcDbEntity
  8
0
  6
Continuous
 62
     7
370
    25
100
AcDbLine
 10
221.00070221
 20
132.7970452611
 30
0.0
 11
219.2686514025
 21
133.7970452611
 31
0.0
  0
LINE
  5
1D7
330
1F
100
AcDbEntity
  8
0
  6
Continuous
 62
     7
370
    25
100
AcDbLine
 10
219.2686514025
 20
133.7970452611
 30
0.0
 11
217.5366005949
 21
132.7970452611
 31
0.0
  0
LINE
  5
1D8
330
1F
100
AcDbEntity
  8
0
  6
Continuous
 62
     7
370
    25
100
AcDbLine
 10
217.5366005949
 20
132.7970452611
 30
0.0
 11
217.5366005949
 21
130.7970452611
 31
0.0
  0
LINE
  5
1D9
330
1F
100
AcDbEntity
  8
0
  6
Continuous
 62
     7
370
    25
100
AcDbLine
 10
217.5366005949
 20
130.7970452611
 30
0.0
 11
219.2686514025
 21
129.7970452611
 31
0.0
  0
LINE
  5
1DA
330
1F
100
AcDbEntity
  8
0
  6
Continuous
 62
     7
370
    25
100
AcDbLine
 10
219.2686514025
 20
129.7970452611
 30
0.0
 11
221.00070221
 21
130.7970452611
 31
0.0
  0
LINE
  5
1DB
330
1F
100
AcDbEntity
  8
0
  6
Continuous
 62
     7
370
    25
100
AcDbLine
 10
221.00070221
 20
130.7970452611
 30
0.0
 11
221.00070221
 21
132.7970452611
 31
0.0
  0
LINE
  5
1DC
330
1F
100
AcDbEntity
  8
0
  6
Continuous
 62
     7
370
    25
100
AcDbLine
 10
226.4648038252
 20
132.7970452611
 30
0.0
 11
224.7327530176
 21
133.7970452611
 31
0.0
  0
LINE
  5
1DD
330
1F
100
AcDbEntity
  8
0
  6
Continuous
 62
     7
370
    25
100
AcDbLine
 10
224.7327530176
 20
133.7970452611
 30
0.0
 11
223.00070221
 21
132.7970452611
 31
0.0
  0
LINE
  5
1DE
330
1F
100
AcDbEntity
  8
0
  6
Continuous
 62
     7
370
    25
100
AcDbLine
 10
223.00070221
 20
132.7970452611
 30
0.0
 11
223.00070221
 21
130.7970452611
 31
0.0
  0
LINE
  5
1DF
330
1F
100
AcDbEntity
  8
0
  6
Continuous
 62
     7
370
    25
100
AcDbLine
 10
223.00070221
 20
130.7970452611
 30
0.0
 11
224.7327530176
 21
129.7970452611
 31
0.0
  0
LINE
  5
1E0
330
1F
100
AcDbEntity
  8
0
  6
Continuous
 62
     7
370
    25
100
AcDbLine
 10
224.7327530176
 20
129.7970452611
 30
0.0
 11
226.4648038252
 21
130.7970452611
 31
0.0
  0
LINE
  5
1E1
330
1F
100
AcDbEntity
  8
0
  6
Continuous
 62
     7
370
    25
100
AcDbLine
 10
226.4648038252
 20
130.7970452611
 30
0.0
 11
226.4648038252
 21
132.7970452611
 31
0.0
  0
LINE
  5
1E2
330
1F
100
AcDbEntity
  8
0
  6
Continuous
 62
     7
370
    25
100
AcDbLine
 10
231.9289054403
 20
132.7970452611
 30
0.0
 11
230.1968546327
 21
133.7970452611
 31
0.0
  0
LINE
  5
1E3
330
1F
100
AcDbEntity
  8
0
  6
Continuous
 62
     7
370
    25
100
AcDbLine
 10
230.1968546327
 20
133.7970452611
 30
0.0
 11
228.4648038252
 21
132.7970452611
 31
0.0
  0
LINE
  5
1E4
330
1F
100
AcDbEntity
  8
0
  6
Continuous
 62
     7
370
    25
100
AcDbLine
 10
228.4648038252
 20
132.7970452611
 30
0.0
 11
228.4648038252
 21
130.7970452611
 31
0.0
  0
LINE
  5
1E5
330
1F
100
AcDbEntity
  8
0
  6
Continuous
 62
     7
370
    25
100
AcDbLine
 10
228.4648038252
 20
130.7970452611
 30
0.0
 11
230.1968546327
 21
129.7970452611
 31
0.0
  0
LINE
  5
1E6
330
1F
100
AcDbEntity
  8
0
  6
Continuous
 62
     7
370
    25
100
AcDbLine
 10
230.1968546327
 20
129.7970452611
 30
0.0
 11
231.9289054403
 21
130.7970452611
 31
0.0
  0
LINE
  5
1E7
330
1F
100
AcDbEntity
  8
0
  6
Continuous
 62
     7
370
    25
100
AcDbLine
 10
231.9289054403
 20
130.7970452611
 30
0.0
 11
231.9289054403
 21
132.7970452611
 31
0.0
  0
LINE
  5
1E8
330
1F
100
AcDbEntity
  8
0
  6
Continuous
 62
     7
370
    25
100
AcDbLine
 10
233.8885491333
 20
108.7449777756
 30
0.0
 11
232.1564983257
 21
109.7449777756
 31
0.0
  0
LINE
  5
1E9
330
1F
100
AcDbEntity
  8
0
  6
Continuous
 62
     7
370
    25
100
AcDbLine
 10
232.1564983257
 20
109.7449777756
 30
0.0
 11
230.4244475182
 21
108.7449777756
 31
0.0
  0
LINE
  5
1EA
330
1F
100
AcDbEntity
  8
0
  6
Continuous
 62
     7
370
    25
100
AcDbLine
 10
230.4244475182
 20
108.7449777756
 30
0.0
 11
230.4244475182
 21
106.7449777756
 31
0.0
  0
LINE
  5
1EB
330
1F
100
AcDbEntity
  8
0
  6
Continuous
 62
     7
370
    25
100
AcDbLine
 10
230.4244475182
 20
106.7449777756
 30
0.0
 11
232.1564983257
 21
105.7449777756
 31
0.0
  0
LINE
  5
1EC
330
1F
100
AcDbEntity
  8
0
  6
Continuous
 62
     7
370
    25
100
AcDbLine
 10
232.1564983257
 20
105.7449777756
 30
0.0
 11
233.8885491333
 21
106.7449777756
 31
0.0
  0
LINE
  5
1ED
330
1F
100
AcDbEntity
  8
0
  6
Continuous
 62
     7
370
    25
100
AcDbLine
 10
233.8885491333
 20
106.7449777756
 30
0.0
 11
233.8885491333
 21
108.7449777756
 31
0.0
  0
LINE
  5
1EE
330
1F
100
AcDbEntity
  8
0
  6
Continuous
 62
     7
370
    25
100
AcDbLine
 10
231.542701883
 20
113.672935307
 30
0.0
 11
229.8106510754
 21
114.672935307
 31
0.0
  0
LINE
  5
1EF
330
1F
100
AcDbEntity
  8
0
  6
Continuous
 62
     7
370
    25
100
AcDbLine
 10
229.8106510754
 20
114.672935307
 30
0.0
 11
228.0786002679
 21
113.672935307
 31
0.0
  0
LINE
  5
1F0
330
1F
100
AcDbEntity
  8
0
  6
Continuous
 62
     7
370
    25
100
AcDbLine
 10
228.0786002679
 20
113.672935307
 30
0.0
 11
228.0786002679
 21
111.672935307
 31
0.0
  0
LINE
  5
1F1
330
1F
100
AcDbEntity
  8
0
  6
Continuous
 62
     7
370
    25
100
AcDbLine
 10
228.0786002679
 20
111.672935307
 30
0.0
 11
229.8106510754
 21
110.672935307
 31
0.0
  0
LINE
  5
1F2
330
1F
100
AcDbEntity
  8
0
  6
Continuous
 62
     7
370
    25
100
AcDbLine
 10
229.8106510754
 20
110.672935307
 30
0.0
 11
231.542701883
 21
111.672935307
 31
0.0
  0
LINE
  5
1F3
330
1F
100
AcDbEntity
  8
0
  6
Continuous
 62
     7
370
    25
100
AcDbLine
 10
231.542701883
 20
111.672935307
 30
0.0
 11
231.542701883
 21
113.672935307
 31
0.0
  0
LINE
  5
1F4
330
1F
100
AcDbEntity
  8
0
  6
Continuous
 62
     7
370
    25
100
AcDbLine
 10
233.8885491333
 20
118.2090793907
 30
0.0
 11
232.1564983257
 21
119.2090793907
 31
0.0
  0
LINE
  5
1F5
330
1F
100
AcDbEntity
  8
0
  6
Continuous
 62
     7
370
    25
100
AcDbLine
 10
232.1564983257
 20
119.2090793907
 30
0.0
 11
230.4244475182
 21
118.2090793907
 31
0.0
  0
LINE
  5
1F6
330
1F
100
AcDbEntity
  8
0
  6
Continuous
 62
     7
370
    25
100
AcDbLine
 10
230.4244475182
 20
118.2090793907
 30
0.0
 11
230.4244475182
 21
116.2090793907
 31
0.0
  0
LINE
  5
1F7
330
1F
100
AcDbEntity
  8
0
  6
Continuous
 62
     7
370
    25
100
AcDbLine
 10
230.4244475182
 20
116.2090793907
 30
0.0
 11
232.1564983257
 21
115.2090793907
 31
0.0
  0
LINE
  5
1F8
330
1F
100
AcDbEntity
  8
0
  6
Continuous
 62
     7
370
    25
100
AcDbLine
 10
232.1564983257
 20
115.2090793907
 30
0.0
 11
233.8885491333
 21
116.2090793907
 31
0.0
  0
LINE
  5
1F9
330
1F
100
AcDbEntity
  8
0
  6
Continuous
 62
     7
370
    25
100
AcDbLine
 10
233.8885491333
 20
116.2090793907
 30
0.0
 11
233.8885491333
 21
118.2090793907
 31
0.0
  0
LINE
  5
1FA
330
1F
100
AcDbEntity
  8
0
  6
Continuous
 62
     7
370
    25
100
AcDbLine
 10
228.4244475182
 20
118.2090793907
 30
0.0
 11
226.6923967106
 21
119.2090793907
 31
0.0
  0
LINE
  5
1FB
330
1F
100
AcDbEntity
  8
0
  6
Continuous
 62
     7
370
    25
100
AcDbLine
 10
226.6923967106
 20
119.2090793907
 30
0.0
 11
224.960345903
 21
118.2090793907
 31
0.0
  0
LINE
  5
1FC
330
1F
100
AcDbEntity
  8
0
  6
Continuous
 62
     7
370
    25
100
AcDbLine
 10
224.960345903
 20
118.2090793907
 30
0.0
 11
224.960345903
 21
116.2090793907
 31
0.0
  0
LINE
  5
1FD
330
1F
100
AcDbEntity
  8
0
  6
Continuous
 62
     7
370
    25
100
AcDbLine
 10
224.960345903
 20
116.2090793907
 30
0.0
 11
226.6923967106
 21
115.2090793907
 31
0.0
  0
LINE
  5
1FE
330
1F
100
AcDbEntity
  8
0
  6
Continuous
 62
     7
370
    25
100
AcDbLine
 10
226.6923967106
 20
115.2090793907
 30
0.0
 11
228.4244475182
 21
116.2090793907
 31
0.0
  0
LINE
  5
1FF
330
1F
100
AcDbEntity
  8
0
  6
Continuous
 62
     7
370
    25
100
AcDbLine
 10
228.4244475182
 20
116.2090793907
 30
0.0
 11
228.4244475182
 21
118.2090793907
 31
0.0
  0
LINE
  5
200
330
1F
100
AcDbEntity
  8
0
  6
Continuous
 62
     7
370
    25
100
AcDbLine
 10
214.957295259
 20
104.1108803299
 30
0.0
 11
213.2252444514
 21
105.1108803299
 31
0.0
  0
LINE
  5
201
330
1F
100
AcDbEntity
  8
0
  6
Continuous
 62
     7
370
    25
100
AcDbLine
 10
213.2252444514
 20
105.1108803299
 30
0.0
 11
213.194599382
 21
105.0931873909
 31
0.0
  0
LINE
  5
202
330
1F
100
AcDbEntity
  8
0
  6
Continuous
 62
     7
370
    25
100
AcDbLine
 10
213.194599382
 20
105.0931873909
 30
0.0
 11
213.194599382
 21
101.128573269
 31
0.0
  0
LINE
  5
203
330
1F
100
AcDbEntity
  8
0
  6
Continuous
 62
     7
370
    25
100
AcDbLine
 10
213.194599382
 20
101.128573269
 30
0.0
 11
213.2252444514
 21
101.1108803299
 31
0.0
  0
LINE
  5
204
330
1F
100
AcDbEntity
  8
0
  6
Continuous
 62
     7
370
    25
100
AcDbLine
 10
213.2252444514
 20
101.1108803299
 30
0.0
 11
214.957295259
 21
102.1108803299
 31
0.0
  0
LINE
  5
205
330
1F
100
AcDbEntity
  8
0
  6
Continuous
 62
     7
370
    25
100
AcDbLine
 10
214.957295259
 20
102.1108803299
 30
0.0
 11
214.957295259
 21
104.1108803299
 31
0.0
  0
LINE
  5
206
330
1F
100
AcDbEntity
  8
0
  6
Continuous
 62
     7
370
    25
100
AcDbLine
 10
220.4213968741
 20
104.1108803299
 30
0.0
 11
218.6893460665
 21
105.1108803299
 31
0.0
  0
LINE
  5
207
330
1F
100
AcDbEntity
  8
0
  6
Continuous
 62
     7
370
    25
100
AcDbLine
 10
218.6893460665
 20
105.1108803299
 30
0.0
 11
216.957295259
 21
104.1108803299
 31
0.0
  0
LINE
  5
208
330
1F
100
AcDbEntity
  8
0
  6
Continuous
 62
     7
370
    25
100
AcDbLine
 10
216.957295259
 20
104.1108803299
 30
0.0
 11
216.957295259
 21
102.1108803299
 31
0.0
  0
LINE
  5
209
330
1F
100
AcDbEntity
  8
0
  6
Continuous
 62
     7
370
    25
100
AcDbLine
 10
216.957295259
 20
102.1108803299
 30
0.0
 11
218.6893460665
 21
101.1108803299
 31
0.0
  0
LINE
  5
20A
330
1F
100
AcDbEntity
  8
0
  6
Continuous
 62
     7
370
    25
100
AcDbLine
 10
218.6893460665
 20
101.1108803299
 30
0.0
 11
220.4213968741
 21
102.1108803299
 31
0.0
  0
LINE
  5
20B
330
1F
100
AcDbEntity
  8
0
  6
Continuous
 62
     7
370
    25
100
AcDbLine
 10
220.4213968741
 20
102.1108803299
 30
0.0
 11
220.4213968741
 21
104.1108803299
 31
0.0
  0
LINE
  5
20C
330
1F
100
AcDbEntity
  8
0
  6
Continuous
 62
     7
370
    25
100
AcDbLine
 10
225.8854984892
 20
104.1108803299
 30
0.0
 11
224.1534476817
 21
105.1108803299
 31
0.0
  0
LINE
  5
20D
330
1F
100
AcDbEntity
  8
0
  6
Continuous
 62
     7
370
    25
100
AcDbLine
 10
224.1534476817
 20
105.1108803299
 30
0.0
 11
222.4213968741
 21
104.1108803299
 31
0.0
  0
LINE
  5
20E
330
1F
100
AcDbEntity
  8
0
  6
Continuous
 62
     7
370
    25
100
AcDbLine
 10
222.4213968741
 20
104.1108803299
 30
0.0
 11
222.4213968741
 21
102.1108803299
 31
0.0
  0
LINE
  5
20F
330
1F
100
AcDbEntity
  8
0
  6
Continuous
 62
     7
370
    25
100
AcDbLine
 10
222.4213968741
 20
102.1108803299
 30
0.0
 11
224.1534476817
 21
101.1108803299
 31
0.0
  0
LINE
  5
210
330
1F
100
AcDbEntity
  8
0
  6
Continuous
 62
     7
370
    25
100
AcDbLine
 10
224.1534476817
 20
101.1108803299
 30
0.0
 11
225.8854984892
 21
102.1108803299
 31
0.0
  0
LINE
  5
211
330
1F
100
AcDbEntity
  8
0
  6
Continuous
 62
     7
370
    25
100
AcDbLine
 10
225.8854984892
 20
102.1108803299
 30
0.0
 11
225.8854984892
 21
104.1108803299
 31
0.0
  0
LINE
  5
212
330
1F
100
AcDbEntity
  8
0
  6
Continuous
 62
     7
370
    25
100
AcDbLine
 10
217.4962442879
 20
118.2090793907
 30
0.0
 11
215.7641934803
 21
119.2090793907
 31
0.0
  0
LINE
  5
213
330
1F
100
AcDbEntity
  8
0
  6
Continuous
 62
     7
370
    25
100
AcDbLine
 10
215.7641934803
 20
119.2090793907
 30
0.0
 11
214.0321426727
 21
118.2090793907
 31
0.0
  0
LINE
  5
214
330
1F
100
AcDbEntity
  8
0
  6
Continuous
 62
     7
370
    25
100
AcDbLine
 10
214.0321426727
 20
118.2090793907
 30
0.0
 11
214.0321426727
 21
116.2090793907
 31
0.0
  0
LINE
  5
215
330
1F
100
AcDbEntity
  8
0
  6
Continuous
 62
     7
370
    25
100
AcDbLine
 10
214.0321426727
 20
116.2090793907
 30
0.0
 11
215.7641934803
 21
115.2090793907
 31
0.0
  0
LINE
  5
216
330
1F
100
AcDbEntity
  8
0
  6
Continuous
 62
     7
370
    25
100
AcDbLine
 10
215.7641934803
 20
115.2090793907
 30
0.0
 11
217.4962442879
 21
116.2090793907
 31
0.0
  0
LINE
  5
217
330
1F
100
AcDbEntity
  8
0
  6
Continuous
 62
     7
370
    25
100
AcDbLine
 10
217.4962442879
 20
116.2090793907
 30
0.0
 11
217.4962442879
 21
118.2090793907
 31
0.0
  0
LINE
  5
218
330
1F
100
AcDbEntity
  8
0
  6
Continuous
 62
     7
370
    25
100
AcDbLine
 10
220.6144986527
 20
113.672935307
 30
0.0
 11
218.8824478452
 21
114.672935307
 31
0.0
  0
LINE
  5
219
330
1F
100
AcDbEntity
  8
0
  6
Continuous
 62
     7
370
    25
100
AcDbLine
 10
218.8824478452
 20
114.672935307
 30
0.0
 11
217.1503970376
 21
113.672935307
 31
0.0
  0
LINE
  5
21A
330
1F
100
AcDbEntity
  8
0
  6
Continuous
 62
     7
370
    25
100
AcDbLine
 10
217.1503970376
 20
113.672935307
 30
0.0
 11
217.1503970376
 21
111.672935307
 31
0.0
  0
LINE
  5
21B
330
1F
100
AcDbEntity
  8
0
  6
Continuous
 62
     7
370
    25
100
AcDbLine
 10
217.1503970376
 20
111.672935307
 30
0.0
 11
218.8824478452
 21
110.672935307
 31
0.0
  0
LINE
  5
21C
330
1F
100
AcDbEntity
  8
0
  6
Continuous
 62
     7
370
    25
100
AcDbLine
 10
218.8824478452
 20
110.672935307
 30
0.0
 11
220.6144986527
 21
111.672935307
 31
0.0
  0
LINE
  5
21D
330
1F
100
AcDbEntity
  8
0
  6
Continuous
 62
     7
370
    25
100
AcDbLine
 10
220.6144986527
 20
111.672935307
 30
0.0
 11
220.6144986527
 21
113.672935307
 31
0.0
  0
LINE
  5
21E
330
1F
100
AcDbEntity
  8
0
  6
Continuous
 62
     7
370
    25
100
AcDbLine
 10
226.0786002679
 20
113.672935307
 30
0.0
 11
224.3465494603
 21
114.672935307
 31
0.0
  0
LINE
  5
21F
330
1F
100
AcDbEntity
  8
0
  6
Continuous
 62
     7
370
    25
100
AcDbLine
 10
224.3465494603
 20
114.672935307
 30
0.0
 11
222.6144986527
 21
113.672935307
 31
0.0
  0
LINE
  5
220
330
1F
100
AcDbEntity
  8
0
  6
Continuous
 62
     7
370
    25
100
AcDbLine
 10
222.6144986527
 20
113.672935307
 30
0.0
 11
222.6144986527
 21
111.672935307
 31
0.0
  0
LINE
  5
221
330
1F
100
AcDbEntity
  8
0
  6
Continuous
 62
     7
370
    25
100
AcDbLine
 10
222.6144986527
 20
111.672935307
 30
0.0
 11
224.3465494603
 21
110.672935307
 31
0.0
  0
LINE
  5
222
330
1F
100
AcDbEntity
  8
0
  6
Continuous
 62
     7
370
    25
100
AcDbLine
 10
224.3465494603
 20
110.672935307
 30
0.0
 11
226.0786002679
 21
111.672935307
 31
0.0
  0
LINE
  5
223
330
1F
100
AcDbEntity
  8
0
  6
Continuous
 62
     7
370
    25
100
AcDbLine
 10
226.0786002679
 20
111.672935307
 30
0.0
 11
226.0786002679
 21
113.672935307
 31
0.0
  0
LINE
  5
224
330
1F
100
AcDbEntity
  8
0
  6
Continuous
 62
     7
370
    25
100
AcDbLine
 10
228.4244475182
 20
108.7449777756
 30
0.0
 11
226.6923967106
 21
109.7449777756
 31
0.0
  0
LINE
  5
225
330
1F
100
AcDbEntity
  8
0
  6
Continuous
 62
     7
370
    25
100
AcDbLine
 10
226.6923967106
 20
109.7449777756
 30
0.0
 11
224.960345903
 21
108.7449777756
 31
0.0
  0
LINE
  5
226
330
1F
100
AcDbEntity
  8
0
  6
Continuous
 62
     7
370
    25
100
AcDbLine
 10
224.960345903
 20
108.7449777756
 30
0.0
 11
224.960345903
 21
106.7449777756
 31
0.0
  0
LINE
  5
227
330
1F
100
AcDbEntity
  8
0
  6
Continuous
 62
     7
370
    25
100
AcDbLine
 10
224.960345903
 20
106.7449777756
 30
0.0
 11
226.6923967106
 21
105.7449777756
 31
0.0
  0
LINE
  5
228
330
1F
100
AcDbEntity
  8
0
  6
Continuous
 62
     7
370
    25
100
AcDbLine
 10
226.6923967106
 20
105.7449777756
 30
0.0
 11
228.4244475182
 21
106.7449777756
 31
0.0
  0
LINE
  5
229
330
1F
100
AcDbEntity
  8
0
  6
Continuous
 62
     7
370
    25
100
AcDbLine
 10
228.4244475182
 20
106.7449777756
 30
0.0
 11
228.4244475182
 21
108.7449777756
 31
0.0
  0
LINE
  5
22A
330
1F
100
AcDbEntity
  8
0
  6
Continuous
 62
     7
370
    25
100
AcDbLine
 10
222.960345903
 20
108.7449777756
 30
0.0
 11
221.2282950954
 21
109.7449777756
 31
0.0
  0
LINE
  5
22B
330
1F
100
AcDbEntity
  8
0
  6
Continuous
 62
     7
370
    25
100
AcDbLine
 10
221.2282950954
 20
109.7449777756
 30
0.0
 11
219.4962442879
 21
108.7449777756
 31
0.0
  0
LINE
  5
22C
330
1F
100
AcDbEntity
  8
0
  6
Continuous
 62
     7
370
    25
100
AcDbLine
 10
219.4962442879
 20
108.7449777756
 30
0.0
 11
219.4962442879
 21
106.7449777756
 31
0.0
  0
LINE
  5
22D
330
1F
100
AcDbEntity
  8
0
  6
Continuous
 62
     7
370
    25
100
AcDbLine
 10
219.4962442879
 20
106.7449777756
 30
0.0
 11
221.2282950954
 21
105.7449777756
 31
0.0
  0
LINE
  5
22E
330
1F
100
AcDbEntity
  8
0
  6
Continuous
 62
     7
370
    25
100
AcDbLine
 10
221.2282950954
 20
105.7449777756
 30
0.0
 11
222.960345903
 21
106.7449777756
 31
0.0
  0
LINE
  5
22F
330
1F
100
AcDbEntity
  8
0
  6
Continuous
 62
     7
370
    25
100
AcDbLine
 10
222.960345903
 20
106.7449777756
 30
0.0
 11
222.960345903
 21
108.7449777756
 31
0.0
  0
LINE
  5
230
330
1F
100
AcDbEntity
  8
0
  6
Continuous
 62
     7
370
    25
100
AcDbLine
 10
217.4962442879
 20
108.7449777756
 30
0.0
 11
215.7641934803
 21
109.7449777756
 31
0.0
  0
LINE
  5
231
330
1F
100
AcDbEntity
  8
0
  6
Continuous
 62
     7
370
    25
100
AcDbLine
 10
215.7641934803
 20
109.7449777756
 30
0.0
 11
214.0321426727
 21
108.7449777756
 31
0.0
  0
LINE
  5
232
330
1F
100
AcDbEntity
  8
0
  6
Continuous
 62
     7
370
    25
100
AcDbLine
 10
214.0321426727
 20
108.7449777756
 30
0.0
 11
214.0321426727
 21
106.7449777756
 31
0.0
  0
LINE
  5
233
330
1F
100
AcDbEntity
  8
0
  6
Continuous
 62
     7
370
    25
100
AcDbLine
 10
214.0321426727
 20
106.7449777756
 30
0.0
 11
215.7641934803
 21
105.7449777756
 31
0.0
  0
LINE
  5
234
330
1F
100
AcDbEntity
  8
0
  6
Continuous
 62
     7
370
    25
100
AcDbLine
 10
215.7641934803
 20
105.7449777756
 30
0.0
 11
217.4962442879
 21
106.7449777756
 31
0.0
  0
LINE
  5
235
330
1F
100
AcDbEntity
  8
0
  6
Continuous
 62
     7
370
    25
100
AcDbLine
 10
217.4962442879
 20
106.7449777756
 30
0.0
 11
217.4962442879
 21
108.7449777756
 31
0.0
  0
LINE
  5
236
330
1F
100
AcDbEntity
  8
0
  6
Continuous
 62
     7
370
    25
100
AcDbLine
 10
236.8137017195
 20
104.1108803299
 30
0.0
 11
235.0816509119
 21
105.1108803299
 31
0.0
  0
LINE
  5
237
330
1F
100
AcDbEntity
  8
0
  6
Continuous
 62
     7
370
    25
100
AcDbLine
 10
235.0816509119
 20
105.1108803299
 30
0.0
 11
233.3496001044
 21
104.1108803299
 31
0.0
  0
LINE
  5
238
330
1F
100
AcDbEntity
  8
0
  6
Continuous
 62
     7
370
    25
100
AcDbLine
 10
233.3496001044
 20
104.1108803299
 30
0.0
 11
233.3496001044
 21
102.1108803299
 31
0.0
  0
LINE
  5
239
330
1F
100
AcDbEntity
  8
0
  6
Continuous
 62
     7
370
    25
100
AcDbLine
 10
233.3496001044
 20
102.1108803299
 30
0.0
 11
235.0816509119
 21
101.1108803299
 31
0.0
  0
LINE
  5
23A
330
1F
100
AcDbEntity
  8
0
  6
Continuous
 62
     7
370
    25
100
AcDbLine
 10
235.0816509119
 20
101.1108803299
 30
0.0
 11
236.8137017195
 21
102.1108803299
 31
0.0
  0
LINE
  5
23B
330
1F
100
AcDbEntity
  8
0
  6
Continuous
 62
     7
370
    25
100
AcDbLine
 10
236.8137017195
 20
102.1108803299
 30
0.0
 11
236.8137017195
 21
104.1108803299
 31
0.0
  0
LINE
  5
23C
330
1F
100
AcDbEntity
  8
0
  6
Continuous
 62
     7
370
    25
100
AcDbLine
 10
239.3526507484
 20
108.7449777756
 30
0.0
 11
237.6205999409
 21
109.7449777756
 31
0.0
  0
LINE
  5
23D
330
1F
100
AcDbEntity
  8
0
  6
Continuous
 62
     7
370
    25
100
AcDbLine
 10
237.6205999409
 20
109.7449777756
 30
0.0
 11
235.8885491333
 21
108.7449777756
 31
0.0
  0
LINE
  5
23E
330
1F
100
AcDbEntity
  8
0
  6
Continuous
 62
     7
370
    25
100
AcDbLine
 10
235.8885491333
 20
108.7449777756
 30
0.0
 11
235.8885491333
 21
106.7449777756
 31
0.0
  0
LINE
  5
23F
330
1F
100
AcDbEntity
  8
0
  6
Continuous
 62
     7
370
    25
100
AcDbLine
 10
235.8885491333
 20
106.7449777756
 30
0.0
 11
237.6205999409
 21
105.7449777756
 31
0.0
  0
LINE
  5
240
330
1F
100
AcDbEntity
  8
0
  6
Continuous
 62
     7
370
    25
100
AcDbLine
 10
237.6205999409
 20
105.7449777756
 30
0.0
 11
239.3526507484
 21
106.7449777756
 31
0.0
  0
LINE
  5
241
330
1F
100
AcDbEntity
  8
0
  6
Continuous
 62
     7
370
    25
100
AcDbLine
 10
239.3526507484
 20
106.7449777756
 30
0.0
 11
239.3526507484
 21
108.7449777756
 31
0.0
  0
LINE
  5
242
330
1F
100
AcDbEntity
  8
0
  6
Continuous
 62
     7
370
    25
100
AcDbLine
 10
244.8167523636
 20
108.7449777756
 30
0.0
 11
243.084701556
 21
109.7449777756
 31
0.0
  0
LINE
  5
243
330
1F
100
AcDbEntity
  8
0
  6
Continuous
 62
     7
370
    25
100
AcDbLine
 10
243.084701556
 20
109.7449777756
 30
0.0
 11
241.3526507484
 21
108.7449777756
 31
0.0
  0
LINE
  5
244
330
1F
100
AcDbEntity
  8
0
  6
Continuous
 62
     7
370
    25
100
AcDbLine
 10
241.3526507484
 20
108.7449777756
 30
0.0
 11
241.3526507484
 21
106.7449777756
 31
0.0
  0
LINE
  5
245
330
1F
100
AcDbEntity
  8
0
  6
Continuous
 62
     7
370
    25
100
AcDbLine
 10
241.3526507484
 20
106.7449777756
 30
0.0
 11
243.084701556
 21
105.7449777756
 31
0.0
  0
LINE
  5
246
330
1F
100
AcDbEntity
  8
0
  6
Continuous
 62
     7
370
    25
100
AcDbLine
 10
243.084701556
 20
105.7449777756
 30
0.0
 11
244.8167523636
 21
106.7449777756
 31
0.0
  0
LINE
  5
247
330
1F
100
AcDbEntity
  8
0
  6
Continuous
 62
     7
370
    25
100
AcDbLine
 10
244.8167523636
 20
106.7449777756
 30
0.0
 11
244.8167523636
 21
108.7449777756
 31
0.0
  0
LINE
  5
248
330
1F
100
AcDbEntity
  8
0
  6
Continuous
 62
     7
370
    25
100
AcDbLine
 10
242.4709051133
 20
113.672935307
 30
0.0
 11
240.7388543057
 21
114.672935307
 31
0.0
  0
LINE
  5
249
330
1F
100
AcDbEntity
  8
0
  6
Continuous
 62
     7
370
    25
100
AcDbLine
 10
240.7388543057
 20
114.672935307
 30
0.0
 11
239.0068034981
 21
113.672935307
 31
0.0
  0
LINE
  5
24A
330
1F
100
AcDbEntity
  8
0
  6
Continuous
 62
     7
370
    25
100
AcDbLine
 10
239.0068034981
 20
113.672935307
 30
0.0
 11
239.0068034981
 21
111.672935307
 31
0.0
  0
LINE
  5
24B
330
1F
100
AcDbEntity
  8
0
  6
Continuous
 62
     7
370
    25
100
AcDbLine
 10
239.0068034981
 20
111.672935307
 30
0.0
 11
240.7388543057
 21
110.672935307
 31
0.0
  0
LINE
  5
24C
330
1F
100
AcDbEntity
  8
0
  6
Continuous
 62
     7
370
    25
100
AcDbLine
 10
240.7388543057
 20
110.672935307
 30
0.0
 11
242.4709051133
 21
111.672935307
 31
0.0
  0
LINE
  5
24D
330
1F
100
AcDbEntity
  8
0
  6
Continuous
 62
     7
370
    25
100
AcDbLine
 10
242.4709051133
 20
111.672935307
 30
0.0
 11
242.4709051133
 21
113.672935307
 31
0.0
  0
LINE
  5
24E
330
1F
100
AcDbEntity
  8
0
  6
Continuous
 62
     7
370
    25
100
AcDbLine
 10
239.3526507484
 20
118.2090793907
 30
0.0
 11
237.6205999409
 21
119.2090793907
 31
0.0
  0
LINE
  5
24F
330
1F
100
AcDbEntity
  8
0
  6
Continuous
 62
     7
370
    25
100
AcDbLine
 10
237.6205999409
 20
119.2090793907
 30
0.0
 11
235.8885491333
 21
118.2090793907
 31
0.0
  0
LINE
  5
250
330
1F
100
AcDbEntity
  8
0
  6
Continuous
 62
     7
370
    25
100
AcDbLine
 10
235.8885491333
 20
118.2090793907
 30
0.0
 11
235.8885491333
 21
116.2090793907
 31
0.0
  0
LINE
  5
251
330
1F
100
AcDbEntity
  8
0
  6
Continuous
 62
     7
370
    25
100
AcDbLine
 10
235.8885491333
 20
116.2090793907
 30
0.0
 11
237.6205999409
 21
115.2090793907
 31
0.0
  0
LINE
  5
252
330
1F
100
AcDbEntity
  8
0
  6
Continuous
 62
     7
370
    25
100
AcDbLine
 10
237.6205999409
 20
115.2090793907
 30
0.0
 11
239.3526507484
 21
116.2090793907
 31
0.0
  0
LINE
  5
253
330
1F
100
AcDbEntity
  8
0
  6
Continuous
 62
     7
370
    25
100
AcDbLine
 10
239.3526507484
 20
116.2090793907
 30
0.0
 11
239.3526507484
 21
118.2090793907
 31
0.0
  0
LINE
  5
254
330
1F
100
AcDbEntity
  8
0
  6
Continuous
 62
     7
370
    25
100
AcDbLine
 10
237.0068034981
 20
113.672935307
 30
0.0
 11
235.2747526906
 21
114.672935307
 31
0.0
  0
LINE
  5
255
330
1F
100
AcDbEntity
  8
0
  6
Continuous
 62
     7
370
    25
100
AcDbLine
 10
235.2747526906
 20
114.672935307
 30
0.0
 11
233.542701883
 21
113.672935307
 31
0.0
  0
LINE
  5
256
330
1F
100
AcDbEntity
  8
0
  6
Continuous
 62
     7
370
    25
100
AcDbLine
 10
233.542701883
 20
113.672935307
 30
0.0
 11
233.542701883
 21
111.672935307
 31
0.0
  0
LINE
  5
257
330
1F
100
AcDbEntity
  8
0
  6
Continuous
 62
     7
370
    25
100
AcDbLine
 10
233.542701883
 20
111.672935307
 30
0.0
 11
235.2747526906
 21
110.672935307
 31
0.0
  0
LINE
  5
258
330
1F
100
AcDbEntity
  8
0
  6
Continuous
 62
     7
370
    25
100
AcDbLine
 10
235.2747526906
 20
110.672935307
 30
0.0
 11
237.0068034981
 21
111.672935307
 31
0.0
  0
LINE
  5
259
330
1F
100
AcDbEntity
  8
0
  6
Continuous
 62
     7
370
    25
100
AcDbLine
 10
237.0068034981
 20
111.672935307
 30
0.0
 11
237.0068034981
 21
113.672935307
 31
0.0
  0
LINE
  5
25A
330
1F
100
AcDbEntity
  8
0
  6
Continuous
 62
     7
370
    25
100
AcDbLine
 10
220.2282950954
 20
94.5488253528
 30
0.0
 11
218.4962442879
 21
95.5488253528
 31
0.0
  0
LINE
  5
25B
330
1F
100
AcDbEntity
  8
0
  6
Continuous
 62
     7
370
    25
100
AcDbLine
 10
218.4962442879
 20
95.5488253528
 30
0.0
 11
216.7641934803
 21
94.5488253528
 31
0.0
  0
LINE
  5
25C
330
1F
100
AcDbEntity
  8
0
  6
Continuous
 62
     7
370
    25
100
AcDbLine
 10
216.7641934803
 20
94.5488253528
 30
0.0
 11
216.7641934803
 21
92.5488253528
 31
0.0
  0
LINE
  5
25D
330
1F
100
AcDbEntity
  8
0
  6
Continuous
 62
     7
370
    25
100
AcDbLine
 10
216.7641934803
 20
92.5488253528
 30
0.0
 11
218.4962442879
 21
91.5488253528
 31
0.0
  0
LINE
  5
25E
330
1F
100
AcDbEntity
  8
0
  6
Continuous
 62
     7
370
    25
100
AcDbLine
 10
218.4962442879
 20
91.5488253528
 30
0.0
 11
220.2282950954
 21
92.5488253528
 31
0.0
  0
LINE
  5
25F
330
1F
100
AcDbEntity
  8
0
  6
Continuous
 62
     7
370
    25
100
AcDbLine
 10
220.2282950954
 20
92.5488253528
 30
0.0
 11
220.2282950954
 21
94.5488253528
 31
0.0
  0
LINE
  5
260
330
1F
100
AcDbEntity
  8
0
  6
Continuous
 62
     7
370
    25
100
AcDbLine
 10
217.4962442879
 20
89.8167745453
 30
0.0
 11
215.7641934803
 21
90.8167745453
 31
0.0
  0
LINE
  5
261
330
1F
100
AcDbEntity
  8
0
  6
Continuous
 62
     7
370
    25
100
AcDbLine
 10
215.7641934803
 20
90.8167745453
 30
0.0
 11
214.0321426727
 21
89.8167745453
 31
0.0
  0
LINE
  5
262
330
1F
100
AcDbEntity
  8
0
  6
Continuous
 62
     7
370
    25
100
AcDbLine
 10
214.0321426727
 20
89.8167745453
 30
0.0
 11
214.0321426727
 21
88.882575459
 31
0.0
  0
LINE
  5
263
330
1F
100
AcDbEntity
  8
0
  6
Continuous
 62
     7
370
    25
100
AcDbLine
 10
214.0321426727
 20
88.882575459
 30
0.0
 11
217.4962442879
 21
88.882575459
 31
0.0
  0
LINE
  5
264
330
1F
100
AcDbEntity
  8
0
  6
Continuous
 62
     7
370
    25
100
AcDbLine
 10
217.4962442879
 20
88.882575459
 30
0.0
 11
217.4962442879
 21
89.8167745453
 31
0.0
  0
LINE
  5
265
330
1F
100
AcDbEntity
  8
0
  6
Continuous
 62
     7
370
    25
100
AcDbLine
 10
222.960345903
 20
89.8167745453
 30
0.0
 11
221.2282950954
 21
90.8167745453
 31
0.0
  0
LINE
  5
266
330
1F
100
AcDbEntity
  8
0
  6
Continuous
 62
     7
370
    25
100
AcDbLine
 10
221.2282950954
 20
90.8167745453
 30
0.0
 11
219.4962442879
 21
89.8167745453
 31
0.0
  0
LINE
  5
267
330
1F
100
AcDbEntity
  8
0
  6
Continuous
 62
     7
370
    25
100
AcDbLine
 10
219.4962442879
 20
89.8167745453
 30
0.0
 11
219.4962442879
 21
88.882575459
 31
0.0
  0
LINE
  5
268
330
1F
100
AcDbEntity
  8
0
  6
Continuous
 62
     7
370
    25
100
AcDbLine
 10
219.4962442879
 20
88.882575459
 30
0.0
 11
222.960345903
 21
88.882575459
 31
0.0
  0
LINE
  5
269
330
1F
100
AcDbEntity
  8
0
  6
Continuous
 62
     7
370
    25
100
AcDbLine
 10
222.960345903
 20
88.882575459
 30
0.0
 11
222.960345903
 21
89.8167745453
 31
0.0
  0
LINE
  5
26A
330
1F
100
AcDbEntity
  8
0
  6
Continuous
 62
     7
370
    25
100
AcDbLine
 10
225.6923967106
 20
94.5488253528
 30
0.0
 11
223.960345903
 21
95.5488253528
 31
0.0
  0
LINE
  5
26B
330
1F
100
AcDbEntity
  8
0
  6
Continuous
 62
     7
370
    25
100
AcDbLine
 10
223.960345903
 20
95.5488253528
 30
0.0
 11
222.2282950954
 21
94.5488253528
 31
0.0
  0
LINE
  5
26C
330
1F
100
AcDbEntity
  8
0
  6
Continuous
 62
     7
370
    25
100
AcDbLine
 10
222.2282950954
 20
94.5488253528
 30
0.0
 11
222.2282950954
 21
92.5488253528
 31
0.0
  0
LINE
  5
26D
330
1F
100
AcDbEntity
  8
0
  6
Continuous
 62
     7
370
    25
100
AcDbLine
 10
222.2282950954
 20
92.5488253528
 30
0.0
 11
223.960345903
 21
91.5488253528
 31
0.0
  0
LINE
  5
26E
330
1F
100
AcDbEntity
  8
0
  6
Continuous
 62
     7
370
    25
100
AcDbLine
 10
223.960345903
 20
91.5488253528
 30
0.0
 11
225.6923967106
 21
92.5488253528
 31
0.0
  0
LINE
  5
26F
330
1F
100
AcDbEntity
  8
0
  6
Continuous
 62
     7
370
    25
100
AcDbLine
 10
225.6923967106
 20
92.5488253528
 30
0.0
 11
225.6923967106
 21
94.5488253528
 31
0.0
  0
LINE
  5
270
330
1F
100
AcDbEntity
  8
0
  6
Continuous
 62
     7
370
    25
100
AcDbLine
 10
217.4962442879
 20
99.2808761604
 30
0.0
 11
215.7641934803
 21
100.2808761604
 31
0.0
  0
LINE
  5
271
330
1F
100
AcDbEntity
  8
0
  6
Continuous
 62
     7
370
    25
100
AcDbLine
 10
215.7641934803
 20
100.2808761604
 30
0.0
 11
214.0321426727
 21
99.2808761604
 31
0.0
  0
LINE
  5
272
330
1F
100
AcDbEntity
  8
0
  6
Continuous
 62
     7
370
    25
100
AcDbLine
 10
214.0321426727
 20
99.2808761604
 30
0.0
 11
214.0321426727
 21
97.2808761604
 31
0.0
  0
LINE
  5
273
330
1F
100
AcDbEntity
  8
0
  6
Continuous
 62
     7
370
    25
100
AcDbLine
 10
214.0321426727
 20
97.2808761604
 30
0.0
 11
215.7641934803
 21
96.2808761604
 31
0.0
  0
LINE
  5
274
330
1F
100
AcDbEntity
  8
0
  6
Continuous
 62
     7
370
    25
100
AcDbLine
 10
215.7641934803
 20
96.2808761604
 30
0.0
 11
217.4962442879
 21
97.2808761604
 31
0.0
  0
LINE
  5
275
330
1F
100
AcDbEntity
  8
0
  6
Continuous
 62
     7
370
    25
100
AcDbLine
 10
217.4962442879
 20
97.2808761604
 30
0.0
 11
217.4962442879
 21
99.2808761604
 31
0.0
  0
LINE
  5
276
330
1F
100
AcDbEntity
  8
0
  6
Continuous
 62
     7
370
    25
100
AcDbLine
 10
222.960345903
 20
99.2808761604
 30
0.0
 11
221.2282950954
 21
100.2808761604
 31
0.0
  0
LINE
  5
277
330
1F
100
AcDbEntity
  8
0
  6
Continuous
 62
     7
370
    25
100
AcDbLine
 10
221.2282950954
 20
100.2808761604
 30
0.0
 11
219.4962442879
 21
99.2808761604
 31
0.0
  0
LINE
  5
278
330
1F
100
AcDbEntity
  8
0
  6
Continuous
 62
     7
370
    25
100
AcDbLine
 10
219.4962442879
 20
99.2808761604
 30
0.0
 11
219.4962442879
 21
97.2808761604
 31
0.0
  0
LINE
  5
279
330
1F
100
AcDbEntity
  8
0
  6
Continuous
 62
     7
370
    25
100
AcDbLine
 10
219.4962442879
 20
97.2808761604
 30
0.0
 11
221.2282950954
 21
96.2808761604
 31
0.0
  0
LINE
  5
27A
330
1F
100
AcDbEntity
  8
0
  6
Continuous
 62
     7
370
    25
100
AcDbLine
 10
221.2282950954
 20
96.2808761604
 30
0.0
 11
222.960345903
 21
97.2808761604
 31
0.0
  0
LINE
  5
27B
330
1F
100
AcDbEntity
  8
0
  6
Continuous
 62
     7
370
    25
100
AcDbLine
 10
222.960345903
 20
97.2808761604
 30
0.0
 11
222.960345903
 21
99.2808761604
 31
0.0
  0
LINE
  5
27C
330
1F
100
AcDbEntity
  8
0
  6
Continuous
 62
     7
370
    25
100
AcDbLine
 10
228.4244475182
 20
99.2808761604
 30
0.0
 11
226.6923967106
 21
100.2808761604
 31
0.0
  0
LINE
  5
27D
330
1F
100
AcDbEntity
  8
0
  6
Continuous
 62
     7
370
    25
100
AcDbLine
 10
226.6923967106
 20
100.2808761604
 30
0.0
 11
224.960345903
 21
99.2808761604
 31
0.0
  0
LINE
  5
27E
330
1F
100
AcDbEntity
  8
0
  6
Continuous
 62
     7
370
    25
100
AcDbLine
 10
224.960345903
 20
99.2808761604
 30
0.0
 11
224.960345903
 21
97.2808761604
 31
0.0
  0
LINE
  5
27F
330
1F
100
AcDbEntity
  8
0
  6
Continuous
 62
     7
370
    25
100
AcDbLine
 10
224.960345903
 20
97.2808761604
 30
0.0
 11
226.6923967106
 21
96.2808761604
 31
0.0
  0
LINE
  5
280
330
1F
100
AcDbEntity
  8
0
  6
Continuous
 62
     7
370
    25
100
AcDbLine
 10
226.6923967106
 20
96.2808761604
 30
0.0
 11
228.4244475182
 21
97.2808761604
 31
0.0
  0
LINE
  5
281
330
1F
100
AcDbEntity
  8
0
  6
Continuous
 62
     7
370
    25
100
AcDbLine
 10
228.4244475182
 20
97.2808761604
 30
0.0
 11
228.4244475182
 21
99.2808761604
 31
0.0
  0
LINE
  5
282
330
1F
100
AcDbEntity
  8
0
  6
Continuous
 62
     7
370
    25
100
AcDbLine
 10
231.3496001044
 20
104.1108803299
 30
0.0
 11
229.6175492968
 21
105.1108803299
 31
0.0
  0
LINE
  5
283
330
1F
100
AcDbEntity
  8
0
  6
Continuous
 62
     7
370
    25
100
AcDbLine
 10
229.6175492968
 20
105.1108803299
 30
0.0
 11
227.8854984892
 21
104.1108803299
 31
0.0
  0
LINE
  5
284
330
1F
100
AcDbEntity
  8
0
  6
Continuous
 62
     7
370
    25
100
AcDbLine
 10
227.8854984892
 20
104.1108803299
 30
0.0
 11
227.8854984892
 21
102.1108803299
 31
0.0
  0
LINE
  5
285
330
1F
100
AcDbEntity
  8
0
  6
Continuous
 62
     7
370
    25
100
AcDbLine
 10
227.8854984892
 20
102.1108803299
 30
0.0
 11
229.6175492968
 21
101.1108803299
 31
0.0
  0
LINE
  5
286
330
1F
100
AcDbEntity
  8
0
  6
Continuous
 62
     7
370
    25
100
AcDbLine
 10
229.6175492968
 20
101.1108803299
 30
0.0
 11
231.3496001044
 21
102.1108803299
 31
0.0
  0
LINE
  5
287
330
1F
100
AcDbEntity
  8
0
  6
Continuous
 62
     7
370
    25
100
AcDbLine
 10
231.3496001044
 20
102.1108803299
 30
0.0
 11
231.3496001044
 21
104.1108803299
 31
0.0
  0
LINE
  5
288
330
1F
100
AcDbEntity
  8
0
  6
Continuous
 62
     7
370
    25
100
AcDbLine
 10
305.5729267169
 20
178.3907123587
 30
0.0
 11
303.5729267169
 21
177.2360118204
 31
0.0
  0
LINE
  5
289
330
1F
100
AcDbEntity
  8
0
  6
Continuous
 62
     7
370
    25
100
AcDbLine
 10
303.5729267169
 20
177.2360118204
 30
0.0
 11
303.5729267169
 21
174.9266107436
 31
0.0
  0
LINE
  5
28A
330
1F
100
AcDbEntity
  8
0
  6
Continuous
 62
     7
370
    25
100
AcDbLine
 10
303.5729267169
 20
174.9266107436
 30
0.0
 11
305.5729267169
 21
173.7719102052
 31
0.0
  0
LINE
  5
28B
330
1F
100
AcDbEntity
  8
0
  6
Continuous
 62
     7
370
    25
100
AcDbLine
 10
305.5729267169
 20
173.7719102052
 30
0.0
 11
307.5729267169
 21
174.9266107436
 31
0.0
  0
LINE
  5
28C
330
1F
100
AcDbEntity
  8
0
  6
Continuous
 62
     7
370
    25
100
AcDbLine
 10
307.5729267169
 20
174.9266107436
 30
0.0
 11
307.5729267169
 21
177.2360118204
 31
0.0
  0
LINE
  5
28D
330
1F
100
AcDbEntity
  8
0
  6
Continuous
 62
     7
370
    25
100
AcDbLine
 10
307.5729267169
 20
177.2360118204
 30
0.0
 11
305.5729267169
 21
178.3907123587
 31
0.0
  0
LINE
  5
28E
330
1F
100
AcDbEntity
  8
0
  6
Continuous
 62
     7
370
    25
100
AcDbLine
 10
317.7069342404
 20
168.2987216063
 30
0.0
 11
315.7069342404
 21
167.144021068
 31
0.0
  0
LINE
  5
28F
330
1F
100
AcDbEntity
  8
0
  6
Continuous
 62
     7
370
    25
100
AcDbLine
 10
315.7069342404
 20
167.144021068
 30
0.0
 11
315.7069342404
 21
164.8346199912
 31
0.0
  0
LINE
  5
290
330
1F
100
AcDbEntity
  8
0
  6
Continuous
 62
     7
370
    25
100
AcDbLine
 10
315.7069342404
 20
164.8346199912
 30
0.0
 11
317.7069342404
 21
163.6799194528
 31
0.0
  0
LINE
  5
291
330
1F
100
AcDbEntity
  8
0
  6
Continuous
 62
     7
370
    25
100
AcDbLine
 10
317.7069342404
 20
163.6799194528
 30
0.0
 11
319.7069342404
 21
164.8346199912
 31
0.0
  0
LINE
  5
292
330
1F
100
AcDbEntity
  8
0
  6
Continuous
 62
     7
370
    25
100
AcDbLine
 10
319.7069342404
 20
164.8346199912
 30
0.0
 11
319.7069342404
 21
167.144021068
 31
0.0
  0
LINE
  5
293
330
1F
100
AcDbEntity
  8
0
  6
Continuous
 62
     7
370
    25
100
AcDbLine
 10
319.7069342404
 20
167.144021068
 30
0.0
 11
317.7069342404
 21
168.2987216063
 31
0.0
  0
LINE
  5
294
330
1F
100
AcDbEntity
  8
0
  6
Continuous
 62
     7
370
    25
100
AcDbLine
 10
323.7069342404
 20
168.2987216063
 30
0.0
 11
321.7069342404
 21
167.144021068
 31
0.0
  0
LINE
  5
295
330
1F
100
AcDbEntity
  8
0
  6
Continuous
 62
     7
370
    25
100
AcDbLine
 10
321.7069342404
 20
167.144021068
 30
0.0
 11
321.7069342404
 21
164.8346199912
 31
0.0
  0
LINE
  5
296
330
1F
100
AcDbEntity
  8
0
  6
Continuous
 62
     7
370
    25
100
AcDbLine
 10
321.7069342404
 20
164.8346199912
 30
0.0
 11
323.7069342404
 21
163.6799194528
 31
0.0
  0
LINE
  5
297
330
1F
100
AcDbEntity
  8
0
  6
Continuous
 62
     7
370
    25
100
AcDbLine
 10
323.7069342404
 20
163.6799194528
 30
0.0
 11
325.7069342404
 21
164.8346199912
 31
0.0
  0
LINE
  5
298
330
1F
100
AcDbEntity
  8
0
  6
Continuous
 62
     7
370
    25
100
AcDbLine
 10
325.7069342404
 20
164.8346199912
 30
0.0
 11
325.7069342404
 21
167.144021068
 31
0.0
  0
LINE
  5
299
330
1F
100
AcDbEntity
  8
0
  6
Continuous
 62
     7
370
    25
100
AcDbLine
 10
325.7069342404
 20
167.144021068
 30
0.0
 11
323.7069342404
 21
168.2987216063
 31
0.0
  0
LINE
  5
29A
330
1F
100
AcDbEntity
  8
0
  6
Continuous
 62
     7
370
    25
100
AcDbLine
 10
329.7069342404
 20
168.2987216063
 30
0.0
 11
327.7069342404
 21
167.144021068
 31
0.0
  0
LINE
  5
29B
330
1F
100
AcDbEntity
  8
0
  6
Continuous
 62
     7
370
    25
100
AcDbLine
 10
327.7069342404
 20
167.144021068
 30
0.0
 11
327.7069342404
 21
164.8346199912
 31
0.0
  0
LINE
  5
29C
330
1F
100
AcDbEntity
  8
0
  6
Continuous
 62
     7
370
    25
100
AcDbLine
 10
327.7069342404
 20
164.8346199912
 30
0.0
 11
329.7069342404
 21
163.6799194528
 31
0.0
  0
LINE
  5
29D
330
1F
100
AcDbEntity
  8
0
  6
Continuous
 62
     7
370
    25
100
AcDbLine
 10
329.7069342404
 20
163.6799194528
 30
0.0
 11
331.7069342404
 21
164.8346199912
 31
0.0
  0
LINE
  5
29E
330
1F
100
AcDbEntity
  8
0
  6
Continuous
 62
     7
370
    25
100
AcDbLine
 10
331.7069342404
 20
164.8346199912
 30
0.0
 11
331.7069342404
 21
167.144021068
 31
0.0
  0
LINE
  5
29F
330
1F
100
AcDbEntity
  8
0
  6
Continuous
 62
     7
370
    25
100
AcDbLine
 10
331.7069342404
 20
167.144021068
 30
0.0
 11
329.7069342404
 21
168.2987216063
 31
0.0
  0
LINE
  5
2A0
330
1F
100
AcDbEntity
  8
0
  6
Continuous
 62
     7
370
    25
100
AcDbLine
 10
335.7069342404
 20
168.2987216063
 30
0.0
 11
333.7069342404
 21
167.144021068
 31
0.0
  0
LINE
  5
2A1
330
1F
100
AcDbEntity
  8
0
  6
Continuous
 62
     7
370
    25
100
AcDbLine
 10
333.7069342404
 20
167.144021068
 30
0.0
 11
333.7069342404
 21
164.8346199912
 31
0.0
  0
LINE
  5
2A2
330
1F
100
AcDbEntity
  8
0
  6
Continuous
 62
     7
370
    25
100
AcDbLine
 10
333.7069342404
 20
164.8346199912
 30
0.0
 11
335.7069342404
 21
163.6799194528
 31
0.0
  0
LINE
  5
2A3
330
1F
100
AcDbEntity
  8
0
  6
Continuous
 62
     7
370
    25
100
AcDbLine
 10
335.7069342404
 20
163.6799194528
 30
0.0
 11
337.7069342404
 21
164.8346199912
 31
0.0
  0
LINE
  5
2A4
330
1F
100
AcDbEntity
  8
0
  6
Continuous
 62
     7
370
    25
100
AcDbLine
 10
337.7069342404
 20
164.8346199912
 30
0.0
 11
337.7069342404
 21
167.144021068
 31
0.0
  0
LINE
  5
2A5
330
1F
100
AcDbEntity
  8
0
  6
Continuous
 62
     7
370
    25
100
AcDbLine
 10
337.7069342404
 20
167.144021068
 30
0.0
 11
335.7069342404
 21
168.2987216063
 31
0.0
  0
LINE
  5
2A6
330
1F
100
AcDbEntity
  8
0
  6
Continuous
 62
     7
370
    25
100
AcDbLine
 10
341.7069342404
 20
168.2987216063
 30
0.0
 11
339.7069342404
 21
167.144021068
 31
0.0
  0
LINE
  5
2A7
330
1F
100
AcDbEntity
  8
0
  6
Continuous
 62
     7
370
    25
100
AcDbLine
 10
339.7069342404
 20
167.144021068
 30
0.0
 11
339.7069342404
 21
164.8346199912
 31
0.0
  0
LINE
  5
2A8
330
1F
100
AcDbEntity
  8
0
  6
Continuous
 62
     7
370
    25
100
AcDbLine
 10
339.7069342404
 20
164.8346199912
 30
0.0
 11
341.7069342404
 21
163.6799194528
 31
0.0
  0
LINE
  5
2A9
330
1F
100
AcDbEntity
  8
0
  6
Continuous
 62
     7
370
    25
100
AcDbLine
 10
341.7069342404
 20
163.6799194528
 30
0.0
 11
343.7069342404
 21
164.8346199912
 31
0.0
  0
LINE
  5
2AA
330
1F
100
AcDbEntity
  8
0
  6
Continuous
 62
     7
370
    25
100
AcDbLine
 10
343.7069342404
 20
164.8346199912
 30
0.0
 11
343.7069342404
 21
167.144021068
 31
0.0
  0
LINE
  5
2AB
330
1F
100
AcDbEntity
  8
0
  6
Continuous
 62
     7
370
    25
100
AcDbLine
 10
343.7069342404
 20
167.144021068
 30
0.0
 11
341.7069342404
 21
168.2987216063
 31
0.0
  0
LINE
  5
2AC
330
1F
100
AcDbEntity
  8
0
  6
Continuous
 62
     7
370
    25
100
AcDbLine
 10
347.7069342404
 20
168.2987216063
 30
0.0
 11
345.7069342404
 21
167.144021068
 31
0.0
  0
LINE
  5
2AD
330
1F
100
AcDbEntity
  8
0
  6
Continuous
 62
     7
370
    25
100
AcDbLine
 10
345.7069342404
 20
167.144021068
 30
0.0
 11
345.7069342404
 21
164.8346199912
 31
0.0
  0
LINE
  5
2AE
330
1F
100
AcDbEntity
  8
0
  6
Continuous
 62
     7
370
    25
100
AcDbLine
 10
345.7069342404
 20
164.8346199912
 30
0.0
 11
347.7069342404
 21
163.6799194528
 31
0.0
  0
LINE
  5
2AF
330
1F
100
AcDbEntity
  8
0
  6
Continuous
 62
     7
370
    25
100
AcDbLine
 10
347.7069342404
 20
163.6799194528
 30
0.0
 11
349.7069342404
 21
164.8346199912
 31
0.0
  0
LINE
  5
2B0
330
1F
100
AcDbEntity
  8
0
  6
Continuous
 62
     7
370
    25
100
AcDbLine
 10
349.7069342404
 20
164.8346199912
 30
0.0
 11
349.7069342404
 21
167.144021068
 31
0.0
  0
LINE
  5
2B1
330
1F
100
AcDbEntity
  8
0
  6
Continuous
 62
     7
370
    25
100
AcDbLine
 10
349.7069342404
 20
167.144021068
 30
0.0
 11
347.7069342404
 21
168.2987216063
 31
0.0
  0
LINE
  5
2B2
330
1F
100
AcDbEntity
  8
0
  6
Continuous
 62
     7
370
    25
100
AcDbLine
 10
311.5729267169
 20
178.3907123587
 30
0.0
 11
309.5729267169
 21
177.2360118204
 31
0.0
  0
LINE
  5
2B3
330
1F
100
AcDbEntity
  8
0
  6
Continuous
 62
     7
370
    25
100
AcDbLine
 10
309.5729267169
 20
177.2360118204
 30
0.0
 11
309.5729267169
 21
174.9266107436
 31
0.0
  0
LINE
  5
2B4
330
1F
100
AcDbEntity
  8
0
  6
Continuous
 62
     7
370
    25
100
AcDbLine
 10
309.5729267169
 20
174.9266107436
 30
0.0
 11
311.5729267169
 21
173.7719102052
 31
0.0
  0
LINE
  5
2B5
330
1F
100
AcDbEntity
  8
0
  6
Continuous
 62
     7
370
    25
100
AcDbLine
 10
311.5729267169
 20
173.7719102052
 30
0.0
 11
313.5729267169
 21
174.9266107436
 31
0.0
  0
LINE
  5
2B6
330
1F
100
AcDbEntity
  8
0
  6
Continuous
 62
     7
370
    25
100
AcDbLine
 10
313.5729267169
 20
174.9266107436
 30
0.0
 11
313.5729267169
 21
177.2360118204
 31
0.0
  0
LINE
  5
2B7
330
1F
100
AcDbEntity
  8
0
  6
Continuous
 62
     7
370
    25
100
AcDbLine
 10
313.5729267169
 20
177.2360118204
 30
0.0
 11
311.5729267169
 21
178.3907123587
 31
0.0
  0
LINE
  5
2B8
330
1F
100
AcDbEntity
  8
0
  6
Continuous
 62
     7
370
    25
100
AcDbLine
 10
317.5729267169
 20
178.3907123587
 30
0.0
 11
315.5729267169
 21
177.2360118204
 31
0.0
  0
LINE
  5
2B9
330
1F
100
AcDbEntity
  8
0
  6
Continuous
 62
     7
370
    25
100
AcDbLine
 10
315.5729267169
 20
177.2360118204
 30
0.0
 11
315.5729267169
 21
174.9266107436
 31
0.0
  0
LINE
  5
2BA
330
1F
100
AcDbEntity
  8
0
  6
Continuous
 62
     7
370
    25
100
AcDbLine
 10
315.5729267169
 20
174.9266107436
 30
0.0
 11
317.5729267169
 21
173.7719102052
 31
0.0
  0
LINE
  5
2BB
330
1F
100
AcDbEntity
  8
0
  6
Continuous
 62
     7
370
    25
100
AcDbLine
 10
317.5729267169
 20
173.7719102052
 30
0.0
 11
319.5729267169
 21
174.9266107436
 31
0.0
  0
LINE
  5
2BC
330
1F
100
AcDbEntity
  8
0
  6
Continuous
 62
     7
370
    25
100
AcDbLine
 10
319.5729267169
 20
174.9266107436
 30
0.0
 11
319.5729267169
 21
177.2360118204
 31
0.0
  0
LINE
  5
2BD
330
1F
100
AcDbEntity
  8
0
  6
Continuous
 62
     7
370
    25
100
AcDbLine
 10
319.5729267169
 20
177.2360118204
 30
0.0
 11
317.5729267169
 21
178.3907123587
 31
0.0
  0
LINE
  5
2BE
330
1F
100
AcDbEntity
  8
0
  6
Continuous
 62
     7
370
    25
100
AcDbLine
 10
323.5729267169
 20
178.3907123587
 30
0.0
 11
321.5729267169
 21
177.2360118204
 31
0.0
  0
LINE
  5
2BF
330
1F
100
AcDbEntity
  8
0
  6
Continuous
 62
     7
370
    25
100
AcDbLine
 10
321.5729267169
 20
177.2360118204
 30
0.0
 11
321.5729267169
 21
174.9266107436
 31
0.0
  0
LINE
  5
2C0
330
1F
100
AcDbEntity
  8
0
  6
Continuous
 62
     7
370
    25
100
AcDbLine
 10
321.5729267169
 20
174.9266107436
 30
0.0
 11
323.5729267169
 21
173.7719102052
 31
0.0
  0
LINE
  5
2C1
330
1F
100
AcDbEntity
  8
0
  6
Continuous
 62
     7
370
    25
100
AcDbLine
 10
323.5729267169
 20
173.7719102052
 30
0.0
 11
325.5729267169
 21
174.9266107436
 31
0.0
  0
LINE
  5
2C2
330
1F
100
AcDbEntity
  8
0
  6
Continuous
 62
     7
370
    25
100
AcDbLine
 10
325.5729267169
 20
174.9266107436
 30
0.0
 11
325.5729267169
 21
177.2360118204
 31
0.0
  0
LINE
  5
2C3
330
1F
100
AcDbEntity
  8
0
  6
Continuous
 62
     7
370
    25
100
AcDbLine
 10
325.5729267169
 20
177.2360118204
 30
0.0
 11
323.5729267169
 21
178.3907123587
 31
0.0
  0
LINE
  5
2C4
330
1F
100
AcDbEntity
  8
0
  6
Continuous
 62
     7
370
    25
100
AcDbLine
 10
329.5729267169
 20
178.3907123587
 30
0.0
 11
327.5729267169
 21
177.2360118204
 31
0.0
  0
LINE
  5
2C5
330
1F
100
AcDbEntity
  8
0
  6
Continuous
 62
     7
370
    25
100
AcDbLine
 10
327.5729267169
 20
177.2360118204
 30
0.0
 11
327.5729267169
 21
174.9266107436
 31
0.0
  0
LINE
  5
2C6
330
1F
100
AcDbEntity
  8
0
  6
Continuous
 62
     7
370
    25
100
AcDbLine
 10
327.5729267169
 20
174.9266107436
 30
0.0
 11
329.5729267169
 21
173.7719102052
 31
0.0
  0
LINE
  5
2C7
330
1F
100
AcDbEntity
  8
0
  6
Continuous
 62
     7
370
    25
100
AcDbLine
 10
329.5729267169
 20
173.7719102052
 30
0.0
 11
331.5729267169
 21
174.9266107436
 31
0.0
  0
LINE
  5
2C8
330
1F
100
AcDbEntity
  8
0
  6
Continuous
 62
     7
370
    25
100
AcDbLine
 10
331.5729267169
 20
174.9266107436
 30
0.0
 11
331.5729267169
 21
177.2360118204
 31
0.0
  0
LINE
  5
2C9
330
1F
100
AcDbEntity
  8
0
  6
Continuous
 62
     7
370
    25
100
AcDbLine
 10
331.5729267169
 20
177.2360118204
 30
0.0
 11
329.5729267169
 21
178.3907123587
 31
0.0
  0
LINE
  5
2CA
330
1F
100
AcDbEntity
  8
0
  6
Continuous
 62
     7
370
    25
100
AcDbLine
 10
335.5729267169
 20
178.3907123587
 30
0.0
 11
333.5729267169
 21
177.2360118204
 31
0.0
  0
LINE
  5
2CB
330
1F
100
AcDbEntity
  8
0
  6
Continuous
 62
     7
370
    25
100
AcDbLine
 10
333.5729267169
 20
177.2360118204
 30
0.0
 11
333.5729267169
 21
174.9266107436
 31
0.0
  0
LINE
  5
2CC
330
1F
100
AcDbEntity
  8
0
  6
Continuous
 62
     7
370
    25
100
AcDbLine
 10
333.5729267169
 20
174.9266107436
 30
0.0
 11
335.5729267169
 21
173.7719102052
 31
0.0
  0
LINE
  5
2CD
330
1F
100
AcDbEntity
  8
0
  6
Continuous
 62
     7
370
    25
100
AcDbLine
 10
335.5729267169
 20
173.7719102052
 30
0.0
 11
337.5729267169
 21
174.9266107436
 31
0.0
  0
LINE
  5
2CE
330
1F
100
AcDbEntity
  8
0
  6
Continuous
 62
     7
370
    25
100
AcDbLine
 10
337.5729267169
 20
174.9266107436
 30
0.0
 11
337.5729267169
 21
177.2360118204
 31
0.0
  0
LINE
  5
2CF
330
1F
100
AcDbEntity
  8
0
  6
Continuous
 62
     7
370
    25
100
AcDbLine
 10
337.5729267169
 20
177.2360118204
 30
0.0
 11
335.5729267169
 21
178.3907123587
 31
0.0
  0
LINE
  5
2D0
330
1F
100
AcDbEntity
  8
0
  6
Continuous
 62
     7
370
    25
100
AcDbLine
 10
341.5729267169
 20
178.3907123587
 30
0.0
 11
339.5729267169
 21
177.2360118204
 31
0.0
  0
LINE
  5
2D1
330
1F
100
AcDbEntity
  8
0
  6
Continuous
 62
     7
370
    25
100
AcDbLine
 10
339.5729267169
 20
177.2360118204
 30
0.0
 11
339.5729267169
 21
174.9266107436
 31
0.0
  0
LINE
  5
2D2
330
1F
100
AcDbEntity
  8
0
  6
Continuous
 62
     7
370
    25
100
AcDbLine
 10
339.5729267169
 20
174.9266107436
 30
0.0
 11
341.5729267169
 21
173.7719102052
 31
0.0
  0
LINE
  5
2D3
330
1F
100
AcDbEntity
  8
0
  6
Continuous
 62
     7
370
    25
100
AcDbLine
 10
341.5729267169
 20
173.7719102052
 30
0.0
 11
343.5729267169
 21
174.9266107436
 31
0.0
  0
LINE
  5
2D4
330
1F
100
AcDbEntity
  8
0
  6
Continuous
 62
     7
370
    25
100
AcDbLine
 10
343.5729267169
 20
174.9266107436
 30
0.0
 11
343.5729267169
 21
177.2360118204
 31
0.0
  0
LINE
  5
2D5
330
1F
100
AcDbEntity
  8
0
  6
Continuous
 62
     7
370
    25
100
AcDbLine
 10
343.5729267169
 20
177.2360118204
 30
0.0
 11
341.5729267169
 21
178.3907123587
 31
0.0
  0
LINE
  5
2D6
330
1F
100
AcDbEntity
  8
0
  6
Continuous
 62
     7
370
    25
100
AcDbLine
 10
347.5729267169
 20
178.3907123587
 30
0.0
 11
345.5729267169
 21
177.2360118204
 31
0.0
  0
LINE
  5
2D7
330
1F
100
AcDbEntity
  8
0
  6
Continuous
 62
     7
370
    25
100
AcDbLine
 10
345.5729267169
 20
177.2360118204
 30
0.0
 11
345.5729267169
 21
174.9266107436
 31
0.0
  0
LINE
  5
2D8
330
1F
100
AcDbEntity
  8
0
  6
Continuous
 62
     7
370
    25
100
AcDbLine
 10
345.5729267169
 20
174.9266107436
 30
0.0
 11
347.5729267169
 21
173.7719102052
 31
0.0
  0
LINE
  5
2D9
330
1F
100
AcDbEntity
  8
0
  6
Continuous
 62
     7
370
    25
100
AcDbLine
 10
347.5729267169
 20
173.7719102052
 30
0.0
 11
349.5729267169
 21
174.9266107436
 31
0.0
  0
LINE
  5
2DA
330
1F
100
AcDbEntity
  8
0
  6
Continuous
 62
     7
370
    25
100
AcDbLine
 10
349.5729267169
 20
174.9266107436
 30
0.0
 11
349.5729267169
 21
177.2360118204
 31
0.0
  0
LINE
  5
2DB
330
1F
100
AcDbEntity
  8
0
  6
Continuous
 62
     7
370
    25
100
AcDbLine
 10
349.5729267169
 20
177.2360118204
 30
0.0
 11
347.5729267169
 21
178.3907123587
 31
0.0
  0
LINE
  5
2DC
330
1F
100
AcDbEntity
  8
0
  6
Continuous
 62
     7
370
    25
100
AcDbLine
 10
353.5729267169
 20
178.3907123587
 30
0.0
 11
351.5729267169
 21
177.2360118204
 31
0.0
  0
LINE
  5
2DD
330
1F
100
AcDbEntity
  8
0
  6
Continuous
 62
     7
370
    25
100
AcDbLine
 10
351.5729267169
 20
177.2360118204
 30
0.0
 11
351.5729267169
 21
174.9266107436
 31
0.0
  0
LINE
  5
2DE
330
1F
100
AcDbEntity
  8
0
  6
Continuous
 62
     7
370
    25
100
AcDbLine
 10
351.5729267169
 20
174.9266107436
 30
0.0
 11
353.5729267169
 21
173.7719102052
 31
0.0
  0
LINE
  5
2DF
330
1F
100
AcDbEntity
  8
0
  6
Continuous
 62
     7
370
    25
100
AcDbLine
 10
353.5729267169
 20
173.7719102052
 30
0.0
 11
355.5729267169
 21
174.9266107436
 31
0.0
  0
LINE
  5
2E0
330
1F
100
AcDbEntity
  8
0
  6
Continuous
 62
     7
370
    25
100
AcDbLine
 10
355.5729267169
 20
174.9266107436
 30
0.0
 11
355.5729267169
 21
177.2360118204
 31
0.0
  0
LINE
  5
2E1
330
1F
100
AcDbEntity
  8
0
  6
Continuous
 62
     7
370
    25
100
AcDbLine
 10
355.5729267169
 20
177.2360118204
 30
0.0
 11
353.5729267169
 21
178.3907123587
 31
0.0
  0
LINE
  5
2E2
330
1F
100
AcDbEntity
  8
0
  6
Continuous
 62
     7
370
    25
100
AcDbLine
 10
359.5729267169
 20
178.3907123587
 30
0.0
 11
357.5729267169
 21
177.2360118204
 31
0.0
  0
LINE
  5
2E3
330
1F
100
AcDbEntity
  8
0
  6
Continuous
 62
     7
370
    25
100
AcDbLine
 10
357.5729267169
 20
177.2360118204
 30
0.0
 11
357.5729267169
 21
174.9266107436
 31
0.0
  0
LINE
  5
2E4
330
1F
100
AcDbEntity
  8
0
  6
Continuous
 62
     7
370
    25
100
AcDbLine
 10
357.5729267169
 20
174.9266107436
 30
0.0
 11
359.5729267169
 21
173.7719102052
 31
0.0
  0
LINE
  5
2E5
330
1F
100
AcDbEntity
  8
0
  6
Continuous
 62
     7
370
    25
100
AcDbLine
 10
359.5729267169
 20
173.7719102052
 30
0.0
 11
361.5729267169
 21
174.9266107436
 31
0.0
  0
LINE
  5
2E6
330
1F
100
AcDbEntity
  8
0
  6
Continuous
 62
     7
370
    25
100
AcDbLine
 10
361.5729267169
 20
174.9266107436
 30
0.0
 11
361.5729267169
 21
177.2360118204
 31
0.0
  0
LINE
  5
2E7
330
1F
100
AcDbEntity
  8
0
  6
Continuous
 62
     7
370
    25
100
AcDbLine
 10
361.5729267169
 20
177.2360118204
 30
0.0
 11
359.5729267169
 21
178.3907123587
 31
0.0
  0
LINE
  5
2E8
330
1F
100
AcDbEntity
  8
0
  6
Continuous
 62
     7
370
    25
100
AcDbLine
 10
308.5729267169
 20
173.194559936
 30
0.0
 11
306.5729267169
 21
172.0398593977
 31
0.0
  0
LINE
  5
2E9
330
1F
100
AcDbEntity
  8
0
  6
Continuous
 62
     7
370
    25
100
AcDbLine
 10
306.5729267169
 20
172.0398593977
 30
0.0
 11
306.5729267169
 21
169.7304583209
 31
0.0
  0
LINE
  5
2EA
330
1F
100
AcDbEntity
  8
0
  6
Continuous
 62
     7
370
    25
100
AcDbLine
 10
306.5729267169
 20
169.7304583209
 30
0.0
 11
308.5729267169
 21
168.5757577825
 31
0.0
  0
LINE
  5
2EB
330
1F
100
AcDbEntity
  8
0
  6
Continuous
 62
     7
370
    25
100
AcDbLine
 10
308.5729267169
 20
168.5757577825
 30
0.0
 11
310.5729267169
 21
169.7304583209
 31
0.0
  0
LINE
  5
2EC
330
1F
100
AcDbEntity
  8
0
  6
Continuous
 62
     7
370
    25
100
AcDbLine
 10
310.5729267169
 20
169.7304583209
 30
0.0
 11
310.5729267169
 21
172.0398593977
 31
0.0
  0
LINE
  5
2ED
330
1F
100
AcDbEntity
  8
0
  6
Continuous
 62
     7
370
    25
100
AcDbLine
 10
310.5729267169
 20
172.0398593977
 30
0.0
 11
308.5729267169
 21
173.194559936
 31
0.0
  0
LINE
  5
2EE
330
1F
100
AcDbEntity
  8
0
  6
Continuous
 62
     7
370
    25
100
AcDbLine
 10
314.5729267169
 20
173.194559936
 30
0.0
 11
312.5729267169
 21
172.0398593977
 31
0.0
  0
LINE
  5
2EF
330
1F
100
AcDbEntity
  8
0
  6
Continuous
 62
     7
370
    25
100
AcDbLine
 10
312.5729267169
 20
172.0398593977
 30
0.0
 11
312.5729267169
 21
169.7304583209
 31
0.0
  0
LINE
  5
2F0
330
1F
100
AcDbEntity
  8
0
  6
Continuous
 62
     7
370
    25
100
AcDbLine
 10
312.5729267169
 20
169.7304583209
 30
0.0
 11
314.5729267169
 21
168.5757577825
 31
0.0
  0
LINE
  5
2F1
330
1F
100
AcDbEntity
  8
0
  6
Continuous
 62
     7
370
    25
100
AcDbLine
 10
314.5729267169
 20
168.5757577825
 30
0.0
 11
316.5729267169
 21
169.7304583209
 31
0.0
  0
LINE
  5
2F2
330
1F
100
AcDbEntity
  8
0
  6
Continuous
 62
     7
370
    25
100
AcDbLine
 10
316.5729267169
 20
169.7304583209
 30
0.0
 11
316.5729267169
 21
172.0398593977
 31
0.0
  0
LINE
  5
2F3
330
1F
100
AcDbEntity
  8
0
  6
Continuous
 62
     7
370
    25
100
AcDbLine
 10
316.5729267169
 20
172.0398593977
 30
0.0
 11
314.5729267169
 21
173.194559936
 31
0.0
  0
LINE
  5
2F4
330
1F
100
AcDbEntity
  8
0
  6
Continuous
 62
     7
370
    25
100
AcDbLine
 10
320.5729267169
 20
173.194559936
 30
0.0
 11
318.5729267169
 21
172.0398593977
 31
0.0
  0
LINE
  5
2F5
330
1F
100
AcDbEntity
  8
0
  6
Continuous
 62
     7
370
    25
100
AcDbLine
 10
318.5729267169
 20
172.0398593977
 30
0.0
 11
318.5729267169
 21
169.7304583209
 31
0.0
  0
LINE
  5
2F6
330
1F
100
AcDbEntity
  8
0
  6
Continuous
 62
     7
370
    25
100
AcDbLine
 10
318.5729267169
 20
169.7304583209
 30
0.0
 11
320.5729267169
 21
168.5757577825
 31
0.0
  0
LINE
  5
2F7
330
1F
100
AcDbEntity
  8
0
  6
Continuous
 62
     7
370
    25
100
AcDbLine
 10
320.5729267169
 20
168.5757577825
 30
0.0
 11
322.5729267169
 21
169.7304583209
 31
0.0
  0
LINE
  5
2F8
330
1F
100
AcDbEntity
  8
0
  6
Continuous
 62
     7
370
    25
100
AcDbLine
 10
322.5729267169
 20
169.7304583209
 30
0.0
 11
322.5729267169
 21
172.0398593977
 31
0.0
  0
LINE
  5
2F9
330
1F
100
AcDbEntity
  8
0
  6
Continuous
 62
     7
370
    25
100
AcDbLine
 10
322.5729267169
 20
172.0398593977
 30
0.0
 11
320.5729267169
 21
173.194559936
 31
0.0
  0
LINE
  5
2FA
330
1F
100
AcDbEntity
  8
0
  6
Continuous
 62
     7
370
    25
100
AcDbLine
 10
326.5729267169
 20
173.194559936
 30
0.0
 11
324.5729267169
 21
172.0398593977
 31
0.0
  0
LINE
  5
2FB
330
1F
100
AcDbEntity
  8
0
  6
Continuous
 62
     7
370
    25
100
AcDbLine
 10
324.5729267169
 20
172.0398593977
 30
0.0
 11
324.5729267169
 21
169.7304583209
 31
0.0
  0
LINE
  5
2FC
330
1F
100
AcDbEntity
  8
0
  6
Continuous
 62
     7
370
    25
100
AcDbLine
 10
324.5729267169
 20
169.7304583209
 30
0.0
 11
326.5729267169
 21
168.5757577825
 31
0.0
  0
LINE
  5
2FD
330
1F
100
AcDbEntity
  8
0
  6
Continuous
 62
     7
370
    25
100
AcDbLine
 10
326.5729267169
 20
168.5757577825
 30
0.0
 11
328.5729267169
 21
169.7304583209
 31
0.0
  0
LINE
  5
2FE
330
1F
100
AcDbEntity
  8
0
  6
Continuous
 62
     7
370
    25
100
AcDbLine
 10
328.5729267169
 20
169.7304583209
 30
0.0
 11
328.5729267169
 21
172.0398593977
 31
0.0
  0
LINE
  5
2FF
330
1F
100
AcDbEntity
  8
0
  6
Continuous
 62
     7
370
    25
100
AcDbLine
 10
328.5729267169
 20
172.0398593977
 30
0.0
 11
326.5729267169
 21
173.194559936
 31
0.0
  0
LINE
  5
300
330
1F
100
AcDbEntity
  8
0
  6
Continuous
 62
     7
370
    25
100
AcDbLine
 10
332.5729267169
 20
173.194559936
 30
0.0
 11
330.5729267169
 21
172.0398593977
 31
0.0
  0
LINE
  5
301
330
1F
100
AcDbEntity
  8
0
  6
Continuous
 62
     7
370
    25
100
AcDbLine
 10
330.5729267169
 20
172.0398593977
 30
0.0
 11
330.5729267169
 21
169.7304583209
 31
0.0
  0
LINE
  5
302
330
1F
100
AcDbEntity
  8
0
  6
Continuous
 62
     7
370
    25
100
AcDbLine
 10
330.5729267169
 20
169.7304583209
 30
0.0
 11
332.5729267169
 21
168.5757577825
 31
0.0
  0
LINE
  5
303
330
1F
100
AcDbEntity
  8
0
  6
Continuous
 62
     7
370
    25
100
AcDbLine
 10
332.5729267169
 20
168.5757577825
 30
0.0
 11
334.5729267169
 21
169.7304583209
 31
0.0
  0
LINE
  5
304
330
1F
100
AcDbEntity
  8
0
  6
Continuous
 62
     7
370
    25
100
AcDbLine
 10
334.5729267169
 20
169.7304583209
 30
0.0
 11
334.5729267169
 21
172.0398593977
 31
0.0
  0
LINE
  5
305
330
1F
100
AcDbEntity
  8
0
  6
Continuous
 62
     7
370
    25
100
AcDbLine
 10
334.5729267169
 20
172.0398593977
 30
0.0
 11
332.5729267169
 21
173.194559936
 31
0.0
  0
LINE
  5
306
330
1F
100
AcDbEntity
  8
0
  6
Continuous
 62
     7
370
    25
100
AcDbLine
 10
338.5729267169
 20
173.194559936
 30
0.0
 11
336.5729267169
 21
172.0398593977
 31
0.0
  0
LINE
  5
307
330
1F
100
AcDbEntity
  8
0
  6
Continuous
 62
     7
370
    25
100
AcDbLine
 10
336.5729267169
 20
172.0398593977
 30
0.0
 11
336.5729267169
 21
169.7304583209
 31
0.0
  0
LINE
  5
308
330
1F
100
AcDbEntity
  8
0
  6
Continuous
 62
     7
370
    25
100
AcDbLine
 10
336.5729267169
 20
169.7304583209
 30
0.0
 11
338.5729267169
 21
168.5757577825
 31
0.0
  0
LINE
  5
309
330
1F
100
AcDbEntity
  8
0
  6
Continuous
 62
     7
370
    25
100
AcDbLine
 10
338.5729267169
 20
168.5757577825
 30
0.0
 11
340.5729267169
 21
169.7304583209
 31
0.0
  0
LINE
  5
30A
330
1F
100
AcDbEntity
  8
0
  6
Continuous
 62
     7
370
    25
100
AcDbLine
 10
340.5729267169
 20
169.7304583209
 30
0.0
 11
340.5729267169
 21
172.0398593977
 31
0.0
  0
LINE
  5
30B
330
1F
100
AcDbEntity
  8
0
  6
Continuous
 62
     7
370
    25
100
AcDbLine
 10
340.5729267169
 20
172.0398593977
 30
0.0
 11
338.5729267169
 21
173.194559936
 31
0.0
  0
LINE
  5
30C
330
1F
100
AcDbEntity
  8
0
  6
Continuous
 62
     7
370
    25
100
AcDbLine
 10
344.5729267169
 20
173.194559936
 30
0.0
 11
342.5729267169
 21
172.0398593977
 31
0.0
  0
LINE
  5
30D
330
1F
100
AcDbEntity
  8
0
  6
Continuous
 62
     7
370
    25
100
AcDbLine
 10
342.5729267169
 20
172.0398593977
 30
0.0
 11
342.5729267169
 21
169.7304583209
 31
0.0
  0
LINE
  5
30E
330
1F
100
AcDbEntity
  8
0
  6
Continuous
 62
     7
370
    25
100
AcDbLine
 10
342.5729267169
 20
169.7304583209
 30
0.0
 11
344.5729267169
 21
168.5757577825
 31
0.0
  0
LINE
  5
30F
330
1F
100
AcDbEntity
  8
0
  6
Continuous
 62
     7
370
    25
100
AcDbLine
 10
344.5729267169
 20
168.5757577825
 30
0.0
 11
346.5729267169
 21
169.7304583209
 31
0.0
  0
LINE
  5
310
330
1F
100
AcDbEntity
  8
0
  6
Continuous
 62
     7
370
    25
100
AcDbLine
 10
346.5729267169
 20
169.7304583209
 30
0.0
 11
346.5729267169
 21
172.0398593977
 31
0.0
  0
LINE
  5
311
330
1F
100
AcDbEntity
  8
0
  6
Continuous
 62
     7
370
    25
100
AcDbLine
 10
346.5729267169
 20
172.0398593977
 30
0.0
 11
344.5729267169
 21
173.194559936
 31
0.0
  0
LINE
  5
312
330
1F
100
AcDbEntity
  8
0
  6
Continuous
 62
     7
370
    25
100
AcDbLine
 10
350.5729267169
 20
173.194559936
 30
0.0
 11
348.5729267169
 21
172.0398593977
 31
0.0
  0
LINE
  5
313
330
1F
100
AcDbEntity
  8
0
  6
Continuous
 62
     7
370
    25
100
AcDbLine
 10
348.5729267169
 20
172.0398593977
 30
0.0
 11
348.5729267169
 21
169.7304583209
 31
0.0
  0
LINE
  5
314
330
1F
100
AcDbEntity
  8
0
  6
Continuous
 62
     7
370
    25
100
AcDbLine
 10
348.5729267169
 20
169.7304583209
 30
0.0
 11
350.5729267169
 21
168.5757577825
 31
0.0
  0
LINE
  5
315
330
1F
100
AcDbEntity
  8
0
  6
Continuous
 62
     7
370
    25
100
AcDbLine
 10
350.5729267169
 20
168.5757577825
 30
0.0
 11
352.5729267169
 21
169.7304583209
 31
0.0
  0
LINE
  5
316
330
1F
100
AcDbEntity
  8
0
  6
Continuous
 62
     7
370
    25
100
AcDbLine
 10
352.5729267169
 20
169.7304583209
 30
0.0
 11
352.5729267169
 21
172.0398593977
 31
0.0
  0
LINE
  5
317
330
1F
100
AcDbEntity
  8
0
  6
Continuous
 62
     7
370
    25
100
AcDbLine
 10
352.5729267169
 20
172.0398593977
 30
0.0
 11
350.5729267169
 21
173.194559936
 31
0.0
  0
LINE
  5
318
330
1F
100
AcDbEntity
  8
0
  6
Continuous
 62
     7
370
    25
100
AcDbLine
 10
356.5729267169
 20
173.194559936
 30
0.0
 11
354.5729267169
 21
172.0398593977
 31
0.0
  0
LINE
  5
319
330
1F
100
AcDbEntity
  8
0
  6
Continuous
 62
     7
370
    25
100
AcDbLine
 10
354.5729267169
 20
172.0398593977
 30
0.0
 11
354.5729267169
 21
169.7304583209
 31
0.0
  0
LINE
  5
31A
330
1F
100
AcDbEntity
  8
0
  6
Continuous
 62
     7
370
    25
100
AcDbLine
 10
354.5729267169
 20
169.7304583209
 30
0.0
 11
356.5729267169
 21
168.5757577825
 31
0.0
  0
LINE
  5
31B
330
1F
100
AcDbEntity
  8
0
  6
Continuous
 62
     7
370
    25
100
AcDbLine
 10
356.5729267169
 20
168.5757577825
 30
0.0
 11
358.5729267169
 21
169.7304583209
 31
0.0
  0
LINE
  5
31C
330
1F
100
AcDbEntity
  8
0
  6
Continuous
 62
     7
370
    25
100
AcDbLine
 10
358.5729267169
 20
169.7304583209
 30
0.0
 11
358.5729267169
 21
172.0398593977
 31
0.0
  0
LINE
  5
31D
330
1F
100
AcDbEntity
  8
0
  6
Continuous
 62
     7
370
    25
100
AcDbLine
 10
358.5729267169
 20
172.0398593977
 30
0.0
 11
356.5729267169
 21
173.194559936
 31
0.0
  0
LINE
  5
31E
330
1F
100
AcDbEntity
  8
0
  6
Continuous
 62
     7
370
    25
100
AcDbLine
 10
308.4389191934
 20
183.2865506884
 30
0.0
 11
306.4389191934
 21
182.13185015
 31
0.0
  0
LINE
  5
31F
330
1F
100
AcDbEntity
  8
0
  6
Continuous
 62
     7
370
    25
100
AcDbLine
 10
306.4389191934
 20
182.13185015
 30
0.0
 11
306.4389191934
 21
179.8224490733
 31
0.0
  0
LINE
  5
320
330
1F
100
AcDbEntity
  8
0
  6
Continuous
 62
     7
370
    25
100
AcDbLine
 10
306.4389191934
 20
179.8224490733
 30
0.0
 11
308.4389191934
 21
178.6677485349
 31
0.0
  0
LINE
  5
321
330
1F
100
AcDbEntity
  8
0
  6
Continuous
 62
     7
370
    25
100
AcDbLine
 10
308.4389191934
 20
178.6677485349
 30
0.0
 11
310.4389191934
 21
179.8224490733
 31
0.0
  0
LINE
  5
322
330
1F
100
AcDbEntity
  8
0
  6
Continuous
 62
     7
370
    25
100
AcDbLine
 10
310.4389191934
 20
179.8224490733
 30
0.0
 11
310.4389191934
 21
182.13185015
 31
0.0
  0
LINE
  5
323
330
1F
100
AcDbEntity
  8
0
  6
Continuous
 62
     7
370
    25
100
AcDbLine
 10
310.4389191934
 20
182.13185015
 30
0.0
 11
308.4389191934
 21
183.2865506884
 31
0.0
  0
LINE
  5
324
330
1F
100
AcDbEntity
  8
0
  6
Continuous
 62
     7
370
    25
100
AcDbLine
 10
314.4389191934
 20
183.2865506884
 30
0.0
 11
312.4389191934
 21
182.13185015
 31
0.0
  0
LINE
  5
325
330
1F
100
AcDbEntity
  8
0
  6
Continuous
 62
     7
370
    25
100
AcDbLine
 10
312.4389191934
 20
182.13185015
 30
0.0
 11
312.4389191934
 21
179.8224490733
 31
0.0
  0
LINE
  5
326
330
1F
100
AcDbEntity
  8
0
  6
Continuous
 62
     7
370
    25
100
AcDbLine
 10
312.4389191934
 20
179.8224490733
 30
0.0
 11
314.4389191934
 21
178.6677485349
 31
0.0
  0
LINE
  5
327
330
1F
100
AcDbEntity
  8
0
  6
Continuous
 62
     7
370
    25
100
AcDbLine
 10
314.4389191934
 20
178.6677485349
 30
0.0
 11
316.4389191934
 21
179.8224490733
 31
0.0
  0
LINE
  5
328
330
1F
100
AcDbEntity
  8
0
  6
Continuous
 62
     7
370
    25
100
AcDbLine
 10
316.4389191934
 20
179.8224490733
 30
0.0
 11
316.4389191934
 21
182.13185015
 31
0.0
  0
LINE
  5
329
330
1F
100
AcDbEntity
  8
0
  6
Continuous
 62
     7
370
    25
100
AcDbLine
 10
316.4389191934
 20
182.13185015
 30
0.0
 11
314.4389191934
 21
183.2865506884
 31
0.0
  0
LINE
  5
32A
330
1F
100
AcDbEntity
  8
0
  6
Continuous
 62
     7
370
    25
100
AcDbLine
 10
320.4389191934
 20
183.2865506884
 30
0.0
 11
318.4389191934
 21
182.13185015
 31
0.0
  0
LINE
  5
32B
330
1F
100
AcDbEntity
  8
0
  6
Continuous
 62
     7
370
    25
100
AcDbLine
 10
318.4389191934
 20
182.13185015
 30
0.0
 11
318.4389191934
 21
179.8224490733
 31
0.0
  0
LINE
  5
32C
330
1F
100
AcDbEntity
  8
0
  6
Continuous
 62
     7
370
    25
100
AcDbLine
 10
318.4389191934
 20
179.8224490733
 30
0.0
 11
320.4389191934
 21
178.6677485349
 31
0.0
  0
LINE
  5
32D
330
1F
100
AcDbEntity
  8
0
  6
Continuous
 62
     7
370
    25
100
AcDbLine
 10
320.4389191934
 20
178.6677485349
 30
0.0
 11
322.4389191934
 21
179.8224490733
 31
0.0
  0
LINE
  5
32E
330
1F
100
AcDbEntity
  8
0
  6
Continuous
 62
     7
370
    25
100
AcDbLine
 10
322.4389191934
 20
179.8224490733
 30
0.0
 11
322.4389191934
 21
182.13185015
 31
0.0
  0
LINE
  5
32F
330
1F
100
AcDbEntity
  8
0
  6
Continuous
 62
     7
370
    25
100
AcDbLine
 10
322.4389191934
 20
182.13185015
 30
0.0
 11
320.4389191934
 21
183.2865506884
 31
0.0
  0
LINE
  5
330
330
1F
100
AcDbEntity
  8
0
  6
Continuous
 62
     7
370
    25
100
AcDbLine
 10
326.4389191934
 20
183.2865506884
 30
0.0
 11
324.4389191934
 21
182.13185015
 31
0.0
  0
LINE
  5
331
330
1F
100
AcDbEntity
  8
0
  6
Continuous
 62
     7
370
    25
100
AcDbLine
 10
324.4389191934
 20
182.13185015
 30
0.0
 11
324.4389191934
 21
179.8224490733
 31
0.0
  0
LINE
  5
332
330
1F
100
AcDbEntity
  8
0
  6
Continuous
 62
     7
370
    25
100
AcDbLine
 10
324.4389191934
 20
179.8224490733
 30
0.0
 11
326.4389191934
 21
178.6677485349
 31
0.0
  0
LINE
  5
333
330
1F
100
AcDbEntity
  8
0
  6
Continuous
 62
     7
370
    25
100
AcDbLine
 10
326.4389191934
 20
178.6677485349
 30
0.0
 11
328.4389191934
 21
179.8224490733
 31
0.0
  0
LINE
  5
334
330
1F
100
AcDbEntity
  8
0
  6
Continuous
 62
     7
370
    25
100
AcDbLine
 10
328.4389191934
 20
179.8224490733
 30
0.0
 11
328.4389191934
 21
182.13185015
 31
0.0
  0
LINE
  5
335
330
1F
100
AcDbEntity
  8
0
  6
Continuous
 62
     7
370
    25
100
AcDbLine
 10
328.4389191934
 20
182.13185015
 30
0.0
 11
326.4389191934
 21
183.2865506884
 31
0.0
  0
LINE
  5
336
330
1F
100
AcDbEntity
  8
0
  6
Continuous
 62
     7
370
    25
100
AcDbLine
 10
332.4389191934
 20
183.2865506884
 30
0.0
 11
330.4389191934
 21
182.13185015
 31
0.0
  0
LINE
  5
337
330
1F
100
AcDbEntity
  8
0
  6
Continuous
 62
     7
370
    25
100
AcDbLine
 10
330.4389191934
 20
182.13185015
 30
0.0
 11
330.4389191934
 21
179.8224490733
 31
0.0
  0
LINE
  5
338
330
1F
100
AcDbEntity
  8
0
  6
Continuous
 62
     7
370
    25
100
AcDbLine
 10
330.4389191934
 20
179.8224490733
 30
0.0
 11
332.4389191934
 21
178.6677485349
 31
0.0
  0
LINE
  5
339
330
1F
100
AcDbEntity
  8
0
  6
Continuous
 62
     7
370
    25
100
AcDbLine
 10
332.4389191934
 20
178.6677485349
 30
0.0
 11
334.4389191934
 21
179.8224490733
 31
0.0
  0
LINE
  5
33A
330
1F
100
AcDbEntity
  8
0
  6
Continuous
 62
     7
370
    25
100
AcDbLine
 10
334.4389191934
 20
179.8224490733
 30
0.0
 11
334.4389191934
 21
182.13185015
 31
0.0
  0
LINE
  5
33B
330
1F
100
AcDbEntity
  8
0
  6
Continuous
 62
     7
370
    25
100
AcDbLine
 10
334.4389191934
 20
182.13185015
 30
0.0
 11
332.4389191934
 21
183.2865506884
 31
0.0
  0
LINE
  5
33C
330
1F
100
AcDbEntity
  8
0
  6
Continuous
 62
     7
370
    25
100
AcDbLine
 10
338.4389191934
 20
183.2865506884
 30
0.0
 11
336.4389191934
 21
182.13185015
 31
0.0
  0
LINE
  5
33D
330
1F
100
AcDbEntity
  8
0
  6
Continuous
 62
     7
370
    25
100
AcDbLine
 10
336.4389191934
 20
182.13185015
 30
0.0
 11
336.4389191934
 21
179.8224490733
 31
0.0
  0
LINE
  5
33E
330
1F
100
AcDbEntity
  8
0
  6
Continuous
 62
     7
370
    25
100
AcDbLine
 10
336.4389191934
 20
179.8224490733
 30
0.0
 11
338.4389191934
 21
178.6677485349
 31
0.0
  0
LINE
  5
33F
330
1F
100
AcDbEntity
  8
0
  6
Continuous
 62
     7
370
    25
100
AcDbLine
 10
338.4389191934
 20
178.6677485349
 30
0.0
 11
340.4389191934
 21
179.8224490733
 31
0.0
  0
LINE
  5
340
330
1F
100
AcDbEntity
  8
0
  6
Continuous
 62
     7
370
    25
100
AcDbLine
 10
340.4389191934
 20
179.8224490733
 30
0.0
 11
340.4389191934
 21
182.13185015
 31
0.0
  0
LINE
  5
341
330
1F
100
AcDbEntity
  8
0
  6
Continuous
 62
     7
370
    25
100
AcDbLine
 10
340.4389191934
 20
182.13185015
 30
0.0
 11
338.4389191934
 21
183.2865506884
 31
0.0
  0
LINE
  5
342
330
1F
100
AcDbEntity
  8
0
  6
Continuous
 62
     7
370
    25
100
AcDbLine
 10
344.4389191934
 20
183.2865506884
 30
0.0
 11
342.4389191934
 21
182.13185015
 31
0.0
  0
LINE
  5
343
330
1F
100
AcDbEntity
  8
0
  6
Continuous
 62
     7
370
    25
100
AcDbLine
 10
342.4389191934
 20
182.13185015
 30
0.0
 11
342.4389191934
 21
179.8224490733
 31
0.0
  0
LINE
  5
344
330
1F
100
AcDbEntity
  8
0
  6
Continuous
 62
     7
370
    25
100
AcDbLine
 10
342.4389191934
 20
179.8224490733
 30
0.0
 11
344.4389191934
 21
178.6677485349
 31
0.0
  0
LINE
  5
345
330
1F
100
AcDbEntity
  8
0
  6
Continuous
 62
     7
370
    25
100
AcDbLine
 10
344.4389191934
 20
178.6677485349
 30
0.0
 11
346.4389191934
 21
179.8224490733
 31
0.0
  0
LINE
  5
346
330
1F
100
AcDbEntity
  8
0
  6
Continuous
 62
     7
370
    25
100
AcDbLine
 10
346.4389191934
 20
179.8224490733
 30
0.0
 11
346.4389191934
 21
182.13185015
 31
0.0
  0
LINE
  5
347
330
1F
100
AcDbEntity
  8
0
  6
Continuous
 62
     7
370
    25
100
AcDbLine
 10
346.4389191934
 20
182.13185015
 30
0.0
 11
344.4389191934
 21
183.2865506884
 31
0.0
  0
LINE
  5
348
330
1F
100
AcDbEntity
  8
0
  6
Continuous
 62
     7
370
    25
100
AcDbLine
 10
350.4389191934
 20
183.2865506884
 30
0.0
 11
348.4389191934
 21
182.13185015
 31
0.0
  0
LINE
  5
349
330
1F
100
AcDbEntity
  8
0
  6
Continuous
 62
     7
370
    25
100
AcDbLine
 10
348.4389191934
 20
182.13185015
 30
0.0
 11
348.4389191934
 21
179.8224490733
 31
0.0
  0
LINE
  5
34A
330
1F
100
AcDbEntity
  8
0
  6
Continuous
 62
     7
370
    25
100
AcDbLine
 10
348.4389191934
 20
179.8224490733
 30
0.0
 11
350.4389191934
 21
178.6677485349
 31
0.0
  0
LINE
  5
34B
330
1F
100
AcDbEntity
  8
0
  6
Continuous
 62
     7
370
    25
100
AcDbLine
 10
350.4389191934
 20
178.6677485349
 30
0.0
 11
352.4389191934
 21
179.8224490733
 31
0.0
  0
LINE
  5
34C
330
1F
100
AcDbEntity
  8
0
  6
Continuous
 62
     7
370
    25
100
AcDbLine
 10
352.4389191934
 20
179.8224490733
 30
0.0
 11
352.4389191934
 21
182.13185015
 31
0.0
  0
LINE
  5
34D
330
1F
100
AcDbEntity
  8
0
  6
Continuous
 62
     7
370
    25
100
AcDbLine
 10
352.4389191934
 20
182.13185015
 30
0.0
 11
350.4389191934
 21
183.2865506884
 31
0.0
  0
LINE
  5
34E
330
1F
100
AcDbEntity
  8
0
  6
Continuous
 62
     7
370
    25
100
AcDbLine
 10
356.4389191934
 20
183.2865506884
 30
0.0
 11
354.4389191934
 21
182.13185015
 31
0.0
  0
LINE
  5
34F
330
1F
100
AcDbEntity
  8
0
  6
Continuous
 62
     7
370
    25
100
AcDbLine
 10
354.4389191934
 20
182.13185015
 30
0.0
 11
354.4389191934
 21
179.8224490733
 31
0.0
  0
LINE
  5
350
330
1F
100
AcDbEntity
  8
0
  6
Continuous
 62
     7
370
    25
100
AcDbLine
 10
354.4389191934
 20
179.8224490733
 30
0.0
 11
356.4389191934
 21
178.6677485349
 31
0.0
  0
LINE
  5
351
330
1F
100
AcDbEntity
  8
0
  6
Continuous
 62
     7
370
    25
100
AcDbLine
 10
356.4389191934
 20
178.6677485349
 30
0.0
 11
358.4389191934
 21
179.8224490733
 31
0.0
  0
LINE
  5
352
330
1F
100
AcDbEntity
  8
0
  6
Continuous
 62
     7
370
    25
100
AcDbLine
 10
358.4389191934
 20
179.8224490733
 30
0.0
 11
358.4389191934
 21
182.13185015
 31
0.0
  0
LINE
  5
353
330
1F
100
AcDbEntity
  8
0
  6
Continuous
 62
     7
370
    25
100
AcDbLine
 10
358.4389191934
 20
182.13185015
 30
0.0
 11
356.4389191934
 21
183.2865506884
 31
0.0
  0
LINE
  5
354
330
1F
100
AcDbEntity
  8
0
  6
Continuous
 62
     7
370
    25
100
AcDbLine
 10
314.3049116698
 20
193.3785414408
 30
0.0
 11
312.3049116698
 21
192.2238409024
 31
0.0
  0
LINE
  5
355
330
1F
100
AcDbEntity
  8
0
  6
Continuous
 62
     7
370
    25
100
AcDbLine
 10
312.3049116698
 20
192.2238409024
 30
0.0
 11
312.3049116698
 21
189.9144398257
 31
0.0
  0
LINE
  5
356
330
1F
100
AcDbEntity
  8
0
  6
Continuous
 62
     7
370
    25
100
AcDbLine
 10
312.3049116698
 20
189.9144398257
 30
0.0
 11
314.3049116698
 21
188.7597392873
 31
0.0
  0
LINE
  5
357
330
1F
100
AcDbEntity
  8
0
  6
Continuous
 62
     7
370
    25
100
AcDbLine
 10
314.3049116698
 20
188.7597392873
 30
0.0
 11
316.3049116698
 21
189.9144398257
 31
0.0
  0
LINE
  5
358
330
1F
100
AcDbEntity
  8
0
  6
Continuous
 62
     7
370
    25
100
AcDbLine
 10
316.3049116698
 20
189.9144398257
 30
0.0
 11
316.3049116698
 21
192.2238409024
 31
0.0
  0
LINE
  5
359
330
1F
100
AcDbEntity
  8
0
  6
Continuous
 62
     7
370
    25
100
AcDbLine
 10
316.3049116698
 20
192.2238409024
 30
0.0
 11
314.3049116698
 21
193.3785414408
 31
0.0
  0
LINE
  5
35A
330
1F
100
AcDbEntity
  8
0
  6
Continuous
 62
     7
370
    25
100
AcDbLine
 10
320.3049116698
 20
193.3785414408
 30
0.0
 11
318.3049116698
 21
192.2238409024
 31
0.0
  0
LINE
  5
35B
330
1F
100
AcDbEntity
  8
0
  6
Continuous
 62
     7
370
    25
100
AcDbLine
 10
318.3049116698
 20
192.2238409024
 30
0.0
 11
318.3049116698
 21
189.9144398257
 31
0.0
  0
LINE
  5
35C
330
1F
100
AcDbEntity
  8
0
  6
Continuous
 62
     7
370
    25
100
AcDbLine
 10
318.3049116698
 20
189.9144398257
 30
0.0
 11
320.3049116698
 21
188.7597392873
 31
0.0
  0
LINE
  5
35D
330
1F
100
AcDbEntity
  8
0
  6
Continuous
 62
     7
370
    25
100
AcDbLine
 10
320.3049116698
 20
188.7597392873
 30
0.0
 11
322.3049116698
 21
189.9144398257
 31
0.0
  0
LINE
  5
35E
330
1F
100
AcDbEntity
  8
0
  6
Continuous
 62
     7
370
    25
100
AcDbLine
 10
322.3049116698
 20
189.9144398257
 30
0.0
 11
322.3049116698
 21
192.2238409024
 31
0.0
  0
LINE
  5
35F
330
1F
100
AcDbEntity
  8
0
  6
Continuous
 62
     7
370
    25
100
AcDbLine
 10
322.3049116698
 20
192.2238409024
 30
0.0
 11
320.3049116698
 21
193.3785414408
 31
0.0
  0
LINE
  5
360
330
1F
100
AcDbEntity
  8
0
  6
Continuous
 62
     7
370
    25
100
AcDbLine
 10
326.3049116698
 20
193.3785414408
 30
0.0
 11
324.3049116698
 21
192.2238409024
 31
0.0
  0
LINE
  5
361
330
1F
100
AcDbEntity
  8
0
  6
Continuous
 62
     7
370
    25
100
AcDbLine
 10
324.3049116698
 20
192.2238409024
 30
0.0
 11
324.3049116698
 21
189.9144398257
 31
0.0
  0
LINE
  5
362
330
1F
100
AcDbEntity
  8
0
  6
Continuous
 62
     7
370
    25
100
AcDbLine
 10
324.3049116698
 20
189.9144398257
 30
0.0
 11
326.3049116698
 21
188.7597392873
 31
0.0
  0
LINE
  5
363
330
1F
100
AcDbEntity
  8
0
  6
Continuous
 62
     7
370
    25
100
AcDbLine
 10
326.3049116698
 20
188.7597392873
 30
0.0
 11
328.3049116698
 21
189.9144398257
 31
0.0
  0
LINE
  5
364
330
1F
100
AcDbEntity
  8
0
  6
Continuous
 62
     7
370
    25
100
AcDbLine
 10
328.3049116698
 20
189.9144398257
 30
0.0
 11
328.3049116698
 21
192.2238409024
 31
0.0
  0
LINE
  5
365
330
1F
100
AcDbEntity
  8
0
  6
Continuous
 62
     7
370
    25
100
AcDbLine
 10
328.3049116698
 20
192.2238409024
 30
0.0
 11
326.3049116698
 21
193.3785414408
 31
0.0
  0
LINE
  5
366
330
1F
100
AcDbEntity
  8
0
  6
Continuous
 62
     7
370
    25
100
AcDbLine
 10
332.3049116698
 20
193.3785414408
 30
0.0
 11
330.3049116698
 21
192.2238409024
 31
0.0
  0
LINE
  5
367
330
1F
100
AcDbEntity
  8
0
  6
Continuous
 62
     7
370
    25
100
AcDbLine
 10
330.3049116698
 20
192.2238409024
 30
0.0
 11
330.3049116698
 21
189.9144398257
 31
0.0
  0
LINE
  5
368
330
1F
100
AcDbEntity
  8
0
  6
Continuous
 62
     7
370
    25
100
AcDbLine
 10
330.3049116698
 20
189.9144398257
 30
0.0
 11
332.3049116698
 21
188.7597392873
 31
0.0
  0
LINE
  5
369
330
1F
100
AcDbEntity
  8
0
  6
Continuous
 62
     7
370
    25
100
AcDbLine
 10
332.3049116698
 20
188.7597392873
 30
0.0
 11
334.3049116698
 21
189.9144398257
 31
0.0
  0
LINE
  5
36A
330
1F
100
AcDbEntity
  8
0
  6
Continuous
 62
     7
370
    25
100
AcDbLine
 10
334.3049116698
 20
189.9144398257
 30
0.0
 11
334.3049116698
 21
192.2238409024
 31
0.0
  0
LINE
  5
36B
330
1F
100
AcDbEntity
  8
0
  6
Continuous
 62
     7
370
    25
100
AcDbLine
 10
334.3049116698
 20
192.2238409024
 30
0.0
 11
332.3049116698
 21
193.3785414408
 31
0.0
  0
LINE
  5
36C
330
1F
100
AcDbEntity
  8
0
  6
Continuous
 62
     7
370
    25
100
AcDbLine
 10
338.3049116698
 20
193.3785414408
 30
0.0
 11
336.3049116698
 21
192.2238409024
 31
0.0
  0
LINE
  5
36D
330
1F
100
AcDbEntity
  8
0
  6
Continuous
 62
     7
370
    25
100
AcDbLine
 10
336.3049116698
 20
192.2238409024
 30
0.0
 11
336.3049116698
 21
189.9144398257
 31
0.0
  0
LINE
  5
36E
330
1F
100
AcDbEntity
  8
0
  6
Continuous
 62
     7
370
    25
100
AcDbLine
 10
336.3049116698
 20
189.9144398257
 30
0.0
 11
338.3049116698
 21
188.7597392873
 31
0.0
  0
LINE
  5
36F
330
1F
100
AcDbEntity
  8
0
  6
Continuous
 62
     7
370
    25
100
AcDbLine
 10
338.3049116698
 20
188.7597392873
 30
0.0
 11
340.3049116698
 21
189.9144398257
 31
0.0
  0
LINE
  5
370
330
1F
100
AcDbEntity
  8
0
  6
Continuous
 62
     7
370
    25
100
AcDbLine
 10
340.3049116698
 20
189.9144398257
 30
0.0
 11
340.3049116698
 21
192.2238409024
 31
0.0
  0
LINE
  5
371
330
1F
100
AcDbEntity
  8
0
  6
Continuous
 62
     7
370
    25
100
AcDbLine
 10
340.3049116698
 20
192.2238409024
 30
0.0
 11
338.3049116698
 21
193.3785414408
 31
0.0
  0
LINE
  5
372
330
1F
100
AcDbEntity
  8
0
  6
Continuous
 62
     7
370
    25
100
AcDbLine
 10
344.3049116698
 20
193.3785414408
 30
0.0
 11
342.3049116698
 21
192.2238409024
 31
0.0
  0
LINE
  5
373
330
1F
100
AcDbEntity
  8
0
  6
Continuous
 62
     7
370
    25
100
AcDbLine
 10
342.3049116698
 20
192.2238409024
 30
0.0
 11
342.3049116698
 21
189.9144398257
 31
0.0
  0
LINE
  5
374
330
1F
100
AcDbEntity
  8
0
  6
Continuous
 62
     7
370
    25
100
AcDbLine
 10
342.3049116698
 20
189.9144398257
 30
0.0
 11
344.3049116698
 21
188.7597392873
 31
0.0
  0
LINE
  5
375
330
1F
100
AcDbEntity
  8
0
  6
Continuous
 62
     7
370
    25
100
AcDbLine
 10
344.3049116698
 20
188.7597392873
 30
0.0
 11
346.3049116698
 21
189.9144398257
 31
0.0
  0
LINE
  5
376
330
1F
100
AcDbEntity
  8
0
  6
Continuous
 62
     7
370
    25
100
AcDbLine
 10
346.3049116698
 20
189.9144398257
 30
0.0
 11
346.3049116698
 21
192.2238409024
 31
0.0
  0
LINE
  5
377
330
1F
100
AcDbEntity
  8
0
  6
Continuous
 62
     7
370
    25
100
AcDbLine
 10
346.3049116698
 20
192.2238409024
 30
0.0
 11
344.3049116698
 21
193.3785414408
 31
0.0
  0
LINE
  5
378
330
1F
100
AcDbEntity
  8
0
  6
Continuous
 62
     7
370
    25
100
AcDbLine
 10
350.3049116698
 20
193.3785414408
 30
0.0
 11
348.3049116698
 21
192.2238409024
 31
0.0
  0
LINE
  5
379
330
1F
100
AcDbEntity
  8
0
  6
Continuous
 62
     7
370
    25
100
AcDbLine
 10
348.3049116698
 20
192.2238409024
 30
0.0
 11
348.3049116698
 21
189.9144398257
 31
0.0
  0
LINE
  5
37A
330
1F
100
AcDbEntity
  8
0
  6
Continuous
 62
     7
370
    25
100
AcDbLine
 10
348.3049116698
 20
189.9144398257
 30
0.0
 11
350.3049116698
 21
188.7597392873
 31
0.0
  0
LINE
  5
37B
330
1F
100
AcDbEntity
  8
0
  6
Continuous
 62
     7
370
    25
100
AcDbLine
 10
350.3049116698
 20
188.7597392873
 30
0.0
 11
352.3049116698
 21
189.9144398257
 31
0.0
  0
LINE
  5
37C
330
1F
100
AcDbEntity
  8
0
  6
Continuous
 62
     7
370
    25
100
AcDbLine
 10
352.3049116698
 20
189.9144398257
 30
0.0
 11
352.3049116698
 21
192.2238409024
 31
0.0
  0
LINE
  5
37D
330
1F
100
AcDbEntity
  8
0
  6
Continuous
 62
     7
370
    25
100
AcDbLine
 10
352.3049116698
 20
192.2238409024
 30
0.0
 11
350.3049116698
 21
193.3785414408
 31
0.0
  0
LINE
  5
37E
330
1F
100
AcDbEntity
  8
0
  6
Continuous
 62
     7
370
    25
100
AcDbLine
 10
320.1709041463
 20
203.4705321932
 30
0.0
 11
318.1709041463
 21
202.3158316548
 31
0.0
  0
LINE
  5
37F
330
1F
100
AcDbEntity
  8
0
  6
Continuous
 62
     7
370
    25
100
AcDbLine
 10
318.1709041463
 20
202.3158316548
 30
0.0
 11
318.1709041463
 21
200.0064305781
 31
0.0
  0
LINE
  5
380
330
1F
100
AcDbEntity
  8
0
  6
Continuous
 62
     7
370
    25
100
AcDbLine
 10
318.1709041463
 20
200.0064305781
 30
0.0
 11
320.1709041463
 21
198.8517300397
 31
0.0
  0
LINE
  5
381
330
1F
100
AcDbEntity
  8
0
  6
Continuous
 62
     7
370
    25
100
AcDbLine
 10
320.1709041463
 20
198.8517300397
 30
0.0
 11
322.1709041463
 21
200.0064305781
 31
0.0
  0
LINE
  5
382
330
1F
100
AcDbEntity
  8
0
  6
Continuous
 62
     7
370
    25
100
AcDbLine
 10
322.1709041463
 20
200.0064305781
 30
0.0
 11
322.1709041463
 21
202.3158316548
 31
0.0
  0
LINE
  5
383
330
1F
100
AcDbEntity
  8
0
  6
Continuous
 62
     7
370
    25
100
AcDbLine
 10
322.1709041463
 20
202.3158316548
 30
0.0
 11
320.1709041463
 21
203.4705321932
 31
0.0
  0
LINE
  5
384
330
1F
100
AcDbEntity
  8
0
  6
Continuous
 62
     7
370
    25
100
AcDbLine
 10
326.1709041463
 20
203.4705321932
 30
0.0
 11
324.1709041463
 21
202.3158316548
 31
0.0
  0
LINE
  5
385
330
1F
100
AcDbEntity
  8
0
  6
Continuous
 62
     7
370
    25
100
AcDbLine
 10
324.1709041463
 20
202.3158316548
 30
0.0
 11
324.1709041463
 21
200.0064305781
 31
0.0
  0
LINE
  5
386
330
1F
100
AcDbEntity
  8
0
  6
Continuous
 62
     7
370
    25
100
AcDbLine
 10
324.1709041463
 20
200.0064305781
 30
0.0
 11
326.1709041463
 21
198.8517300397
 31
0.0
  0
LINE
  5
387
330
1F
100
AcDbEntity
  8
0
  6
Continuous
 62
     7
370
    25
100
AcDbLine
 10
326.1709041463
 20
198.8517300397
 30
0.0
 11
328.1709041463
 21
200.0064305781
 31
0.0
  0
LINE
  5
388
330
1F
100
AcDbEntity
  8
0
  6
Continuous
 62
     7
370
    25
100
AcDbLine
 10
328.1709041463
 20
200.0064305781
 30
0.0
 11
328.1709041463
 21
202.3158316548
 31
0.0
  0
LINE
  5
389
330
1F
100
AcDbEntity
  8
0
  6
Continuous
 62
     7
370
    25
100
AcDbLine
 10
328.1709041463
 20
202.3158316548
 30
0.0
 11
326.1709041463
 21
203.4705321932
 31
0.0
  0
LINE
  5
38A
330
1F
100
AcDbEntity
  8
0
  6
Continuous
 62
     7
370
    25
100
AcDbLine
 10
332.1709041463
 20
203.4705321932
 30
0.0
 11
330.1709041463
 21
202.3158316548
 31
0.0
  0
LINE
  5
38B
330
1F
100
AcDbEntity
  8
0
  6
Continuous
 62
     7
370
    25
100
AcDbLine
 10
330.1709041463
 20
202.3158316548
 30
0.0
 11
330.1709041463
 21
200.0064305781
 31
0.0
  0
LINE
  5
38C
330
1F
100
AcDbEntity
  8
0
  6
Continuous
 62
     7
370
    25
100
AcDbLine
 10
330.1709041463
 20
200.0064305781
 30
0.0
 11
332.1709041463
 21
198.8517300397
 31
0.0
  0
LINE
  5
38D
330
1F
100
AcDbEntity
  8
0
  6
Continuous
 62
     7
370
    25
100
AcDbLine
 10
332.1709041463
 20
198.8517300397
 30
0.0
 11
334.1709041463
 21
200.0064305781
 31
0.0
  0
LINE
  5
38E
330
1F
100
AcDbEntity
  8
0
  6
Continuous
 62
     7
370
    25
100
AcDbLine
 10
334.1709041463
 20
200.0064305781
 30
0.0
 11
334.1709041463
 21
202.3158316548
 31
0.0
  0
LINE
  5
38F
330
1F
100
AcDbEntity
  8
0
  6
Continuous
 62
     7
370
    25
100
AcDbLine
 10
334.1709041463
 20
202.3158316548
 30
0.0
 11
332.1709041463
 21
203.4705321932
 31
0.0
  0
LINE
  5
390
330
1F
100
AcDbEntity
  8
0
  6
Continuous
 62
     7
370
    25
100
AcDbLine
 10
338.1709041463
 20
203.4705321932
 30
0.0
 11
336.1709041463
 21
202.3158316548
 31
0.0
  0
LINE
  5
391
330
1F
100
AcDbEntity
  8
0
  6
Continuous
 62
     7
370
    25
100
AcDbLine
 10
336.1709041463
 20
202.3158316548
 30
0.0
 11
336.1709041463
 21
200.0064305781
 31
0.0
  0
LINE
  5
392
330
1F
100
AcDbEntity
  8
0
  6
Continuous
 62
     7
370
    25
100
AcDbLine
 10
336.1709041463
 20
200.0064305781
 30
0.0
 11
338.1709041463
 21
198.8517300397
 31
0.0
  0
LINE
  5
393
330
1F
100
AcDbEntity
  8
0
  6
Continuous
 62
     7
370
    25
100
AcDbLine
 10
338.1709041463
 20
198.8517300397
 30
0.0
 11
340.1709041463
 21
200.0064305781
 31
0.0
  0
LINE
  5
394
330
1F
100
AcDbEntity
  8
0
  6
Continuous
 62
     7
370
    25
100
AcDbLine
 10
340.1709041463
 20
200.0064305781
 30
0.0
 11
340.1709041463
 21
202.3158316548
 31
0.0
  0
LINE
  5
395
330
1F
100
AcDbEntity
  8
0
  6
Continuous
 62
     7
370
    25
100
AcDbLine
 10
340.1709041463
 20
202.3158316548
 30
0.0
 11
338.1709041463
 21
203.4705321932
 31
0.0
  0
LINE
  5
396
330
1F
100
AcDbEntity
  8
0
  6
Continuous
 62
     7
370
    25
100
AcDbLine
 10
344.1709041463
 20
203.4705321932
 30
0.0
 11
342.1709041463
 21
202.3158316548
 31
0.0
  0
LINE
  5
397
330
1F
100
AcDbEntity
  8
0
  6
Continuous
 62
     7
370
    25
100
AcDbLine
 10
342.1709041463
 20
202.3158316548
 30
0.0
 11
342.1709041463
 21
200.0064305781
 31
0.0
  0
LINE
  5
398
330
1F
100
AcDbEntity
  8
0
  6
Continuous
 62
     7
370
    25
100
AcDbLine
 10
342.1709041463
 20
200.0064305781
 30
0.0
 11
344.1709041463
 21
198.8517300397
 31
0.0
  0
LINE
  5
399
330
1F
100
AcDbEntity
  8
0
  6
Continuous
 62
     7
370
    25
100
AcDbLine
 10
344.1709041463
 20
198.8517300397
 30
0.0
 11
346.1709041463
 21
200.0064305781
 31
0.0
  0
LINE
  5
39A
330
1F
100
AcDbEntity
  8
0
  6
Continuous
 62
     7
370
    25
100
AcDbLine
 10
346.1709041463
 20
200.0064305781
 30
0.0
 11
346.1709041463
 21
202.3158316548
 31
0.0
  0
LINE
  5
39B
330
1F
100
AcDbEntity
  8
0
  6
Continuous
 62
     7
370
    25
100
AcDbLine
 10
346.1709041463
 20
202.3158316548
 30
0.0
 11
344.1709041463
 21
203.4705321932
 31
0.0
  0
LINE
  5
39C
330
1F
100
AcDbEntity
  8
0
  6
Continuous
 62
     7
370
    25
100
AcDbLine
 10
320.0368966228
 20
213.5625229456
 30
0.0
 11
318.0368966228
 21
212.4078224072
 31
0.0
  0
LINE
  5
39D
330
1F
100
AcDbEntity
  8
0
  6
Continuous
 62
     7
370
    25
100
AcDbLine
 10
318.0368966228
 20
212.4078224072
 30
0.0
 11
318.0368966228
 21
210.0984213305
 31
0.0
  0
LINE
  5
39E
330
1F
100
AcDbEntity
  8
0
  6
Continuous
 62
     7
370
    25
100
AcDbLine
 10
318.0368966228
 20
210.0984213305
 30
0.0
 11
320.0368966228
 21
208.9437207921
 31
0.0
  0
LINE
  5
39F
330
1F
100
AcDbEntity
  8
0
  6
Continuous
 62
     7
370
    25
100
AcDbLine
 10
320.0368966228
 20
208.9437207921
 30
0.0
 11
322.0368966228
 21
210.0984213305
 31
0.0
  0
LINE
  5
3A0
330
1F
100
AcDbEntity
  8
0
  6
Continuous
 62
     7
370
    25
100
AcDbLine
 10
322.0368966228
 20
210.0984213305
 30
0.0
 11
322.0368966228
 21
212.4078224072
 31
0.0
  0
LINE
  5
3A1
330
1F
100
AcDbEntity
  8
0
  6
Continuous
 62
     7
370
    25
100
AcDbLine
 10
322.0368966228
 20
212.4078224072
 30
0.0
 11
320.0368966228
 21
213.5625229456
 31
0.0
  0
LINE
  5
3A2
330
1F
100
AcDbEntity
  8
0
  6
Continuous
 62
     7
370
    25
100
AcDbLine
 10
326.0368966228
 20
213.5625229456
 30
0.0
 11
324.0368966228
 21
212.4078224072
 31
0.0
  0
LINE
  5
3A3
330
1F
100
AcDbEntity
  8
0
  6
Continuous
 62
     7
370
    25
100
AcDbLine
 10
324.0368966228
 20
212.4078224072
 30
0.0
 11
324.0368966228
 21
210.0984213305
 31
0.0
  0
LINE
  5
3A4
330
1F
100
AcDbEntity
  8
0
  6
Continuous
 62
     7
370
    25
100
AcDbLine
 10
324.0368966228
 20
210.0984213305
 30
0.0
 11
326.0368966228
 21
208.9437207921
 31
0.0
  0
LINE
  5
3A5
330
1F
100
AcDbEntity
  8
0
  6
Continuous
 62
     7
370
    25
100
AcDbLine
 10
326.0368966228
 20
208.9437207921
 30
0.0
 11
328.0368966228
 21
210.0984213305
 31
0.0
  0
LINE
  5
3A6
330
1F
100
AcDbEntity
  8
0
  6
Continuous
 62
     7
370
    25
100
AcDbLine
 10
328.0368966228
 20
210.0984213305
 30
0.0
 11
328.0368966228
 21
212.4078224072
 31
0.0
  0
LINE
  5
3A7
330
1F
100
AcDbEntity
  8
0
  6
Continuous
 62
     7
370
    25
100
AcDbLine
 10
328.0368966228
 20
212.4078224072
 30
0.0
 11
326.0368966228
 21
213.5625229456
 31
0.0
  0
LINE
  5
3A8
330
1F
100
AcDbEntity
  8
0
  6
Continuous
 62
     7
370
    25
100
AcDbLine
 10
332.0368966228
 20
213.5625229456
 30
0.0
 11
330.0368966228
 21
212.4078224072
 31
0.0
  0
LINE
  5
3A9
330
1F
100
AcDbEntity
  8
0
  6
Continuous
 62
     7
370
    25
100
AcDbLine
 10
330.0368966228
 20
212.4078224072
 30
0.0
 11
330.0368966228
 21
210.0984213305
 31
0.0
  0
LINE
  5
3AA
330
1F
100
AcDbEntity
  8
0
  6
Continuous
 62
     7
370
    25
100
AcDbLine
 10
330.0368966228
 20
210.0984213305
 30
0.0
 11
332.0368966228
 21
208.9437207921
 31
0.0
  0
LINE
  5
3AB
330
1F
100
AcDbEntity
  8
0
  6
Continuous
 62
     7
370
    25
100
AcDbLine
 10
332.0368966228
 20
208.9437207921
 30
0.0
 11
334.0368966228
 21
210.0984213305
 31
0.0
  0
LINE
  5
3AC
330
1F
100
AcDbEntity
  8
0
  6
Continuous
 62
     7
370
    25
100
AcDbLine
 10
334.0368966228
 20
210.0984213305
 30
0.0
 11
334.0368966228
 21
212.4078224072
 31
0.0
  0
LINE
  5
3AD
330
1F
100
AcDbEntity
  8
0
  6
Continuous
 62
     7
370
    25
100
AcDbLine
 10
334.0368966228
 20
212.4078224072
 30
0.0
 11
332.0368966228
 21
213.5625229456
 31
0.0
  0
LINE
  5
3AE
330
1F
100
AcDbEntity
  8
0
  6
Continuous
 62
     7
370
    25
100
AcDbLine
 10
338.0368966228
 20
213.5625229456
 30
0.0
 11
336.0368966228
 21
212.4078224072
 31
0.0
  0
LINE
  5
3AF
330
1F
100
AcDbEntity
  8
0
  6
Continuous
 62
     7
370
    25
100
AcDbLine
 10
336.0368966228
 20
212.4078224072
 30
0.0
 11
336.0368966228
 21
210.0984213305
 31
0.0
  0
LINE
  5
3B0
330
1F
100
AcDbEntity
  8
0
  6
Continuous
 62
     7
370
    25
100
AcDbLine
 10
336.0368966228
 20
210.0984213305
 30
0.0
 11
338.0368966228
 21
208.9437207921
 31
0.0
  0
LINE
  5
3B1
330
1F
100
AcDbEntity
  8
0
  6
Continuous
 62
     7
370
    25
100
AcDbLine
 10
338.0368966228
 20
208.9437207921
 30
0.0
 11
340.0368966228
 21
210.0984213305
 31
0.0
  0
LINE
  5
3B2
330
1F
100
AcDbEntity
  8
0
  6
Continuous
 62
     7
370
    25
100
AcDbLine
 10
340.0368966228
 20
210.0984213305
 30
0.0
 11
340.0368966228
 21
212.4078224072
 31
0.0
  0
LINE
  5
3B3
330
1F
100
AcDbEntity
  8
0
  6
Continuous
 62
     7
370
    25
100
AcDbLine
 10
340.0368966228
 20
212.4078224072
 30
0.0
 11
338.0368966228
 21
213.5625229456
 31
0.0
  0
LINE
  5
3B4
330
1F
100
AcDbEntity
  8
0
  6
Continuous
 62
     7
370
    25
100
AcDbLine
 10
344.0368966228
 20
213.5625229456
 30
0.0
 11
342.0368966228
 21
212.4078224072
 31
0.0
  0
LINE
  5
3B5
330
1F
100
AcDbEntity
  8
0
  6
Continuous
 62
     7
370
    25
100
AcDbLine
 10
342.0368966228
 20
212.4078224072
 30
0.0
 11
342.0368966228
 21
210.0984213305
 31
0.0
  0
LINE
  5
3B6
330
1F
100
AcDbEntity
  8
0
  6
Continuous
 62
     7
370
    25
100
AcDbLine
 10
342.0368966228
 20
210.0984213305
 30
0.0
 11
344.0368966228
 21
208.9437207921
 31
0.0
  0
LINE
  5
3B7
330
1F
100
AcDbEntity
  8
0
  6
Continuous
 62
     7
370
    25
100
AcDbLine
 10
344.0368966228
 20
208.9437207921
 30
0.0
 11
346.0368966228
 21
210.0984213305
 31
0.0
  0
LINE
  5
3B8
330
1F
100
AcDbEntity
  8
0
  6
Continuous
 62
     7
370
    25
100
AcDbLine
 10
346.0368966228
 20
210.0984213305
 30
0.0
 11
346.0368966228
 21
212.4078224072
 31
0.0
  0
LINE
  5
3B9
330
1F
100
AcDbEntity
  8
0
  6
Continuous
 62
     7
370
    25
100
AcDbLine
 10
346.0368966228
 20
212.4078224072
 30
0.0
 11
344.0368966228
 21
213.5625229456
 31
0.0
  0
LINE
  5
3BA
330
1F
100
AcDbEntity
  8
0
  6
Continuous
 62
     7
370
    25
100
AcDbLine
 10
313.9028890993
 20
223.654513698
 30
0.0
 11
311.9028890993
 21
222.4998131596
 31
0.0
  0
LINE
  5
3BB
330
1F
100
AcDbEntity
  8
0
  6
Continuous
 62
     7
370
    25
100
AcDbLine
 10
311.9028890993
 20
222.4998131596
 30
0.0
 11
311.9028890993
 21
220.1904120829
 31
0.0
  0
LINE
  5
3BC
330
1F
100
AcDbEntity
  8
0
  6
Continuous
 62
     7
370
    25
100
AcDbLine
 10
311.9028890993
 20
220.1904120829
 30
0.0
 11
313.9028890993
 21
219.0357115445
 31
0.0
  0
LINE
  5
3BD
330
1F
100
AcDbEntity
  8
0
  6
Continuous
 62
     7
370
    25
100
AcDbLine
 10
313.9028890993
 20
219.0357115445
 30
0.0
 11
315.9028890993
 21
220.1904120829
 31
0.0
  0
LINE
  5
3BE
330
1F
100
AcDbEntity
  8
0
  6
Continuous
 62
     7
370
    25
100
AcDbLine
 10
315.9028890993
 20
220.1904120829
 30
0.0
 11
315.9028890993
 21
222.4998131596
 31
0.0
  0
LINE
  5
3BF
330
1F
100
AcDbEntity
  8
0
  6
Continuous
 62
     7
370
    25
100
AcDbLine
 10
315.9028890993
 20
222.4998131596
 30
0.0
 11
313.9028890993
 21
223.654513698
 31
0.0
  0
LINE
  5
3C0
330
1F
100
AcDbEntity
  8
0
  6
Continuous
 62
     7
370
    25
100
AcDbLine
 10
319.9028890993
 20
223.654513698
 30
0.0
 11
317.9028890993
 21
222.4998131596
 31
0.0
  0
LINE
  5
3C1
330
1F
100
AcDbEntity
  8
0
  6
Continuous
 62
     7
370
    25
100
AcDbLine
 10
317.9028890993
 20
222.4998131596
 30
0.0
 11
317.9028890993
 21
220.1904120829
 31
0.0
  0
LINE
  5
3C2
330
1F
100
AcDbEntity
  8
0
  6
Continuous
 62
     7
370
    25
100
AcDbLine
 10
317.9028890993
 20
220.1904120829
 30
0.0
 11
319.9028890993
 21
219.0357115445
 31
0.0
  0
LINE
  5
3C3
330
1F
100
AcDbEntity
  8
0
  6
Continuous
 62
     7
370
    25
100
AcDbLine
 10
319.9028890993
 20
219.0357115445
 30
0.0
 11
321.9028890993
 21
220.1904120829
 31
0.0
  0
LINE
  5
3C4
330
1F
100
AcDbEntity
  8
0
  6
Continuous
 62
     7
370
    25
100
AcDbLine
 10
321.9028890993
 20
220.1904120829
 30
0.0
 11
321.9028890993
 21
222.4998131596
 31
0.0
  0
LINE
  5
3C5
330
1F
100
AcDbEntity
  8
0
  6
Continuous
 62
     7
370
    25
100
AcDbLine
 10
321.9028890993
 20
222.4998131596
 30
0.0
 11
319.9028890993
 21
223.654513698
 31
0.0
  0
LINE
  5
3C6
330
1F
100
AcDbEntity
  8
0
  6
Continuous
 62
     7
370
    25
100
AcDbLine
 10
325.9028890993
 20
223.654513698
 30
0.0
 11
323.9028890993
 21
222.4998131596
 31
0.0
  0
LINE
  5
3C7
330
1F
100
AcDbEntity
  8
0
  6
Continuous
 62
     7
370
    25
100
AcDbLine
 10
323.9028890993
 20
222.4998131596
 30
0.0
 11
323.9028890993
 21
220.1904120829
 31
0.0
  0
LINE
  5
3C8
330
1F
100
AcDbEntity
  8
0
  6
Continuous
 62
     7
370
    25
100
AcDbLine
 10
323.9028890993
 20
220.1904120829
 30
0.0
 11
325.9028890993
 21
219.0357115445
 31
0.0
  0
LINE
  5
3C9
330
1F
100
AcDbEntity
  8
0
  6
Continuous
 62
     7
370
    25
100
AcDbLine
 10
325.9028890993
 20
219.0357115445
 30
0.0
 11
327.9028890993
 21
220.1904120829
 31
0.0
  0
LINE
  5
3CA
330
1F
100
AcDbEntity
  8
0
  6
Continuous
 62
     7
370
    25
100
AcDbLine
 10
327.9028890993
 20
220.1904120829
 30
0.0
 11
327.9028890993
 21
222.4998131596
 31
0.0
  0
LINE
  5
3CB
330
1F
100
AcDbEntity
  8
0
  6
Continuous
 62
     7
370
    25
100
AcDbLine
 10
327.9028890993
 20
222.4998131596
 30
0.0
 11
325.9028890993
 21
223.654513698
 31
0.0
  0
LINE
  5
3CC
330
1F
100
AcDbEntity
  8
0
  6
Continuous
 62
     7
370
    25
100
AcDbLine
 10
331.9028890993
 20
223.654513698
 30
0.0
 11
329.9028890993
 21
222.4998131596
 31
0.0
  0
LINE
  5
3CD
330
1F
100
AcDbEntity
  8
0
  6
Continuous
 62
     7
370
    25
100
AcDbLine
 10
329.9028890993
 20
222.4998131596
 30
0.0
 11
329.9028890993
 21
220.1904120829
 31
0.0
  0
LINE
  5
3CE
330
1F
100
AcDbEntity
  8
0
  6
Continuous
 62
     7
370
    25
100
AcDbLine
 10
329.9028890993
 20
220.1904120829
 30
0.0
 11
331.9028890993
 21
219.0357115445
 31
0.0
  0
LINE
  5
3CF
330
1F
100
AcDbEntity
  8
0
  6
Continuous
 62
     7
370
    25
100
AcDbLine
 10
331.9028890993
 20
219.0357115445
 30
0.0
 11
333.9028890993
 21
220.1904120829
 31
0.0
  0
LINE
  5
3D0
330
1F
100
AcDbEntity
  8
0
  6
Continuous
 62
     7
370
    25
100
AcDbLine
 10
333.9028890993
 20
220.1904120829
 30
0.0
 11
333.9028890993
 21
222.4998131596
 31
0.0
  0
LINE
  5
3D1
330
1F
100
AcDbEntity
  8
0
  6
Continuous
 62
     7
370
    25
100
AcDbLine
 10
333.9028890993
 20
222.4998131596
 30
0.0
 11
331.9028890993
 21
223.654513698
 31
0.0
  0
LINE
  5
3D2
330
1F
100
AcDbEntity
  8
0
  6
Continuous
 62
     7
370
    25
100
AcDbLine
 10
337.9028890993
 20
223.654513698
 30
0.0
 11
335.9028890993
 21
222.4998131596
 31
0.0
  0
LINE
  5
3D3
330
1F
100
AcDbEntity
  8
0
  6
Continuous
 62
     7
370
    25
100
AcDbLine
 10
335.9028890993
 20
222.4998131596
 30
0.0
 11
335.9028890993
 21
220.1904120829
 31
0.0
  0
LINE
  5
3D4
330
1F
100
AcDbEntity
  8
0
  6
Continuous
 62
     7
370
    25
100
AcDbLine
 10
335.9028890993
 20
220.1904120829
 30
0.0
 11
337.9028890993
 21
219.0357115445
 31
0.0
  0
LINE
  5
3D5
330
1F
100
AcDbEntity
  8
0
  6
Continuous
 62
     7
370
    25
100
AcDbLine
 10
337.9028890993
 20
219.0357115445
 30
0.0
 11
339.9028890993
 21
220.1904120829
 31
0.0
  0
LINE
  5
3D6
330
1F
100
AcDbEntity
  8
0
  6
Continuous
 62
     7
370
    25
100
AcDbLine
 10
339.9028890993
 20
220.1904120829
 30
0.0
 11
339.9028890993
 21
222.4998131596
 31
0.0
  0
LINE
  5
3D7
330
1F
100
AcDbEntity
  8
0
  6
Continuous
 62
     7
370
    25
100
AcDbLine
 10
339.9028890993
 20
222.4998131596
 30
0.0
 11
337.9028890993
 21
223.654513698
 31
0.0
  0
LINE
  5
3D8
330
1F
100
AcDbEntity
  8
0
  6
Continuous
 62
     7
370
    25
100
AcDbLine
 10
343.9028890993
 20
223.654513698
 30
0.0
 11
341.9028890993
 21
222.4998131596
 31
0.0
  0
LINE
  5
3D9
330
1F
100
AcDbEntity
  8
0
  6
Continuous
 62
     7
370
    25
100
AcDbLine
 10
341.9028890993
 20
222.4998131596
 30
0.0
 11
341.9028890993
 21
220.1904120829
 31
0.0
  0
LINE
  5
3DA
330
1F
100
AcDbEntity
  8
0
  6
Continuous
 62
     7
370
    25
100
AcDbLine
 10
341.9028890993
 20
220.1904120829
 30
0.0
 11
343.9028890993
 21
219.0357115445
 31
0.0
  0
LINE
  5
3DB
330
1F
100
AcDbEntity
  8
0
  6
Continuous
 62
     7
370
    25
100
AcDbLine
 10
343.9028890993
 20
219.0357115445
 30
0.0
 11
345.9028890993
 21
220.1904120829
 31
0.0
  0
LINE
  5
3DC
330
1F
100
AcDbEntity
  8
0
  6
Continuous
 62
     7
370
    25
100
AcDbLine
 10
345.9028890993
 20
220.1904120829
 30
0.0
 11
345.9028890993
 21
222.4998131596
 31
0.0
  0
LINE
  5
3DD
330
1F
100
AcDbEntity
  8
0
  6
Continuous
 62
     7
370
    25
100
AcDbLine
 10
345.9028890993
 20
222.4998131596
 30
0.0
 11
343.9028890993
 21
223.654513698
 31
0.0
  0
LINE
  5
3DE
330
1F
100
AcDbEntity
  8
0
  6
Continuous
 62
     7
370
    25
100
AcDbLine
 10
349.9028890993
 20
223.654513698
 30
0.0
 11
347.9028890993
 21
222.4998131596
 31
0.0
  0
LINE
  5
3DF
330
1F
100
AcDbEntity
  8
0
  6
Continuous
 62
     7
370
    25
100
AcDbLine
 10
347.9028890993
 20
222.4998131596
 30
0.0
 11
347.9028890993
 21
220.1904120829
 31
0.0
  0
LINE
  5
3E0
330
1F
100
AcDbEntity
  8
0
  6
Continuous
 62
     7
370
    25
100
AcDbLine
 10
347.9028890993
 20
220.1904120829
 30
0.0
 11
349.9028890993
 21
219.0357115445
 31
0.0
  0
LINE
  5
3E1
330
1F
100
AcDbEntity
  8
0
  6
Continuous
 62
     7
370
    25
100
AcDbLine
 10
349.9028890993
 20
219.0357115445
 30
0.0
 11
351.9028890993
 21
220.1904120829
 31
0.0
  0
LINE
  5
3E2
330
1F
100
AcDbEntity
  8
0
  6
Continuous
 62
     7
370
    25
100
AcDbLine
 10
351.9028890993
 20
220.1904120829
 30
0.0
 11
351.9028890993
 21
222.4998131596
 31
0.0
  0
LINE
  5
3E3
330
1F
100
AcDbEntity
  8
0
  6
Continuous
 62
     7
370
    25
100
AcDbLine
 10
351.9028890993
 20
222.4998131596
 30
0.0
 11
349.9028890993
 21
223.654513698
 31
0.0
  0
LINE
  5
3E4
330
1F
100
AcDbEntity
  8
0
  6
Continuous
 62
     7
370
    25
100
AcDbLine
 10
313.7688815757
 20
233.7465044504
 30
0.0
 11
311.7688815757
 21
232.591803912
 31
0.0
  0
LINE
  5
3E5
330
1F
100
AcDbEntity
  8
0
  6
Continuous
 62
     7
370
    25
100
AcDbLine
 10
311.7688815757
 20
232.591803912
 30
0.0
 11
311.7688815757
 21
230.2824028353
 31
0.0
  0
LINE
  5
3E6
330
1F
100
AcDbEntity
  8
0
  6
Continuous
 62
     7
370
    25
100
AcDbLine
 10
311.7688815757
 20
230.2824028353
 30
0.0
 11
313.7688815757
 21
229.1277022969
 31
0.0
  0
LINE
  5
3E7
330
1F
100
AcDbEntity
  8
0
  6
Continuous
 62
     7
370
    25
100
AcDbLine
 10
313.7688815757
 20
229.1277022969
 30
0.0
 11
315.7688815757
 21
230.2824028353
 31
0.0
  0
LINE
  5
3E8
330
1F
100
AcDbEntity
  8
0
  6
Continuous
 62
     7
370
    25
100
AcDbLine
 10
315.7688815757
 20
230.2824028353
 30
0.0
 11
315.7688815757
 21
232.591803912
 31
0.0
  0
LINE
  5
3E9
330
1F
100
AcDbEntity
  8
0
  6
Continuous
 62
     7
370
    25
100
AcDbLine
 10
315.7688815757
 20
232.591803912
 30
0.0
 11
313.7688815757
 21
233.7465044504
 31
0.0
  0
LINE
  5
3EA
330
1F
100
AcDbEntity
  8
0
  6
Continuous
 62
     7
370
    25
100
AcDbLine
 10
319.7688815757
 20
233.7465044504
 30
0.0
 11
317.7688815757
 21
232.591803912
 31
0.0
  0
LINE
  5
3EB
330
1F
100
AcDbEntity
  8
0
  6
Continuous
 62
     7
370
    25
100
AcDbLine
 10
317.7688815757
 20
232.591803912
 30
0.0
 11
317.7688815757
 21
230.2824028353
 31
0.0
  0
LINE
  5
3EC
330
1F
100
AcDbEntity
  8
0
  6
Continuous
 62
     7
370
    25
100
AcDbLine
 10
317.7688815757
 20
230.2824028353
 30
0.0
 11
319.7688815757
 21
229.1277022969
 31
0.0
  0
LINE
  5
3ED
330
1F
100
AcDbEntity
  8
0
  6
Continuous
 62
     7
370
    25
100
AcDbLine
 10
319.7688815757
 20
229.1277022969
 30
0.0
 11
321.7688815757
 21
230.2824028353
 31
0.0
  0
LINE
  5
3EE
330
1F
100
AcDbEntity
  8
0
  6
Continuous
 62
     7
370
    25
100
AcDbLine
 10
321.7688815757
 20
230.2824028353
 30
0.0
 11
321.7688815757
 21
232.591803912
 31
0.0
  0
LINE
  5
3EF
330
1F
100
AcDbEntity
  8
0
  6
Continuous
 62
     7
370
    25
100
AcDbLine
 10
321.7688815757
 20
232.591803912
 30
0.0
 11
319.7688815757
 21
233.7465044504
 31
0.0
  0
LINE
  5
3F0
330
1F
100
AcDbEntity
  8
0
  6
Continuous
 62
     7
370
    25
100
AcDbLine
 10
343.7688815757
 20
233.7465044504
 30
0.0
 11
341.7688815757
 21
232.591803912
 31
0.0
  0
LINE
  5
3F1
330
1F
100
AcDbEntity
  8
0
  6
Continuous
 62
     7
370
    25
100
AcDbLine
 10
341.7688815757
 20
232.591803912
 30
0.0
 11
341.7688815757
 21
230.2824028353
 31
0.0
  0
LINE
  5
3F2
330
1F
100
AcDbEntity
  8
0
  6
Continuous
 62
     7
370
    25
100
AcDbLine
 10
341.7688815757
 20
230.2824028353
 30
0.0
 11
343.7688815757
 21
229.1277022969
 31
0.0
  0
LINE
  5
3F3
330
1F
100
AcDbEntity
  8
0
  6
Continuous
 62
     7
370
    25
100
AcDbLine
 10
343.7688815757
 20
229.1277022969
 30
0.0
 11
345.7688815757
 21
230.2824028353
 31
0.0
  0
LINE
  5
3F4
330
1F
100
AcDbEntity
  8
0
  6
Continuous
 62
     7
370
    25
100
AcDbLine
 10
345.7688815757
 20
230.2824028353
 30
0.0
 11
345.7688815757
 21
232.591803912
 31
0.0
  0
LINE
  5
3F5
330
1F
100
AcDbEntity
  8
0
  6
Continuous
 62
     7
370
    25
100
AcDbLine
 10
345.7688815757
 20
232.591803912
 30
0.0
 11
343.7688815757
 21
233.7465044504
 31
0.0
  0
LINE
  5
3F6
330
1F
100
AcDbEntity
  8
0
  6
Continuous
 62
     7
370
    25
100
AcDbLine
 10
349.7688815757
 20
233.7465044504
 30
0.0
 11
347.7688815757
 21
232.591803912
 31
0.0
  0
LINE
  5
3F7
330
1F
100
AcDbEntity
  8
0
  6
Continuous
 62
     7
370
    25
100
AcDbLine
 10
347.7688815757
 20
232.591803912
 30
0.0
 11
347.7688815757
 21
230.2824028353
 31
0.0
  0
LINE
  5
3F8
330
1F
100
AcDbEntity
  8
0
  6
Continuous
 62
     7
370
    25
100
AcDbLine
 10
347.7688815757
 20
230.2824028353
 30
0.0
 11
349.7688815757
 21
229.1277022969
 31
0.0
  0
LINE
  5
3F9
330
1F
100
AcDbEntity
  8
0
  6
Continuous
 62
     7
370
    25
100
AcDbLine
 10
349.7688815757
 20
229.1277022969
 30
0.0
 11
351.7688815757
 21
230.2824028353
 31
0.0
  0
LINE
  5
3FA
330
1F
100
AcDbEntity
  8
0
  6
Continuous
 62
     7
370
    25
100
AcDbLine
 10
351.7688815757
 20
230.2824028353
 30
0.0
 11
351.7688815757
 21
232.591803912
 31
0.0
  0
LINE
  5
3FB
330
1F
100
AcDbEntity
  8
0
  6
Continuous
 62
     7
370
    25
100
AcDbLine
 10
351.7688815757
 20
232.591803912
 30
0.0
 11
349.7688815757
 21
233.7465044504
 31
0.0
  0
LINE
  5
3FC
330
1F
100
AcDbEntity
  8
0
  6
Continuous
 62
     7
370
    25
100
AcDbLine
 10
305.4389191934
 20
188.4827031111
 30
0.0
 11
303.4389191934
 21
187.3280025728
 31
0.0
  0
LINE
  5
3FD
330
1F
100
AcDbEntity
  8
0
  6
Continuous
 62
     7
370
    25
100
AcDbLine
 10
303.4389191934
 20
187.3280025728
 30
0.0
 11
303.4389191934
 21
185.018601496
 31
0.0
  0
LINE
  5
3FE
330
1F
100
AcDbEntity
  8
0
  6
Continuous
 62
     7
370
    25
100
AcDbLine
 10
303.4389191934
 20
185.018601496
 30
0.0
 11
305.4389191934
 21
183.8639009576
 31
0.0
  0
LINE
  5
3FF
330
1F
100
AcDbEntity
  8
0
  6
Continuous
 62
     7
370
    25
100
AcDbLine
 10
305.4389191934
 20
183.8639009576
 30
0.0
 11
307.4389191934
 21
185.018601496
 31
0.0
  0
LINE
  5
400
330
1F
100
AcDbEntity
  8
0
  6
Continuous
 62
     7
370
    25
100
AcDbLine
 10
307.4389191934
 20
185.018601496
 30
0.0
 11
307.4389191934
 21
187.3280025728
 31
0.0
  0
LINE
  5
401
330
1F
100
AcDbEntity
  8
0
  6
Continuous
 62
     7
370
    25
100
AcDbLine
 10
307.4389191934
 20
187.3280025728
 30
0.0
 11
305.4389191934
 21
188.4827031111
 31
0.0
  0
LINE
  5
402
330
1F
100
AcDbEntity
  8
0
  6
Continuous
 62
     7
370
    25
100
AcDbLine
 10
311.4389191934
 20
188.4827031111
 30
0.0
 11
309.4389191934
 21
187.3280025728
 31
0.0
  0
LINE
  5
403
330
1F
100
AcDbEntity
  8
0
  6
Continuous
 62
     7
370
    25
100
AcDbLine
 10
309.4389191934
 20
187.3280025728
 30
0.0
 11
309.4389191934
 21
185.018601496
 31
0.0
  0
LINE
  5
404
330
1F
100
AcDbEntity
  8
0
  6
Continuous
 62
     7
370
    25
100
AcDbLine
 10
309.4389191934
 20
185.018601496
 30
0.0
 11
311.4389191934
 21
183.8639009576
 31
0.0
  0
LINE
  5
405
330
1F
100
AcDbEntity
  8
0
  6
Continuous
 62
     7
370
    25
100
AcDbLine
 10
311.4389191934
 20
183.8639009576
 30
0.0
 11
313.4389191934
 21
185.018601496
 31
0.0
  0
LINE
  5
406
330
1F
100
AcDbEntity
  8
0
  6
Continuous
 62
     7
370
    25
100
AcDbLine
 10
313.4389191934
 20
185.018601496
 30
0.0
 11
313.4389191934
 21
187.3280025728
 31
0.0
  0
LINE
  5
407
330
1F
100
AcDbEntity
  8
0
  6
Continuous
 62
     7
370
    25
100
AcDbLine
 10
313.4389191934
 20
187.3280025728
 30
0.0
 11
311.4389191934
 21
188.4827031111
 31
0.0
  0
LINE
  5
408
330
1F
100
AcDbEntity
  8
0
  6
Continuous
 62
     7
370
    25
100
AcDbLine
 10
317.4389191934
 20
188.4827031111
 30
0.0
 11
315.4389191934
 21
187.3280025728
 31
0.0
  0
LINE
  5
409
330
1F
100
AcDbEntity
  8
0
  6
Continuous
 62
     7
370
    25
100
AcDbLine
 10
315.4389191934
 20
187.3280025728
 30
0.0
 11
315.4389191934
 21
185.018601496
 31
0.0
  0
LINE
  5
40A
330
1F
100
AcDbEntity
  8
0
  6
Continuous
 62
     7
370
    25
100
AcDbLine
 10
315.4389191934
 20
185.018601496
 30
0.0
 11
317.4389191934
 21
183.8639009576
 31
0.0
  0
LINE
  5
40B
330
1F
100
AcDbEntity
  8
0
  6
Continuous
 62
     7
370
    25
100
AcDbLine
 10
317.4389191934
 20
183.8639009576
 30
0.0
 11
319.4389191934
 21
185.018601496
 31
0.0
  0
LINE
  5
40C
330
1F
100
AcDbEntity
  8
0
  6
Continuous
 62
     7
370
    25
100
AcDbLine
 10
319.4389191934
 20
185.018601496
 30
0.0
 11
319.4389191934
 21
187.3280025728
 31
0.0
  0
LINE
  5
40D
330
1F
100
AcDbEntity
  8
0
  6
Continuous
 62
     7
370
    25
100
AcDbLine
 10
319.4389191934
 20
187.3280025728
 30
0.0
 11
317.4389191934
 21
188.4827031111
 31
0.0
  0
LINE
  5
40E
330
1F
100
AcDbEntity
  8
0
  6
Continuous
 62
     7
370
    25
100
AcDbLine
 10
323.4389191934
 20
188.4827031111
 30
0.0
 11
321.4389191934
 21
187.3280025728
 31
0.0
  0
LINE
  5
40F
330
1F
100
AcDbEntity
  8
0
  6
Continuous
 62
     7
370
    25
100
AcDbLine
 10
321.4389191934
 20
187.3280025728
 30
0.0
 11
321.4389191934
 21
185.018601496
 31
0.0
  0
LINE
  5
410
330
1F
100
AcDbEntity
  8
0
  6
Continuous
 62
     7
370
    25
100
AcDbLine
 10
321.4389191934
 20
185.018601496
 30
0.0
 11
323.4389191934
 21
183.8639009576
 31
0.0
  0
LINE
  5
411
330
1F
100
AcDbEntity
  8
0
  6
Continuous
 62
     7
370
    25
100
AcDbLine
 10
323.4389191934
 20
183.8639009576
 30
0.0
 11
325.4389191934
 21
185.018601496
 31
0.0
  0
LINE
  5
412
330
1F
100
AcDbEntity
  8
0
  6
Continuous
 62
     7
370
    25
100
AcDbLine
 10
325.4389191934
 20
185.018601496
 30
0.0
 11
325.4389191934
 21
187.3280025728
 31
0.0
  0
LINE
  5
413
330
1F
100
AcDbEntity
  8
0
  6
Continuous
 62
     7
370
    25
100
AcDbLine
 10
325.4389191934
 20
187.3280025728
 30
0.0
 11
323.4389191934
 21
188.4827031111
 31
0.0
  0
LINE
  5
414
330
1F
100
AcDbEntity
  8
0
  6
Continuous
 62
     7
370
    25
100
AcDbLine
 10
329.4389191934
 20
188.4827031111
 30
0.0
 11
327.4389191934
 21
187.3280025728
 31
0.0
  0
LINE
  5
415
330
1F
100
AcDbEntity
  8
0
  6
Continuous
 62
     7
370
    25
100
AcDbLine
 10
327.4389191934
 20
187.3280025728
 30
0.0
 11
327.4389191934
 21
185.018601496
 31
0.0
  0
LINE
  5
416
330
1F
100
AcDbEntity
  8
0
  6
Continuous
 62
     7
370
    25
100
AcDbLine
 10
327.4389191934
 20
185.018601496
 30
0.0
 11
329.4389191934
 21
183.8639009576
 31
0.0
  0
LINE
  5
417
330
1F
100
AcDbEntity
  8
0
  6
Continuous
 62
     7
370
    25
100
AcDbLine
 10
329.4389191934
 20
183.8639009576
 30
0.0
 11
331.4389191934
 21
185.018601496
 31
0.0
  0
LINE
  5
418
330
1F
100
AcDbEntity
  8
0
  6
Continuous
 62
     7
370
    25
100
AcDbLine
 10
331.4389191934
 20
185.018601496
 30
0.0
 11
331.4389191934
 21
187.3280025728
 31
0.0
  0
LINE
  5
419
330
1F
100
AcDbEntity
  8
0
  6
Continuous
 62
     7
370
    25
100
AcDbLine
 10
331.4389191934
 20
187.3280025728
 30
0.0
 11
329.4389191934
 21
188.4827031111
 31
0.0
  0
LINE
  5
41A
330
1F
100
AcDbEntity
  8
0
  6
Continuous
 62
     7
370
    25
100
AcDbLine
 10
335.4389191934
 20
188.4827031111
 30
0.0
 11
333.4389191934
 21
187.3280025728
 31
0.0
  0
LINE
  5
41B
330
1F
100
AcDbEntity
  8
0
  6
Continuous
 62
     7
370
    25
100
AcDbLine
 10
333.4389191934
 20
187.3280025728
 30
0.0
 11
333.4389191934
 21
185.018601496
 31
0.0
  0
LINE
  5
41C
330
1F
100
AcDbEntity
  8
0
  6
Continuous
 62
     7
370
    25
100
AcDbLine
 10
333.4389191934
 20
185.018601496
 30
0.0
 11
335.4389191934
 21
183.8639009576
 31
0.0
  0
LINE
  5
41D
330
1F
100
AcDbEntity
  8
0
  6
Continuous
 62
     7
370
    25
100
AcDbLine
 10
335.4389191934
 20
183.8639009576
 30
0.0
 11
337.4389191934
 21
185.018601496
 31
0.0
  0
LINE
  5
41E
330
1F
100
AcDbEntity
  8
0
  6
Continuous
 62
     7
370
    25
100
AcDbLine
 10
337.4389191934
 20
185.018601496
 30
0.0
 11
337.4389191934
 21
187.3280025728
 31
0.0
  0
LINE
  5
41F
330
1F
100
AcDbEntity
  8
0
  6
Continuous
 62
     7
370
    25
100
AcDbLine
 10
337.4389191934
 20
187.3280025728
 30
0.0
 11
335.4389191934
 21
188.4827031111
 31
0.0
  0
LINE
  5
420
330
1F
100
AcDbEntity
  8
0
  6
Continuous
 62
     7
370
    25
100
AcDbLine
 10
341.4389191934
 20
188.4827031111
 30
0.0
 11
339.4389191934
 21
187.3280025728
 31
0.0
  0
LINE
  5
421
330
1F
100
AcDbEntity
  8
0
  6
Continuous
 62
     7
370
    25
100
AcDbLine
 10
339.4389191934
 20
187.3280025728
 30
0.0
 11
339.4389191934
 21
185.018601496
 31
0.0
  0
LINE
  5
422
330
1F
100
AcDbEntity
  8
0
  6
Continuous
 62
     7
370
    25
100
AcDbLine
 10
339.4389191934
 20
185.018601496
 30
0.0
 11
341.4389191934
 21
183.8639009576
 31
0.0
  0
LINE
  5
423
330
1F
100
AcDbEntity
  8
0
  6
Continuous
 62
     7
370
    25
100
AcDbLine
 10
341.4389191934
 20
183.8639009576
 30
0.0
 11
343.4389191934
 21
185.018601496
 31
0.0
  0
LINE
  5
424
330
1F
100
AcDbEntity
  8
0
  6
Continuous
 62
     7
370
    25
100
AcDbLine
 10
343.4389191934
 20
185.018601496
 30
0.0
 11
343.4389191934
 21
187.3280025728
 31
0.0
  0
LINE
  5
425
330
1F
100
AcDbEntity
  8
0
  6
Continuous
 62
     7
370
    25
100
AcDbLine
 10
343.4389191934
 20
187.3280025728
 30
0.0
 11
341.4389191934
 21
188.4827031111
 31
0.0
  0
LINE
  5
426
330
1F
100
AcDbEntity
  8
0
  6
Continuous
 62
     7
370
    25
100
AcDbLine
 10
347.4389191934
 20
188.4827031111
 30
0.0
 11
345.4389191934
 21
187.3280025728
 31
0.0
  0
LINE
  5
427
330
1F
100
AcDbEntity
  8
0
  6
Continuous
 62
     7
370
    25
100
AcDbLine
 10
345.4389191934
 20
187.3280025728
 30
0.0
 11
345.4389191934
 21
185.018601496
 31
0.0
  0
LINE
  5
428
330
1F
100
AcDbEntity
  8
0
  6
Continuous
 62
     7
370
    25
100
AcDbLine
 10
345.4389191934
 20
185.018601496
 30
0.0
 11
347.4389191934
 21
183.8639009576
 31
0.0
  0
LINE
  5
429
330
1F
100
AcDbEntity
  8
0
  6
Continuous
 62
     7
370
    25
100
AcDbLine
 10
347.4389191934
 20
183.8639009576
 30
0.0
 11
349.4389191934
 21
185.018601496
 31
0.0
  0
LINE
  5
42A
330
1F
100
AcDbEntity
  8
0
  6
Continuous
 62
     7
370
    25
100
AcDbLine
 10
349.4389191934
 20
185.018601496
 30
0.0
 11
349.4389191934
 21
187.3280025728
 31
0.0
  0
LINE
  5
42B
330
1F
100
AcDbEntity
  8
0
  6
Continuous
 62
     7
370
    25
100
AcDbLine
 10
349.4389191934
 20
187.3280025728
 30
0.0
 11
347.4389191934
 21
188.4827031111
 31
0.0
  0
LINE
  5
42C
330
1F
100
AcDbEntity
  8
0
  6
Continuous
 62
     7
370
    25
100
AcDbLine
 10
353.4389191934
 20
188.4827031111
 30
0.0
 11
351.4389191934
 21
187.3280025728
 31
0.0
  0
LINE
  5
42D
330
1F
100
AcDbEntity
  8
0
  6
Continuous
 62
     7
370
    25
100
AcDbLine
 10
351.4389191934
 20
187.3280025728
 30
0.0
 11
351.4389191934
 21
185.018601496
 31
0.0
  0
LINE
  5
42E
330
1F
100
AcDbEntity
  8
0
  6
Continuous
 62
     7
370
    25
100
AcDbLine
 10
351.4389191934
 20
185.018601496
 30
0.0
 11
353.4389191934
 21
183.8639009576
 31
0.0
  0
LINE
  5
42F
330
1F
100
AcDbEntity
  8
0
  6
Continuous
 62
     7
370
    25
100
AcDbLine
 10
353.4389191934
 20
183.8639009576
 30
0.0
 11
355.4389191934
 21
185.018601496
 31
0.0
  0
LINE
  5
430
330
1F
100
AcDbEntity
  8
0
  6
Continuous
 62
     7
370
    25
100
AcDbLine
 10
355.4389191934
 20
185.018601496
 30
0.0
 11
355.4389191934
 21
187.3280025728
 31
0.0
  0
LINE
  5
431
330
1F
100
AcDbEntity
  8
0
  6
Continuous
 62
     7
370
    25
100
AcDbLine
 10
355.4389191934
 20
187.3280025728
 30
0.0
 11
353.4389191934
 21
188.4827031111
 31
0.0
  0
LINE
  5
432
330
1F
100
AcDbEntity
  8
0
  6
Continuous
 62
     7
370
    25
100
AcDbLine
 10
359.4389191934
 20
188.4827031111
 30
0.0
 11
357.4389191934
 21
187.3280025728
 31
0.0
  0
LINE
  5
433
330
1F
100
AcDbEntity
  8
0
  6
Continuous
 62
     7
370
    25
100
AcDbLine
 10
357.4389191934
 20
187.3280025728
 30
0.0
 11
357.4389191934
 21
185.018601496
 31
0.0
  0
LINE
  5
434
330
1F
100
AcDbEntity
  8
0
  6
Continuous
 62
     7
370
    25
100
AcDbLine
 10
357.4389191934
 20
185.018601496
 30
0.0
 11
359.4389191934
 21
183.8639009576
 31
0.0
  0
LINE
  5
435
330
1F
100
AcDbEntity
  8
0
  6
Continuous
 62
     7
370
    25
100
AcDbLine
 10
359.4389191934
 20
183.8639009576
 30
0.0
 11
361.4389191934
 21
185.018601496
 31
0.0
  0
LINE
  5
436
330
1F
100
AcDbEntity
  8
0
  6
Continuous
 62
     7
370
    25
100
AcDbLine
 10
361.4389191934
 20
185.018601496
 30
0.0
 11
361.4389191934
 21
187.3280025728
 31
0.0
  0
LINE
  5
437
330
1F
100
AcDbEntity
  8
0
  6
Continuous
 62
     7
370
    25
100
AcDbLine
 10
361.4389191934
 20
187.3280025728
 30
0.0
 11
359.4389191934
 21
188.4827031111
 31
0.0
  0
LINE
  5
438
330
1F
100
AcDbEntity
  8
0
  6
Continuous
 62
     7
370
    25
100
AcDbLine
 10
323.3049116698
 20
198.5746938635
 30
0.0
 11
321.3049116698
 21
197.4199933251
 31
0.0
  0
LINE
  5
439
330
1F
100
AcDbEntity
  8
0
  6
Continuous
 62
     7
370
    25
100
AcDbLine
 10
321.3049116698
 20
197.4199933251
 30
0.0
 11
321.3049116698
 21
195.1105922484
 31
0.0
  0
LINE
  5
43A
330
1F
100
AcDbEntity
  8
0
  6
Continuous
 62
     7
370
    25
100
AcDbLine
 10
321.3049116698
 20
195.1105922484
 30
0.0
 11
323.3049116698
 21
193.95589171
 31
0.0
  0
LINE
  5
43B
330
1F
100
AcDbEntity
  8
0
  6
Continuous
 62
     7
370
    25
100
AcDbLine
 10
323.3049116698
 20
193.95589171
 30
0.0
 11
325.3049116698
 21
195.1105922484
 31
0.0
  0
LINE
  5
43C
330
1F
100
AcDbEntity
  8
0
  6
Continuous
 62
     7
370
    25
100
AcDbLine
 10
325.3049116698
 20
195.1105922484
 30
0.0
 11
325.3049116698
 21
197.4199933251
 31
0.0
  0
LINE
  5
43D
330
1F
100
AcDbEntity
  8
0
  6
Continuous
 62
     7
370
    25
100
AcDbLine
 10
325.3049116698
 20
197.4199933251
 30
0.0
 11
323.3049116698
 21
198.5746938635
 31
0.0
  0
LINE
  5
43E
330
1F
100
AcDbEntity
  8
0
  6
Continuous
 62
     7
370
    25
100
AcDbLine
 10
329.3049116698
 20
198.5746938635
 30
0.0
 11
327.3049116698
 21
197.4199933251
 31
0.0
  0
LINE
  5
43F
330
1F
100
AcDbEntity
  8
0
  6
Continuous
 62
     7
370
    25
100
AcDbLine
 10
327.3049116698
 20
197.4199933251
 30
0.0
 11
327.3049116698
 21
195.1105922484
 31
0.0
  0
LINE
  5
440
330
1F
100
AcDbEntity
  8
0
  6
Continuous
 62
     7
370
    25
100
AcDbLine
 10
327.3049116698
 20
195.1105922484
 30
0.0
 11
329.3049116698
 21
193.95589171
 31
0.0
  0
LINE
  5
441
330
1F
100
AcDbEntity
  8
0
  6
Continuous
 62
     7
370
    25
100
AcDbLine
 10
329.3049116698
 20
193.95589171
 30
0.0
 11
331.3049116698
 21
195.1105922484
 31
0.0
  0
LINE
  5
442
330
1F
100
AcDbEntity
  8
0
  6
Continuous
 62
     7
370
    25
100
AcDbLine
 10
331.3049116698
 20
195.1105922484
 30
0.0
 11
331.3049116698
 21
197.4199933251
 31
0.0
  0
LINE
  5
443
330
1F
100
AcDbEntity
  8
0
  6
Continuous
 62
     7
370
    25
100
AcDbLine
 10
331.3049116698
 20
197.4199933251
 30
0.0
 11
329.3049116698
 21
198.5746938635
 31
0.0
  0
LINE
  5
444
330
1F
100
AcDbEntity
  8
0
  6
Continuous
 62
     7
370
    25
100
AcDbLine
 10
335.3049116698
 20
198.5746938635
 30
0.0
 11
333.3049116698
 21
197.4199933251
 31
0.0
  0
LINE
  5
445
330
1F
100
AcDbEntity
  8
0
  6
Continuous
 62
     7
370
    25
100
AcDbLine
 10
333.3049116698
 20
197.4199933251
 30
0.0
 11
333.3049116698
 21
195.1105922484
 31
0.0
  0
LINE
  5
446
330
1F
100
AcDbEntity
  8
0
  6
Continuous
 62
     7
370
    25
100
AcDbLine
 10
333.3049116698
 20
195.1105922484
 30
0.0
 11
335.3049116698
 21
193.95589171
 31
0.0
  0
LINE
  5
447
330
1F
100
AcDbEntity
  8
0
  6
Continuous
 62
     7
370
    25
100
AcDbLine
 10
335.3049116698
 20
193.95589171
 30
0.0
 11
337.3049116698
 21
195.1105922484
 31
0.0
  0
LINE
  5
448
330
1F
100
AcDbEntity
  8
0
  6
Continuous
 62
     7
370
    25
100
AcDbLine
 10
337.3049116698
 20
195.1105922484
 30
0.0
 11
337.3049116698
 21
197.4199933251
 31
0.0
  0
LINE
  5
449
330
1F
100
AcDbEntity
  8
0
  6
Continuous
 62
     7
370
    25
100
AcDbLine
 10
337.3049116698
 20
197.4199933251
 30
0.0
 11
335.3049116698
 21
198.5746938635
 31
0.0
  0
LINE
  5
44A
330
1F
100
AcDbEntity
  8
0
  6
Continuous
 62
     7
370
    25
100
AcDbLine
 10
341.3049116698
 20
198.5746938635
 30
0.0
 11
339.3049116698
 21
197.4199933251
 31
0.0
  0
LINE
  5
44B
330
1F
100
AcDbEntity
  8
0
  6
Continuous
 62
     7
370
    25
100
AcDbLine
 10
339.3049116698
 20
197.4199933251
 30
0.0
 11
339.3049116698
 21
195.1105922484
 31
0.0
  0
LINE
  5
44C
330
1F
100
AcDbEntity
  8
0
  6
Continuous
 62
     7
370
    25
100
AcDbLine
 10
339.3049116698
 20
195.1105922484
 30
0.0
 11
341.3049116698
 21
193.95589171
 31
0.0
  0
LINE
  5
44D
330
1F
100
AcDbEntity
  8
0
  6
Continuous
 62
     7
370
    25
100
AcDbLine
 10
341.3049116698
 20
193.95589171
 30
0.0
 11
343.3049116698
 21
195.1105922484
 31
0.0
  0
LINE
  5
44E
330
1F
100
AcDbEntity
  8
0
  6
Continuous
 62
     7
370
    25
100
AcDbLine
 10
343.3049116698
 20
195.1105922484
 30
0.0
 11
343.3049116698
 21
197.4199933251
 31
0.0
  0
LINE
  5
44F
330
1F
100
AcDbEntity
  8
0
  6
Continuous
 62
     7
370
    25
100
AcDbLine
 10
343.3049116698
 20
197.4199933251
 30
0.0
 11
341.3049116698
 21
198.5746938635
 31
0.0
  0
LINE
  5
450
330
1F
100
AcDbEntity
  8
0
  6
Continuous
 62
     7
370
    25
100
AcDbLine
 10
323.1709041463
 20
208.6666846159
 30
0.0
 11
321.1709041463
 21
207.5119840775
 31
0.0
  0
LINE
  5
451
330
1F
100
AcDbEntity
  8
0
  6
Continuous
 62
     7
370
    25
100
AcDbLine
 10
321.1709041463
 20
207.5119840775
 30
0.0
 11
321.1709041463
 21
205.2025830008
 31
0.0
  0
LINE
  5
452
330
1F
100
AcDbEntity
  8
0
  6
Continuous
 62
     7
370
    25
100
AcDbLine
 10
321.1709041463
 20
205.2025830008
 30
0.0
 11
323.1709041463
 21
204.0478824624
 31
0.0
  0
LINE
  5
453
330
1F
100
AcDbEntity
  8
0
  6
Continuous
 62
     7
370
    25
100
AcDbLine
 10
323.1709041463
 20
204.0478824624
 30
0.0
 11
325.1709041463
 21
205.2025830008
 31
0.0
  0
LINE
  5
454
330
1F
100
AcDbEntity
  8
0
  6
Continuous
 62
     7
370
    25
100
AcDbLine
 10
325.1709041463
 20
205.2025830008
 30
0.0
 11
325.1709041463
 21
207.5119840775
 31
0.0
  0
LINE
  5
455
330
1F
100
AcDbEntity
  8
0
  6
Continuous
 62
     7
370
    25
100
AcDbLine
 10
325.1709041463
 20
207.5119840775
 30
0.0
 11
323.1709041463
 21
208.6666846159
 31
0.0
  0
LINE
  5
456
330
1F
100
AcDbEntity
  8
0
  6
Continuous
 62
     7
370
    25
100
AcDbLine
 10
329.1709041463
 20
208.6666846159
 30
0.0
 11
327.1709041463
 21
207.5119840775
 31
0.0
  0
LINE
  5
457
330
1F
100
AcDbEntity
  8
0
  6
Continuous
 62
     7
370
    25
100
AcDbLine
 10
327.1709041463
 20
207.5119840775
 30
0.0
 11
327.1709041463
 21
205.2025830008
 31
0.0
  0
LINE
  5
458
330
1F
100
AcDbEntity
  8
0
  6
Continuous
 62
     7
370
    25
100
AcDbLine
 10
327.1709041463
 20
205.2025830008
 30
0.0
 11
329.1709041463
 21
204.0478824624
 31
0.0
  0
LINE
  5
459
330
1F
100
AcDbEntity
  8
0
  6
Continuous
 62
     7
370
    25
100
AcDbLine
 10
329.1709041463
 20
204.0478824624
 30
0.0
 11
331.1709041463
 21
205.2025830008
 31
0.0
  0
LINE
  5
45A
330
1F
100
AcDbEntity
  8
0
  6
Continuous
 62
     7
370
    25
100
AcDbLine
 10
331.1709041463
 20
205.2025830008
 30
0.0
 11
331.1709041463
 21
207.5119840775
 31
0.0
  0
LINE
  5
45B
330
1F
100
AcDbEntity
  8
0
  6
Continuous
 62
     7
370
    25
100
AcDbLine
 10
331.1709041463
 20
207.5119840775
 30
0.0
 11
329.1709041463
 21
208.6666846159
 31
0.0
  0
LINE
  5
45C
330
1F
100
AcDbEntity
  8
0
  6
Continuous
 62
     7
370
    25
100
AcDbLine
 10
335.1709041463
 20
208.6666846159
 30
0.0
 11
333.1709041463
 21
207.5119840775
 31
0.0
  0
LINE
  5
45D
330
1F
100
AcDbEntity
  8
0
  6
Continuous
 62
     7
370
    25
100
AcDbLine
 10
333.1709041463
 20
207.5119840775
 30
0.0
 11
333.1709041463
 21
205.2025830008
 31
0.0
  0
LINE
  5
45E
330
1F
100
AcDbEntity
  8
0
  6
Continuous
 62
     7
370
    25
100
AcDbLine
 10
333.1709041463
 20
205.2025830008
 30
0.0
 11
335.1709041463
 21
204.0478824624
 31
0.0
  0
LINE
  5
45F
330
1F
100
AcDbEntity
  8
0
  6
Continuous
 62
     7
370
    25
100
AcDbLine
 10
335.1709041463
 20
204.0478824624
 30
0.0
 11
337.1709041463
 21
205.2025830008
 31
0.0
  0
LINE
  5
460
330
1F
100
AcDbEntity
  8
0
  6
Continuous
 62
     7
370
    25
100
AcDbLine
 10
337.1709041463
 20
205.2025830008
 30
0.0
 11
337.1709041463
 21
207.5119840775
 31
0.0
  0
LINE
  5
461
330
1F
100
AcDbEntity
  8
0
  6
Continuous
 62
     7
370
    25
100
AcDbLine
 10
337.1709041463
 20
207.5119840775
 30
0.0
 11
335.1709041463
 21
208.6666846159
 31
0.0
  0
LINE
  5
462
330
1F
100
AcDbEntity
  8
0
  6
Continuous
 62
     7
370
    25
100
AcDbLine
 10
341.1709041463
 20
208.6666846159
 30
0.0
 11
339.1709041463
 21
207.5119840775
 31
0.0
  0
LINE
  5
463
330
1F
100
AcDbEntity
  8
0
  6
Continuous
 62
     7
370
    25
100
AcDbLine
 10
339.1709041463
 20
207.5119840775
 30
0.0
 11
339.1709041463
 21
205.2025830008
 31
0.0
  0
LINE
  5
464
330
1F
100
AcDbEntity
  8
0
  6
Continuous
 62
     7
370
    25
100
AcDbLine
 10
339.1709041463
 20
205.2025830008
 30
0.0
 11
341.1709041463
 21
204.0478824624
 31
0.0
  0
LINE
  5
465
330
1F
100
AcDbEntity
  8
0
  6
Continuous
 62
     7
370
    25
100
AcDbLine
 10
341.1709041463
 20
204.0478824624
 30
0.0
 11
343.1709041463
 21
205.2025830008
 31
0.0
  0
LINE
  5
466
330
1F
100
AcDbEntity
  8
0
  6
Continuous
 62
     7
370
    25
100
AcDbLine
 10
343.1709041463
 20
205.2025830008
 30
0.0
 11
343.1709041463
 21
207.5119840775
 31
0.0
  0
LINE
  5
467
330
1F
100
AcDbEntity
  8
0
  6
Continuous
 62
     7
370
    25
100
AcDbLine
 10
343.1709041463
 20
207.5119840775
 30
0.0
 11
341.1709041463
 21
208.6666846159
 31
0.0
  0
LINE
  5
468
330
1F
100
AcDbEntity
  8
0
  6
Continuous
 62
     7
370
    25
100
AcDbLine
 10
305.0368966228
 20
218.7586753683
 30
0.0
 11
303.0368966228
 21
217.6039748299
 31
0.0
  0
LINE
  5
469
330
1F
100
AcDbEntity
  8
0
  6
Continuous
 62
     7
370
    25
100
AcDbLine
 10
303.0368966228
 20
217.6039748299
 30
0.0
 11
303.0368966228
 21
215.2945737532
 31
0.0
  0
LINE
  5
46A
330
1F
100
AcDbEntity
  8
0
  6
Continuous
 62
     7
370
    25
100
AcDbLine
 10
303.0368966228
 20
215.2945737532
 30
0.0
 11
305.0368966228
 21
214.1398732148
 31
0.0
  0
LINE
  5
46B
330
1F
100
AcDbEntity
  8
0
  6
Continuous
 62
     7
370
    25
100
AcDbLine
 10
305.0368966228
 20
214.1398732148
 30
0.0
 11
307.0368966228
 21
215.2945737532
 31
0.0
  0
LINE
  5
46C
330
1F
100
AcDbEntity
  8
0
  6
Continuous
 62
     7
370
    25
100
AcDbLine
 10
307.0368966228
 20
215.2945737532
 30
0.0
 11
307.0368966228
 21
217.6039748299
 31
0.0
  0
LINE
  5
46D
330
1F
100
AcDbEntity
  8
0
  6
Continuous
 62
     7
370
    25
100
AcDbLine
 10
307.0368966228
 20
217.6039748299
 30
0.0
 11
305.0368966228
 21
218.7586753683
 31
0.0
  0
LINE
  5
46E
330
1F
100
AcDbEntity
  8
0
  6
Continuous
 62
     7
370
    25
100
AcDbLine
 10
311.0368966228
 20
218.7586753683
 30
0.0
 11
309.0368966228
 21
217.6039748299
 31
0.0
  0
LINE
  5
46F
330
1F
100
AcDbEntity
  8
0
  6
Continuous
 62
     7
370
    25
100
AcDbLine
 10
309.0368966228
 20
217.6039748299
 30
0.0
 11
309.0368966228
 21
215.2945737532
 31
0.0
  0
LINE
  5
470
330
1F
100
AcDbEntity
  8
0
  6
Continuous
 62
     7
370
    25
100
AcDbLine
 10
309.0368966228
 20
215.2945737532
 30
0.0
 11
311.0368966228
 21
214.1398732148
 31
0.0
  0
LINE
  5
471
330
1F
100
AcDbEntity
  8
0
  6
Continuous
 62
     7
370
    25
100
AcDbLine
 10
311.0368966228
 20
214.1398732148
 30
0.0
 11
313.0368966228
 21
215.2945737532
 31
0.0
  0
LINE
  5
472
330
1F
100
AcDbEntity
  8
0
  6
Continuous
 62
     7
370
    25
100
AcDbLine
 10
313.0368966228
 20
215.2945737532
 30
0.0
 11
313.0368966228
 21
217.6039748299
 31
0.0
  0
LINE
  5
473
330
1F
100
AcDbEntity
  8
0
  6
Continuous
 62
     7
370
    25
100
AcDbLine
 10
313.0368966228
 20
217.6039748299
 30
0.0
 11
311.0368966228
 21
218.7586753683
 31
0.0
  0
LINE
  5
474
330
1F
100
AcDbEntity
  8
0
  6
Continuous
 62
     7
370
    25
100
AcDbLine
 10
317.0368966228
 20
218.7586753683
 30
0.0
 11
315.0368966228
 21
217.6039748299
 31
0.0
  0
LINE
  5
475
330
1F
100
AcDbEntity
  8
0
  6
Continuous
 62
     7
370
    25
100
AcDbLine
 10
315.0368966228
 20
217.6039748299
 30
0.0
 11
315.0368966228
 21
215.2945737532
 31
0.0
  0
LINE
  5
476
330
1F
100
AcDbEntity
  8
0
  6
Continuous
 62
     7
370
    25
100
AcDbLine
 10
315.0368966228
 20
215.2945737532
 30
0.0
 11
317.0368966228
 21
214.1398732148
 31
0.0
  0
LINE
  5
477
330
1F
100
AcDbEntity
  8
0
  6
Continuous
 62
     7
370
    25
100
AcDbLine
 10
317.0368966228
 20
214.1398732148
 30
0.0
 11
319.0368966228
 21
215.2945737532
 31
0.0
  0
LINE
  5
478
330
1F
100
AcDbEntity
  8
0
  6
Continuous
 62
     7
370
    25
100
AcDbLine
 10
319.0368966228
 20
215.2945737532
 30
0.0
 11
319.0368966228
 21
217.6039748299
 31
0.0
  0
LINE
  5
479
330
1F
100
AcDbEntity
  8
0
  6
Continuous
 62
     7
370
    25
100
AcDbLine
 10
319.0368966228
 20
217.6039748299
 30
0.0
 11
317.0368966228
 21
218.7586753683
 31
0.0
  0
LINE
  5
47A
330
1F
100
AcDbEntity
  8
0
  6
Continuous
 62
     7
370
    25
100
AcDbLine
 10
323.0368966228
 20
218.7586753683
 30
0.0
 11
321.0368966228
 21
217.6039748299
 31
0.0
  0
LINE
  5
47B
330
1F
100
AcDbEntity
  8
0
  6
Continuous
 62
     7
370
    25
100
AcDbLine
 10
321.0368966228
 20
217.6039748299
 30
0.0
 11
321.0368966228
 21
215.2945737532
 31
0.0
  0
LINE
  5
47C
330
1F
100
AcDbEntity
  8
0
  6
Continuous
 62
     7
370
    25
100
AcDbLine
 10
321.0368966228
 20
215.2945737532
 30
0.0
 11
323.0368966228
 21
214.1398732148
 31
0.0
  0
LINE
  5
47D
330
1F
100
AcDbEntity
  8
0
  6
Continuous
 62
     7
370
    25
100
AcDbLine
 10
323.0368966228
 20
214.1398732148
 30
0.0
 11
325.0368966228
 21
215.2945737532
 31
0.0
  0
LINE
  5
47E
330
1F
100
AcDbEntity
  8
0
  6
Continuous
 62
     7
370
    25
100
AcDbLine
 10
325.0368966228
 20
215.2945737532
 30
0.0
 11
325.0368966228
 21
217.6039748299
 31
0.0
  0
LINE
  5
47F
330
1F
100
AcDbEntity
  8
0
  6
Continuous
 62
     7
370
    25
100
AcDbLine
 10
325.0368966228
 20
217.6039748299
 30
0.0
 11
323.0368966228
 21
218.7586753683
 31
0.0
  0
LINE
  5
480
330
1F
100
AcDbEntity
  8
0
  6
Continuous
 62
     7
370
    25
100
AcDbLine
 10
329.0368966228
 20
218.7586753683
 30
0.0
 11
327.0368966228
 21
217.6039748299
 31
0.0
  0
LINE
  5
481
330
1F
100
AcDbEntity
  8
0
  6
Continuous
 62
     7
370
    25
100
AcDbLine
 10
327.0368966228
 20
217.6039748299
 30
0.0
 11
327.0368966228
 21
215.2945737532
 31
0.0
  0
LINE
  5
482
330
1F
100
AcDbEntity
  8
0
  6
Continuous
 62
     7
370
    25
100
AcDbLine
 10
327.0368966228
 20
215.2945737532
 30
0.0
 11
329.0368966228
 21
214.1398732148
 31
0.0
  0
LINE
  5
483
330
1F
100
AcDbEntity
  8
0
  6
Continuous
 62
     7
370
    25
100
AcDbLine
 10
329.0368966228
 20
214.1398732148
 30
0.0
 11
331.0368966228
 21
215.2945737532
 31
0.0
  0
LINE
  5
484
330
1F
100
AcDbEntity
  8
0
  6
Continuous
 62
     7
370
    25
100
AcDbLine
 10
331.0368966228
 20
215.2945737532
 30
0.0
 11
331.0368966228
 21
217.6039748299
 31
0.0
  0
LINE
  5
485
330
1F
100
AcDbEntity
  8
0
  6
Continuous
 62
     7
370
    25
100
AcDbLine
 10
331.0368966228
 20
217.6039748299
 30
0.0
 11
329.0368966228
 21
218.7586753683
 31
0.0
  0
LINE
  5
486
330
1F
100
AcDbEntity
  8
0
  6
Continuous
 62
     7
370
    25
100
AcDbLine
 10
335.0368966228
 20
218.7586753683
 30
0.0
 11
333.0368966228
 21
217.6039748299
 31
0.0
  0
LINE
  5
487
330
1F
100
AcDbEntity
  8
0
  6
Continuous
 62
     7
370
    25
100
AcDbLine
 10
333.0368966228
 20
217.6039748299
 30
0.0
 11
333.0368966228
 21
215.2945737532
 31
0.0
  0
LINE
  5
488
330
1F
100
AcDbEntity
  8
0
  6
Continuous
 62
     7
370
    25
100
AcDbLine
 10
333.0368966228
 20
215.2945737532
 30
0.0
 11
335.0368966228
 21
214.1398732148
 31
0.0
  0
LINE
  5
489
330
1F
100
AcDbEntity
  8
0
  6
Continuous
 62
     7
370
    25
100
AcDbLine
 10
335.0368966228
 20
214.1398732148
 30
0.0
 11
337.0368966228
 21
215.2945737532
 31
0.0
  0
LINE
  5
48A
330
1F
100
AcDbEntity
  8
0
  6
Continuous
 62
     7
370
    25
100
AcDbLine
 10
337.0368966228
 20
215.2945737532
 30
0.0
 11
337.0368966228
 21
217.6039748299
 31
0.0
  0
LINE
  5
48B
330
1F
100
AcDbEntity
  8
0
  6
Continuous
 62
     7
370
    25
100
AcDbLine
 10
337.0368966228
 20
217.6039748299
 30
0.0
 11
335.0368966228
 21
218.7586753683
 31
0.0
  0
LINE
  5
48C
330
1F
100
AcDbEntity
  8
0
  6
Continuous
 62
     7
370
    25
100
AcDbLine
 10
341.0368966228
 20
218.7586753683
 30
0.0
 11
339.0368966228
 21
217.6039748299
 31
0.0
  0
LINE
  5
48D
330
1F
100
AcDbEntity
  8
0
  6
Continuous
 62
     7
370
    25
100
AcDbLine
 10
339.0368966228
 20
217.6039748299
 30
0.0
 11
339.0368966228
 21
215.2945737532
 31
0.0
  0
LINE
  5
48E
330
1F
100
AcDbEntity
  8
0
  6
Continuous
 62
     7
370
    25
100
AcDbLine
 10
339.0368966228
 20
215.2945737532
 30
0.0
 11
341.0368966228
 21
214.1398732148
 31
0.0
  0
LINE
  5
48F
330
1F
100
AcDbEntity
  8
0
  6
Continuous
 62
     7
370
    25
100
AcDbLine
 10
341.0368966228
 20
214.1398732148
 30
0.0
 11
343.0368966228
 21
215.2945737532
 31
0.0
  0
LINE
  5
490
330
1F
100
AcDbEntity
  8
0
  6
Continuous
 62
     7
370
    25
100
AcDbLine
 10
343.0368966228
 20
215.2945737532
 30
0.0
 11
343.0368966228
 21
217.6039748299
 31
0.0
  0
LINE
  5
491
330
1F
100
AcDbEntity
  8
0
  6
Continuous
 62
     7
370
    25
100
AcDbLine
 10
343.0368966228
 20
217.6039748299
 30
0.0
 11
341.0368966228
 21
218.7586753683
 31
0.0
  0
LINE
  5
492
330
1F
100
AcDbEntity
  8
0
  6
Continuous
 62
     7
370
    25
100
AcDbLine
 10
347.0368966228
 20
218.7586753683
 30
0.0
 11
345.0368966228
 21
217.6039748299
 31
0.0
  0
LINE
  5
493
330
1F
100
AcDbEntity
  8
0
  6
Continuous
 62
     7
370
    25
100
AcDbLine
 10
345.0368966228
 20
217.6039748299
 30
0.0
 11
345.0368966228
 21
215.2945737532
 31
0.0
  0
LINE
  5
494
330
1F
100
AcDbEntity
  8
0
  6
Continuous
 62
     7
370
    25
100
AcDbLine
 10
345.0368966228
 20
215.2945737532
 30
0.0
 11
347.0368966228
 21
214.1398732148
 31
0.0
  0
LINE
  5
495
330
1F
100
AcDbEntity
  8
0
  6
Continuous
 62
     7
370
    25
100
AcDbLine
 10
347.0368966228
 20
214.1398732148
 30
0.0
 11
349.0368966228
 21
215.2945737532
 31
0.0
  0
LINE
  5
496
330
1F
100
AcDbEntity
  8
0
  6
Continuous
 62
     7
370
    25
100
AcDbLine
 10
349.0368966228
 20
215.2945737532
 30
0.0
 11
349.0368966228
 21
217.6039748299
 31
0.0
  0
LINE
  5
497
330
1F
100
AcDbEntity
  8
0
  6
Continuous
 62
     7
370
    25
100
AcDbLine
 10
349.0368966228
 20
217.6039748299
 30
0.0
 11
347.0368966228
 21
218.7586753683
 31
0.0
  0
LINE
  5
498
330
1F
100
AcDbEntity
  8
0
  6
Continuous
 62
     7
370
    25
100
AcDbLine
 10
353.0368966228
 20
218.7586753683
 30
0.0
 11
351.0368966228
 21
217.6039748299
 31
0.0
  0
LINE
  5
499
330
1F
100
AcDbEntity
  8
0
  6
Continuous
 62
     7
370
    25
100
AcDbLine
 10
351.0368966228
 20
217.6039748299
 30
0.0
 11
351.0368966228
 21
215.2945737532
 31
0.0
  0
LINE
  5
49A
330
1F
100
AcDbEntity
  8
0
  6
Continuous
 62
     7
370
    25
100
AcDbLine
 10
351.0368966228
 20
215.2945737532
 30
0.0
 11
353.0368966228
 21
214.1398732148
 31
0.0
  0
LINE
  5
49B
330
1F
100
AcDbEntity
  8
0
  6
Continuous
 62
     7
370
    25
100
AcDbLine
 10
353.0368966228
 20
214.1398732148
 30
0.0
 11
355.0368966228
 21
215.2945737532
 31
0.0
  0
LINE
  5
49C
330
1F
100
AcDbEntity
  8
0
  6
Continuous
 62
     7
370
    25
100
AcDbLine
 10
355.0368966228
 20
215.2945737532
 30
0.0
 11
355.0368966228
 21
217.6039748299
 31
0.0
  0
LINE
  5
49D
330
1F
100
AcDbEntity
  8
0
  6
Continuous
 62
     7
370
    25
100
AcDbLine
 10
355.0368966228
 20
217.6039748299
 30
0.0
 11
353.0368966228
 21
218.7586753683
 31
0.0
  0
LINE
  5
49E
330
1F
100
AcDbEntity
  8
0
  6
Continuous
 62
     7
370
    25
100
AcDbLine
 10
359.0368966228
 20
218.7586753683
 30
0.0
 11
357.0368966228
 21
217.6039748299
 31
0.0
  0
LINE
  5
49F
330
1F
100
AcDbEntity
  8
0
  6
Continuous
 62
     7
370
    25
100
AcDbLine
 10
357.0368966228
 20
217.6039748299
 30
0.0
 11
357.0368966228
 21
215.2945737532
 31
0.0
  0
LINE
  5
4A0
330
1F
100
AcDbEntity
  8
0
  6
Continuous
 62
     7
370
    25
100
AcDbLine
 10
357.0368966228
 20
215.2945737532
 30
0.0
 11
359.0368966228
 21
214.1398732148
 31
0.0
  0
LINE
  5
4A1
330
1F
100
AcDbEntity
  8
0
  6
Continuous
 62
     7
370
    25
100
AcDbLine
 10
359.0368966228
 20
214.1398732148
 30
0.0
 11
361.0368966228
 21
215.2945737532
 31
0.0
  0
LINE
  5
4A2
330
1F
100
AcDbEntity
  8
0
  6
Continuous
 62
     7
370
    25
100
AcDbLine
 10
361.0368966228
 20
215.2945737532
 30
0.0
 11
361.0368966228
 21
217.6039748299
 31
0.0
  0
LINE
  5
4A3
330
1F
100
AcDbEntity
  8
0
  6
Continuous
 62
     7
370
    25
100
AcDbLine
 10
361.0368966228
 20
217.6039748299
 30
0.0
 11
359.0368966228
 21
218.7586753683
 31
0.0
  0
LINE
  5
4A4
330
1F
100
AcDbEntity
  8
0
  6
Continuous
 62
     7
370
    25
100
AcDbLine
 10
316.9028890993
 20
228.8506661207
 30
0.0
 11
314.9028890993
 21
227.6959655823
 31
0.0
  0
LINE
  5
4A5
330
1F
100
AcDbEntity
  8
0
  6
Continuous
 62
     7
370
    25
100
AcDbLine
 10
314.9028890993
 20
227.6959655823
 30
0.0
 11
314.9028890993
 21
225.3865645056
 31
0.0
  0
LINE
  5
4A6
330
1F
100
AcDbEntity
  8
0
  6
Continuous
 62
     7
370
    25
100
AcDbLine
 10
314.9028890993
 20
225.3865645056
 30
0.0
 11
316.9028890993
 21
224.2318639672
 31
0.0
  0
LINE
  5
4A7
330
1F
100
AcDbEntity
  8
0
  6
Continuous
 62
     7
370
    25
100
AcDbLine
 10
316.9028890993
 20
224.2318639672
 30
0.0
 11
318.9028890993
 21
225.3865645056
 31
0.0
  0
LINE
  5
4A8
330
1F
100
AcDbEntity
  8
0
  6
Continuous
 62
     7
370
    25
100
AcDbLine
 10
318.9028890993
 20
225.3865645056
 30
0.0
 11
318.9028890993
 21
227.6959655823
 31
0.0
  0
LINE
  5
4A9
330
1F
100
AcDbEntity
  8
0
  6
Continuous
 62
     7
370
    25
100
AcDbLine
 10
318.9028890993
 20
227.6959655823
 30
0.0
 11
316.9028890993
 21
228.8506661207
 31
0.0
  0
LINE
  5
4AA
330
1F
100
AcDbEntity
  8
0
  6
Continuous
 62
     7
370
    25
100
AcDbLine
 10
322.9028890993
 20
228.8506661207
 30
0.0
 11
320.9028890993
 21
227.6959655823
 31
0.0
  0
LINE
  5
4AB
330
1F
100
AcDbEntity
  8
0
  6
Continuous
 62
     7
370
    25
100
AcDbLine
 10
320.9028890993
 20
227.6959655823
 30
0.0
 11
320.9028890993
 21
225.3865645056
 31
0.0
  0
LINE
  5
4AC
330
1F
100
AcDbEntity
  8
0
  6
Continuous
 62
     7
370
    25
100
AcDbLine
 10
320.9028890993
 20
225.3865645056
 30
0.0
 11
322.9028890993
 21
224.2318639672
 31
0.0
  0
LINE
  5
4AD
330
1F
100
AcDbEntity
  8
0
  6
Continuous
 62
     7
370
    25
100
AcDbLine
 10
322.9028890993
 20
224.2318639672
 30
0.0
 11
324.9028890993
 21
225.3865645056
 31
0.0
  0
LINE
  5
4AE
330
1F
100
AcDbEntity
  8
0
  6
Continuous
 62
     7
370
    25
100
AcDbLine
 10
324.9028890993
 20
225.3865645056
 30
0.0
 11
324.9028890993
 21
227.6959655823
 31
0.0
  0
LINE
  5
4AF
330
1F
100
AcDbEntity
  8
0
  6
Continuous
 62
     7
370
    25
100
AcDbLine
 10
324.9028890993
 20
227.6959655823
 30
0.0
 11
322.9028890993
 21
228.8506661207
 31
0.0
  0
LINE
  5
4B0
330
1F
100
AcDbEntity
  8
0
  6
Continuous
 62
     7
370
    25
100
AcDbLine
 10
328.9028890993
 20
228.8506661207
 30
0.0
 11
326.9028890993
 21
227.6959655823
 31
0.0
  0
LINE
  5
4B1
330
1F
100
AcDbEntity
  8
0
  6
Continuous
 62
     7
370
    25
100
AcDbLine
 10
326.9028890993
 20
227.6959655823
 30
0.0
 11
326.9028890993
 21
225.3865645056
 31
0.0
  0
LINE
  5
4B2
330
1F
100
AcDbEntity
  8
0
  6
Continuous
 62
     7
370
    25
100
AcDbLine
 10
326.9028890993
 20
225.3865645056
 30
0.0
 11
328.9028890993
 21
224.2318639672
 31
0.0
  0
LINE
  5
4B3
330
1F
100
AcDbEntity
  8
0
  6
Continuous
 62
     7
370
    25
100
AcDbLine
 10
328.9028890993
 20
224.2318639672
 30
0.0
 11
330.9028890993
 21
225.3865645056
 31
0.0
  0
LINE
  5
4B4
330
1F
100
AcDbEntity
  8
0
  6
Continuous
 62
     7
370
    25
100
AcDbLine
 10
330.9028890993
 20
225.3865645056
 30
0.0
 11
330.9028890993
 21
227.6959655823
 31
0.0
  0
LINE
  5
4B5
330
1F
100
AcDbEntity
  8
0
  6
Continuous
 62
     7
370
    25
100
AcDbLine
 10
330.9028890993
 20
227.6959655823
 30
0.0
 11
328.9028890993
 21
228.8506661207
 31
0.0
  0
LINE
  5
4B6
330
1F
100
AcDbEntity
  8
0
  6
Continuous
 62
     7
370
    25
100
AcDbLine
 10
334.9028890993
 20
228.8506661207
 30
0.0
 11
332.9028890993
 21
227.6959655823
 31
0.0
  0
LINE
  5
4B7
330
1F
100
AcDbEntity
  8
0
  6
Continuous
 62
     7
370
    25
100
AcDbLine
 10
332.9028890993
 20
227.6959655823
 30
0.0
 11
332.9028890993
 21
225.3865645056
 31
0.0
  0
LINE
  5
4B8
330
1F
100
AcDbEntity
  8
0
  6
Continuous
 62
     7
370
    25
100
AcDbLine
 10
332.9028890993
 20
225.3865645056
 30
0.0
 11
334.9028890993
 21
224.2318639672
 31
0.0
  0
LINE
  5
4B9
330
1F
100
AcDbEntity
  8
0
  6
Continuous
 62
     7
370
    25
100
AcDbLine
 10
334.9028890993
 20
224.2318639672
 30
0.0
 11
336.9028890993
 21
225.3865645056
 31
0.0
  0
LINE
  5
4BA
330
1F
100
AcDbEntity
  8
0
  6
Continuous
 62
     7
370
    25
100
AcDbLine
 10
336.9028890993
 20
225.3865645056
 30
0.0
 11
336.9028890993
 21
227.6959655823
 31
0.0
  0
LINE
  5
4BB
330
1F
100
AcDbEntity
  8
0
  6
Continuous
 62
     7
370
    25
100
AcDbLine
 10
336.9028890993
 20
227.6959655823
 30
0.0
 11
334.9028890993
 21
228.8506661207
 31
0.0
  0
LINE
  5
4BC
330
1F
100
AcDbEntity
  8
0
  6
Continuous
 62
     7
370
    25
100
AcDbLine
 10
340.9028890993
 20
228.8506661207
 30
0.0
 11
338.9028890993
 21
227.6959655823
 31
0.0
  0
LINE
  5
4BD
330
1F
100
AcDbEntity
  8
0
  6
Continuous
 62
     7
370
    25
100
AcDbLine
 10
338.9028890993
 20
227.6959655823
 30
0.0
 11
338.9028890993
 21
225.3865645056
 31
0.0
  0
LINE
  5
4BE
330
1F
100
AcDbEntity
  8
0
  6
Continuous
 62
     7
370
    25
100
AcDbLine
 10
338.9028890993
 20
225.3865645056
 30
0.0
 11
340.9028890993
 21
224.2318639672
 31
0.0
  0
LINE
  5
4BF
330
1F
100
AcDbEntity
  8
0
  6
Continuous
 62
     7
370
    25
100
AcDbLine
 10
340.9028890993
 20
224.2318639672
 30
0.0
 11
342.9028890993
 21
225.3865645056
 31
0.0
  0
LINE
  5
4C0
330
1F
100
AcDbEntity
  8
0
  6
Continuous
 62
     7
370
    25
100
AcDbLine
 10
342.9028890993
 20
225.3865645056
 30
0.0
 11
342.9028890993
 21
227.6959655823
 31
0.0
  0
LINE
  5
4C1
330
1F
100
AcDbEntity
  8
0
  6
Continuous
 62
     7
370
    25
100
AcDbLine
 10
342.9028890993
 20
227.6959655823
 30
0.0
 11
340.9028890993
 21
228.8506661207
 31
0.0
  0
LINE
  5
4C2
330
1F
100
AcDbEntity
  8
0
  6
Continuous
 62
     7
370
    25
100
AcDbLine
 10
346.9028890993
 20
228.8506661207
 30
0.0
 11
344.9028890993
 21
227.6959655823
 31
0.0
  0
LINE
  5
4C3
330
1F
100
AcDbEntity
  8
0
  6
Continuous
 62
     7
370
    25
100
AcDbLine
 10
344.9028890993
 20
227.6959655823
 30
0.0
 11
344.9028890993
 21
225.3865645056
 31
0.0
  0
LINE
  5
4C4
330
1F
100
AcDbEntity
  8
0
  6
Continuous
 62
     7
370
    25
100
AcDbLine
 10
344.9028890993
 20
225.3865645056
 30
0.0
 11
346.9028890993
 21
224.2318639672
 31
0.0
  0
LINE
  5
4C5
330
1F
100
AcDbEntity
  8
0
  6
Continuous
 62
     7
370
    25
100
AcDbLine
 10
346.9028890993
 20
224.2318639672
 30
0.0
 11
348.9028890993
 21
225.3865645056
 31
0.0
  0
LINE
  5
4C6
330
1F
100
AcDbEntity
  8
0
  6
Continuous
 62
     7
370
    25
100
AcDbLine
 10
348.9028890993
 20
225.3865645056
 30
0.0
 11
348.9028890993
 21
227.6959655823
 31
0.0
  0
LINE
  5
4C7
330
1F
100
AcDbEntity
  8
0
  6
Continuous
 62
     7
370
    25
100
AcDbLine
 10
348.9028890993
 20
227.6959655823
 30
0.0
 11
346.9028890993
 21
228.8506661207
 31
0.0
  0
CIRCLE
  5
4C8
330
1F
100
AcDbEntity
  8
0
  6
Continuous
 62
     7
370
    25
100
AcDbCircle
 10
301.6433857147
 20
159.1352932839
 30
0.0
 40
2.0
  0
CIRCLE
  5
4C9
330
1F
100
AcDbEntity
  8
0
  6
Continuous
 62
     7
370
    25
100
AcDbCircle
 10
362.6433857147
 20
159.1352932839
 30
0.0
 40
2.0
  0
LINE
  5
4CA
330
1F
100
AcDbEntity
  8
0
  6
Continuous
 62
     7
370
    25
100
AcDbLine
 10
367.9433857147
 20
133.6952932839
 30
0.0
 11
371.3433857147
 21
133.6952932839
 31
0.0
  0
LINE
  5
4CB
330
1F
100
AcDbEntity
  8
0
  6
Continuous
 62
     7
370
    25
100
AcDbLine
 10
371.3433857147
 20
133.6952932839
 30
0.0
 11
371.3433857147
 21
141.9352932839
 31
0.0
  0
LINE
  5
4CC
330
1F
100
AcDbEntity
  8
0
  6
Continuous
 62
     7
370
    25
100
AcDbLine
 10
367.9433857147
 20
141.9352932839
 30
0.0
 11
371.3433857147
 21
141.9352932839
 31
0.0
  0
LINE
  5
4CD
330
1F
100
AcDbEntity
  8
0
  6
Continuous
 62
     7
370
    25
100
AcDbLine
 10
367.9433857147
 20
133.6952932839
 30
0.0
 11
367.9433857147
 21
141.9352932839
 31
0.0
  0
LINE
  5
4CE
330
1F
100
AcDbEntity
  8
0
  6
Continuous
 62
     7
370
    25
100
AcDbLine
 10
367.9433857147
 20
108.4352932839
 30
0.0
 11
367.9433857147
 21
100.1952932839
 31
0.0
  0
LINE
  5
4CF
330
1F
100
AcDbEntity
  8
0
  6
Continuous
 62
     7
370
    25
100
AcDbLine
 10
367.9433857147
 20
100.1952932839
 30
0.0
 11
371.3433857147
 21
100.1952932839
 31
0.0
  0
LINE
  5
4D0
330
1F
100
AcDbEntity
  8
0
  6
Continuous
 62
     7
370
    25
100
AcDbLine
 10
371.3433857147
 20
108.4352932839
 30
0.0
 11
371.3433857147
 21
100.1952932839
 31
0.0
  0
LINE
  5
4D1
330
1F
100
AcDbEntity
  8
0
  6
Continuous
 62
     7
370
    25
100
AcDbLine
 10
367.9433857147
 20
108.4352932839
 30
0.0
 11
371.3433857147
 21
108.4352932839
 31
0.0
  0
LINE
  5
4D2
330
1F
100
AcDbEntity
  8
0
  6
Continuous
 62
     7
370
    25
100
AcDbLine
 10
296.3433857147
 20
133.6952932839
 30
0.0
 11
292.9433857147
 21
133.6952932839
 31
0.0
  0
LINE
  5
4D3
330
1F
100
AcDbEntity
  8
0
  6
Continuous
 62
     7
370
    25
100
AcDbLine
 10
296.3433857147
 20
133.6952932839
 30
0.0
 11
296.3433857147
 21
141.9352932839
 31
0.0
  0
LINE
  5
4D4
330
1F
100
AcDbEntity
  8
0
  6
Continuous
 62
     7
370
    25
100
AcDbLine
 10
296.3433857147
 20
141.9352932839
 30
0.0
 11
292.9433857147
 21
141.9352932839
 31
0.0
  0
LINE
  5
4D5
330
1F
100
AcDbEntity
  8
0
  6
Continuous
 62
     7
370
    25
100
AcDbLine
 10
292.9433857147
 20
133.6952932839
 30
0.0
 11
292.9433857147
 21
141.9352932839
 31
0.0
  0
LINE
  5
4D6
330
1F
100
AcDbEntity
  8
0
  6
Continuous
 62
     7
370
    25
100
AcDbLine
 10
318.9433857147
 20
151.1352932839
 30
0.0
 11
318.9433857147
 21
147.7352932839
 31
0.0
  0
LINE
  5
4D7
330
1F
100
AcDbEntity
  8
0
  6
Continuous
 62
     7
370
    25
100
AcDbLine
 10
318.9433857147
 20
147.7352932839
 30
0.0
 11
322.3433857147
 21
147.7352932839
 31
0.0
  0
LINE
  5
4D8
330
1F
100
AcDbEntity
  8
0
  6
Continuous
 62
     7
370
    25
100
AcDbLine
 10
322.3433857147
 20
147.7352932839
 30
0.0
 11
322.3433857147
 21
151.1352932839
 31
0.0
  0
LINE
  5
4D9
330
1F
100
AcDbEntity
  8
0
  6
Continuous
 62
     7
370
    25
100
AcDbLine
 10
322.3433857147
 20
151.1352932839
 30
0.0
 11
318.9433857147
 21
151.1352932839
 31
0.0
  0
LINE
  5
4DA
330
1F
100
AcDbEntity
  8
0
  6
Continuous
 62
     7
370
    25
100
AcDbLine
 10
341.9433857147
 20
147.7352932839
 30
0.0
 11
345.3433857147
 21
147.7352932839
 31
0.0
  0
LINE
  5
4DB
330
1F
100
AcDbEntity
  8
0
  6
Continuous
 62
     7
370
    25
100
AcDbLine
 10
345.3433857147
 20
147.7352932839
 30
0.0
 11
345.3433857147
 21
151.1352932839
 31
0.0
  0
LINE
  5
4DC
330
1F
100
AcDbEntity
  8
0
  6
Continuous
 62
     7
370
    25
100
AcDbLine
 10
345.3433857147
 20
151.1352932839
 30
0.0
 11
341.9433857147
 21
151.1352932839
 31
0.0
  0
LINE
  5
4DD
330
1F
100
AcDbEntity
  8
0
  6
Continuous
 62
     7
370
    25
100
AcDbLine
 10
341.9433857147
 20
151.1352932839
 30
0.0
 11
341.9433857147
 21
147.7352932839
 31
0.0
  0
LINE
  5
4DE
330
1F
100
AcDbEntity
  8
0
  6
Continuous
 62
     7
370
    25
100
AcDbLine
 10
382.9433857147
 20
147.7352932839
 30
0.0
 11
386.3433857147
 21
147.7352932839
 31
0.0
  0
LINE
  5
4DF
330
1F
100
AcDbEntity
  8
0
  6
Continuous
 62
     7
370
    25
100
AcDbLine
 10
386.3433857147
 20
147.7352932839
 30
0.0
 11
386.3433857147
 21
151.1352932839
 31
0.0
  0
LINE
  5
4E0
330
1F
100
AcDbEntity
  8
0
  6
Continuous
 62
     7
370
    25
100
AcDbLine
 10
386.3433857147
 20
151.1352932839
 30
0.0
 11
382.9433857147
 21
151.1352932839
 31
0.0
  0
LINE
  5
4E1
330
1F
100
AcDbEntity
  8
0
  6
Continuous
 62
     7
370
    25
100
AcDbLine
 10
382.9433857147
 20
151.1352932839
 30
0.0
 11
382.9433857147
 21
147.7352932839
 31
0.0
  0
LINE
  5
4E2
330
1F
100
AcDbEntity
  8
0
  6
Continuous
 62
     7
370
    25
100
AcDbLine
 10
361.9433857147
 20
147.7352932839
 30
0.0
 11
365.3433857147
 21
147.7352932839
 31
0.0
  0
LINE
  5
4E3
330
1F
100
AcDbEntity
  8
0
  6
Continuous
 62
     7
370
    25
100
AcDbLine
 10
365.3433857147
 20
147.7352932839
 30
0.0
 11
365.3433857147
 21
151.1352932839
 31
0.0
  0
LINE
  5
4E4
330
1F
100
AcDbEntity
  8
0
  6
Continuous
 62
     7
370
    25
100
AcDbLine
 10
365.3433857147
 20
151.1352932839
 30
0.0
 11
361.9433857147
 21
151.1352932839
 31
0.0
  0
LINE
  5
4E5
330
1F
100
AcDbEntity
  8
0
  6
Continuous
 62
     7
370
    25
100
AcDbLine
 10
361.9433857147
 20
151.1352932839
 30
0.0
 11
361.9433857147
 21
147.7352932839
 31
0.0
  0
LINE
  5
4E6
330
1F
100
AcDbEntity
  8
0
  6
Continuous
 62
     7
370
    25
100
AcDbLine
 10
302.3433857147
 20
114.2352932839
 30
0.0
 11
302.3433857147
 21
117.6352932839
 31
0.0
  0
LINE
  5
4E7
330
1F
100
AcDbEntity
  8
0
  6
Continuous
 62
     7
370
    25
100
AcDbLine
 10
302.3433857147
 20
117.6352932839
 30
0.0
 11
298.9433857147
 21
117.6352932839
 31
0.0
  0
LINE
  5
4E8
330
1F
100
AcDbEntity
  8
0
  6
Continuous
 62
     7
370
    25
100
AcDbLine
 10
298.9433857147
 20
117.6352932839
 30
0.0
 11
298.9433857147
 21
114.2352932839
 31
0.0
  0
LINE
  5
4E9
330
1F
100
AcDbEntity
  8
0
  6
Continuous
 62
     7
370
    25
100
AcDbLine
 10
298.9433857147
 20
114.2352932839
 30
0.0
 11
302.3433857147
 21
114.2352932839
 31
0.0
  0
LINE
  5
4EA
330
1F
100
AcDbEntity
  8
0
  6
Continuous
 62
     7
370
    25
100
AcDbLine
 10
318.9433857147
 20
124.8952932839
 30
0.0
 11
318.9433857147
 21
121.4952932839
 31
0.0
  0
LINE
  5
4EB
330
1F
100
AcDbEntity
  8
0
  6
Continuous
 62
     7
370
    25
100
AcDbLine
 10
318.9433857147
 20
121.4952932839
 30
0.0
 11
322.3433857147
 21
121.4952932839
 31
0.0
  0
LINE
  5
4EC
330
1F
100
AcDbEntity
  8
0
  6
Continuous
 62
     7
370
    25
100
AcDbLine
 10
322.3433857147
 20
121.4952932839
 30
0.0
 11
322.3433857147
 21
124.8952932839
 31
0.0
  0
LINE
  5
4ED
330
1F
100
AcDbEntity
  8
0
  6
Continuous
 62
     7
370
    25
100
AcDbLine
 10
322.3433857147
 20
124.8952932839
 30
0.0
 11
318.9433857147
 21
124.8952932839
 31
0.0
  0
LINE
  5
4EE
330
1F
100
AcDbEntity
  8
0
  6
Continuous
 62
     7
370
    25
100
AcDbLine
 10
281.3433857147
 20
90.9952932839
 30
0.0
 11
281.3433857147
 21
94.3952932839
 31
0.0
  0
LINE
  5
4EF
330
1F
100
AcDbEntity
  8
0
  6
Continuous
 62
     7
370
    25
100
AcDbLine
 10
281.3433857147
 20
94.3952932839
 30
0.0
 11
277.9433857147
 21
94.3952932839
 31
0.0
  0
LINE
  5
4F0
330
1F
100
AcDbEntity
  8
0
  6
Continuous
 62
     7
370
    25
100
AcDbLine
 10
277.9433857147
 20
94.3952932839
 30
0.0
 11
277.9433857147
 21
90.9952932839
 31
0.0
  0
LINE
  5
4F1
330
1F
100
AcDbEntity
  8
0
  6
Continuous
 62
     7
370
    25
100
AcDbLine
 10
277.9433857147
 20
90.9952932839
 30
0.0
 11
281.3433857147
 21
90.9952932839
 31
0.0
  0
LINE
  5
4F2
330
1F
100
AcDbEntity
  8
0
  6
Continuous
 62
     7
370
    25
100
AcDbLine
 10
318.9433857147
 20
94.3952932839
 30
0.0
 11
318.9433857147
 21
90.9952932839
 31
0.0
  0
LINE
  5
4F3
330
1F
100
AcDbEntity
  8
0
  6
Continuous
 62
     7
370
    25
100
AcDbLine
 10
318.9433857147
 20
90.9952932839
 30
0.0
 11
322.3433857147
 21
90.9952932839
 31
0.0
  0
LINE
  5
4F4
330
1F
100
AcDbEntity
  8
0
  6
Continuous
 62
     7
370
    25
100
AcDbLine
 10
322.3433857147
 20
90.9952932839
 30
0.0
 11
322.3433857147
 21
94.3952932839
 31
0.0
  0
LINE
  5
4F5
330
1F
100
AcDbEntity
  8
0
  6
Continuous
 62
     7
370
    25
100
AcDbLine
 10
322.3433857147
 20
94.3952932839
 30
0.0
 11
318.9433857147
 21
94.3952932839
 31
0.0
  0
LINE
  5
4F6
330
1F
100
AcDbEntity
  8
0
  6
Continuous
 62
     7
370
    25
100
AcDbLine
 10
318.9433857147
 20
120.6352932839
 30
0.0
 11
318.9433857147
 21
117.2352932839
 31
0.0
  0
LINE
  5
4F7
330
1F
100
AcDbEntity
  8
0
  6
Continuous
 62
     7
370
    25
100
AcDbLine
 10
318.9433857147
 20
117.2352932839
 30
0.0
 11
322.3433857147
 21
117.2352932839
 31
0.0
  0
LINE
  5
4F8
330
1F
100
AcDbEntity
  8
0
  6
Continuous
 62
     7
370
    25
100
AcDbLine
 10
322.3433857147
 20
117.2352932839
 30
0.0
 11
322.3433857147
 21
120.6352932839
 31
0.0
  0
LINE
  5
4F9
330
1F
100
AcDbEntity
  8
0
  6
Continuous
 62
     7
370
    25
100
AcDbLine
 10
322.3433857147
 20
120.6352932839
 30
0.0
 11
318.9433857147
 21
120.6352932839
 31
0.0
  0
LINE
  5
4FA
330
1F
100
AcDbEntity
  8
0
  6
Continuous
 62
     7
370
    25
100
AcDbLine
 10
302.3433857147
 20
124.4952932839
 30
0.0
 11
302.3433857147
 21
127.8952932839
 31
0.0
  0
LINE
  5
4FB
330
1F
100
AcDbEntity
  8
0
  6
Continuous
 62
     7
370
    25
100
AcDbLine
 10
302.3433857147
 20
127.8952932839
 30
0.0
 11
298.9433857147
 21
127.8952932839
 31
0.0
  0
LINE
  5
4FC
330
1F
100
AcDbEntity
  8
0
  6
Continuous
 62
     7
370
    25
100
AcDbLine
 10
298.9433857147
 20
127.8952932839
 30
0.0
 11
298.9433857147
 21
124.4952932839
 31
0.0
  0
LINE
  5
4FD
330
1F
100
AcDbEntity
  8
0
  6
Continuous
 62
     7
370
    25
100
AcDbLine
 10
298.9433857147
 20
124.4952932839
 30
0.0
 11
302.3433857147
 21
124.4952932839
 31
0.0
  0
LINE
  5
4FE
330
1F
100
AcDbEntity
  8
0
  6
Continuous
 62
     7
370
    25
100
AcDbLine
 10
302.3433857147
 20
147.7352932839
 30
0.0
 11
302.3433857147
 21
151.1352932839
 31
0.0
  0
LINE
  5
4FF
330
1F
100
AcDbEntity
  8
0
  6
Continuous
 62
     7
370
    25
100
AcDbLine
 10
302.3433857147
 20
151.1352932839
 30
0.0
 11
298.9433857147
 21
151.1352932839
 31
0.0
  0
LINE
  5
500
330
1F
100
AcDbEntity
  8
0
  6
Continuous
 62
     7
370
    25
100
AcDbLine
 10
298.9433857147
 20
151.1352932839
 30
0.0
 11
298.9433857147
 21
147.7352932839
 31
0.0
  0
LINE
  5
501
330
1F
100
AcDbEntity
  8
0
  6
Continuous
 62
     7
370
    25
100
AcDbLine
 10
298.9433857147
 20
147.7352932839
 30
0.0
 11
302.3433857147
 21
147.7352932839
 31
0.0
  0
LINE
  5
502
330
1F
100
AcDbEntity
  8
0
  6
Continuous
 62
     7
370
    25
100
AcDbLine
 10
281.3433857147
 20
147.7352932839
 30
0.0
 11
281.3433857147
 21
151.1352932839
 31
0.0
  0
LINE
  5
503
330
1F
100
AcDbEntity
  8
0
  6
Continuous
 62
     7
370
    25
100
AcDbLine
 10
281.3433857147
 20
151.1352932839
 30
0.0
 11
277.9433857147
 21
151.1352932839
 31
0.0
  0
LINE
  5
504
330
1F
100
AcDbEntity
  8
0
  6
Continuous
 62
     7
370
    25
100
AcDbLine
 10
277.9433857147
 20
151.1352932839
 30
0.0
 11
277.9433857147
 21
147.7352932839
 31
0.0
  0
LINE
  5
505
330
1F
100
AcDbEntity
  8
0
  6
Continuous
 62
     7
370
    25
100
AcDbLine
 10
277.9433857147
 20
147.7352932839
 30
0.0
 11
281.3433857147
 21
147.7352932839
 31
0.0
  0
LINE
  5
506
330
1F
100
AcDbEntity
  8
0
  6
Continuous
 62
     7
370
    25
100
AcDbLine
 10
386.3433857147
 20
94.3952932839
 30
0.0
 11
382.9433857147
 21
94.3952932839
 31
0.0
  0
LINE
  5
507
330
1F
100
AcDbEntity
  8
0
  6
Continuous
 62
     7
370
    25
100
AcDbLine
 10
382.9433857147
 20
94.3952932839
 30
0.0
 11
382.9433857147
 21
90.9952932839
 31
0.0
  0
LINE
  5
508
330
1F
100
AcDbEntity
  8
0
  6
Continuous
 62
     7
370
    25
100
AcDbLine
 10
382.9433857147
 20
90.9952932839
 30
0.0
 11
386.3433857147
 21
90.9952932839
 31
0.0
  0
LINE
  5
509
330
1F
100
AcDbEntity
  8
0
  6
Continuous
 62
     7
370
    25
100
AcDbLine
 10
386.3433857147
 20
90.9952932839
 30
0.0
 11
386.3433857147
 21
94.3952932839
 31
0.0
  0
LINE
  5
50A
330
1F
100
AcDbEntity
  8
0
  6
Continuous
 62
     7
370
    25
100
AcDbLine
 10
345.3433857147
 20
120.6352932839
 30
0.0
 11
341.9433857147
 21
120.6352932839
 31
0.0
  0
LINE
  5
50B
330
1F
100
AcDbEntity
  8
0
  6
Continuous
 62
     7
370
    25
100
AcDbLine
 10
341.9433857147
 20
120.6352932839
 30
0.0
 11
341.9433857147
 21
117.2352932839
 31
0.0
  0
LINE
  5
50C
330
1F
100
AcDbEntity
  8
0
  6
Continuous
 62
     7
370
    25
100
AcDbLine
 10
341.9433857147
 20
117.2352932839
 30
0.0
 11
345.3433857147
 21
117.2352932839
 31
0.0
  0
LINE
  5
50D
330
1F
100
AcDbEntity
  8
0
  6
Continuous
 62
     7
370
    25
100
AcDbLine
 10
345.3433857147
 20
117.2352932839
 30
0.0
 11
345.3433857147
 21
120.6352932839
 31
0.0
  0
LINE
  5
50E
330
1F
100
AcDbEntity
  8
0
  6
Continuous
 62
     7
370
    25
100
AcDbLine
 10
345.3433857147
 20
94.3952932839
 30
0.0
 11
341.9433857147
 21
94.3952932839
 31
0.0
  0
LINE
  5
50F
330
1F
100
AcDbEntity
  8
0
  6
Continuous
 62
     7
370
    25
100
AcDbLine
 10
341.9433857147
 20
94.3952932839
 30
0.0
 11
341.9433857147
 21
90.9952932839
 31
0.0
  0
LINE
  5
510
330
1F
100
AcDbEntity
  8
0
  6
Continuous
 62
     7
370
    25
100
AcDbLine
 10
341.9433857147
 20
90.9952932839
 30
0.0
 11
345.3433857147
 21
90.9952932839
 31
0.0
  0
LINE
  5
511
330
1F
100
AcDbEntity
  8
0
  6
Continuous
 62
     7
370
    25
100
AcDbLine
 10
345.3433857147
 20
90.9952932839
 30
0.0
 11
345.3433857147
 21
94.3952932839
 31
0.0
  0
LINE
  5
512
330
1F
100
AcDbEntity
  8
0
  6
Continuous
 62
     7
370
    25
100
AcDbLine
 10
361.9433857147
 20
124.4952932839
 30
0.0
 11
365.3433857147
 21
124.4952932839
 31
0.0
  0
LINE
  5
513
330
1F
100
AcDbEntity
  8
0
  6
Continuous
 62
     7
370
    25
100
AcDbLine
 10
365.3433857147
 20
124.4952932839
 30
0.0
 11
365.3433857147
 21
127.8952932839
 31
0.0
  0
LINE
  5
514
330
1F
100
AcDbEntity
  8
0
  6
Continuous
 62
     7
370
    25
100
AcDbLine
 10
365.3433857147
 20
127.8952932839
 30
0.0
 11
361.9433857147
 21
127.8952932839
 31
0.0
  0
LINE
  5
515
330
1F
100
AcDbEntity
  8
0
  6
Continuous
 62
     7
370
    25
100
AcDbLine
 10
361.9433857147
 20
127.8952932839
 30
0.0
 11
361.9433857147
 21
124.4952932839
 31
0.0
  0
LINE
  5
516
330
1F
100
AcDbEntity
  8
0
  6
Continuous
 62
     7
370
    25
100
AcDbLine
 10
341.9433857147
 20
121.4952932839
 30
0.0
 11
345.3433857147
 21
121.4952932839
 31
0.0
  0
LINE
  5
517
330
1F
100
AcDbEntity
  8
0
  6
Continuous
 62
     7
370
    25
100
AcDbLine
 10
345.3433857147
 20
121.4952932839
 30
0.0
 11
345.3433857147
 21
124.8952932839
 31
0.0
  0
LINE
  5
518
330
1F
100
AcDbEntity
  8
0
  6
Continuous
 62
     7
370
    25
100
AcDbLine
 10
345.3433857147
 20
124.8952932839
 30
0.0
 11
341.9433857147
 21
124.8952932839
 31
0.0
  0
LINE
  5
519
330
1F
100
AcDbEntity
  8
0
  6
Continuous
 62
     7
370
    25
100
AcDbLine
 10
341.9433857147
 20
124.8952932839
 30
0.0
 11
341.9433857147
 21
121.4952932839
 31
0.0
  0
LINE
  5
51A
330
1F
100
AcDbEntity
  8
0
  6
Continuous
 62
     7
370
    25
100
AcDbLine
 10
365.3433857147
 20
117.6352932839
 30
0.0
 11
361.9433857147
 21
117.6352932839
 31
0.0
  0
LINE
  5
51B
330
1F
100
AcDbEntity
  8
0
  6
Continuous
 62
     7
370
    25
100
AcDbLine
 10
361.9433857147
 20
117.6352932839
 30
0.0
 11
361.9433857147
 21
114.2352932839
 31
0.0
  0
LINE
  5
51C
330
1F
100
AcDbEntity
  8
0
  6
Continuous
 62
     7
370
    25
100
AcDbLine
 10
361.9433857147
 20
114.2352932839
 30
0.0
 11
365.3433857147
 21
114.2352932839
 31
0.0
  0
LINE
  5
51D
330
1F
100
AcDbEntity
  8
0
  6
Continuous
 62
     7
370
    25
100
AcDbLine
 10
365.3433857147
 20
114.2352932839
 30
0.0
 11
365.3433857147
 21
117.6352932839
 31
0.0
  0
LINE
  5
51E
330
1F
100
AcDbEntity
  8
0
  6
Continuous
 62
     7
370
    25
100
AcDbLine
 10
365.3433857147
 20
94.3952932839
 30
0.0
 11
361.9433857147
 21
94.3952932839
 31
0.0
  0
LINE
  5
51F
330
1F
100
AcDbEntity
  8
0
  6
Continuous
 62
     7
370
    25
100
AcDbLine
 10
361.9433857147
 20
94.3952932839
 30
0.0
 11
361.9433857147
 21
90.9952932839
 31
0.0
  0
LINE
  5
520
330
1F
100
AcDbEntity
  8
0
  6
Continuous
 62
     7
370
    25
100
AcDbLine
 10
361.9433857147
 20
90.9952932839
 30
0.0
 11
365.3433857147
 21
90.9952932839
 31
0.0
  0
LINE
  5
521
330
1F
100
AcDbEntity
  8
0
  6
Continuous
 62
     7
370
    25
100
AcDbLine
 10
365.3433857147
 20
90.9952932839
 30
0.0
 11
365.3433857147
 21
94.3952932839
 31
0.0
  0
LINE
  5
522
330
1F
100
AcDbEntity
  8
0
  6
Continuous
 62
     7
370
    25
100
AcDbLine
 10
302.3433857147
 20
90.9952932839
 30
0.0
 11
302.3433857147
 21
94.3952932839
 31
0.0
  0
LINE
  5
523
330
1F
100
AcDbEntity
  8
0
  6
Continuous
 62
     7
370
    25
100
AcDbLine
 10
302.3433857147
 20
94.3952932839
 30
0.0
 11
298.9433857147
 21
94.3952932839
 31
0.0
  0
LINE
  5
524
330
1F
100
AcDbEntity
  8
0
  6
Continuous
 62
     7
370
    25
100
AcDbLine
 10
298.9433857147
 20
94.3952932839
 30
0.0
 11
298.9433857147
 21
90.9952932839
 31
0.0
  0
LINE
  5
525
330
1F
100
AcDbEntity
  8
0
  6
Continuous
 62
     7
370
    25
100
AcDbLine
 10
298.9433857147
 20
90.9952932839
 30
0.0
 11
302.3433857147
 21
90.9952932839
 31
0.0
  0
LINE
  5
526
330
1F
100
AcDbEntity
  8
0
  6
Continuous
 62
     7
370
    25
100
AcDbLine
 10
296.3433857147
 20
100.1952932839
 30
0.0
 11
292.9433857147
 21
100.1952932839
 31
0.0
  0
LINE
  5
527
330
1F
100
AcDbEntity
  8
0
  6
Continuous
 62
     7
370
    25
100
AcDbLine
 10
296.3433857147
 20
108.4352932839
 30
0.0
 11
296.3433857147
 21
100.1952932839
 31
0.0
  0
LINE
  5
528
330
1F
100
AcDbEntity
  8
0
  6
Continuous
 62
     7
370
    25
100
AcDbLine
 10
296.3433857147
 20
108.4352932839
 30
0.0
 11
292.9433857147
 21
108.4352932839
 31
0.0
  0
LINE
  5
529
330
1F
100
AcDbEntity
  8
0
  6
Continuous
 62
     7
370
    25
100
AcDbLine
 10
292.9433857147
 20
108.4352932839
 30
0.0
 11
292.9433857147
 21
100.1952932839
 31
0.0
  0
CIRCLE
  5
52A
330
1F
100
AcDbEntity
  8
0
  6
Continuous
 62
     7
370
    25
100
AcDbCircle
 10
332.1433857147
 20
240.4352932839
 30
0.0
 40
2.249999999999972
  0
CIRCLE
  5
52B
330
1F
100
AcDbEntity
  8
0
  6
Continuous
 62
     7
370
    25
100
AcDbCircle
 10
306.9033857147
 20
201.9852932839
 30
0.0
 40
2.0
  0
CIRCLE
  5
52C
330
1F
100
AcDbEntity
  8
0
  6
Continuous
 62
     7
370
    25
100
AcDbCircle
 10
357.3833857147
 20
86.0952932839
 30
0.0
 40
2.0
  0
CIRCLE
  5
52D
330
1F
100
AcDbEntity
  8
0
  6
Continuous
 62
     7
370
    25
100
AcDbCircle
 10
306.9033857147
 20
86.0952932839
 30
0.0
 40
2.0
  0
CIRCLE
  5
52E
330
1F
100
AcDbEntity
  8
0
  6
Continuous
 62
     7
370
    25
100
AcDbCircle
 10
357.3833857147
 20
201.9852932839
 30
0.0
 40
2.0
  0
CIRCLE
  5
52F
330
1F
100
AcDbEntity
  8
0
  6
Continuous
 62
     7
370
    25
100
AcDbCircle
 10
301.6433857147
 20
230.1352932839
 30
0.0
 40
2.0
  0
CIRCLE
  5
530
330
1F
100
AcDbEntity
  8
0
  6
Continuous
 62
     7
370
    25
100
AcDbCircle
 10
362.6433857147
 20
230.1352932839
 30
0.0
 40
2.0
  0
LINE
  5
531
330
1F
100
AcDbEntity
  8
0
  6
Continuous
 62
     7
370
    25
100
AcDbLine
 10
332.1433857147
 20
251.4352932839
 30
0.0
 11
292.6433857147
 21
237.0584690304
 31
0.0
  0
LINE
  5
532
330
1F
100
AcDbEntity
  8
0
  6
Continuous
 62
     7
370
    25
100
AcDbLine
 10
371.6433857147
 20
237.0584690304
 30
0.0
 11
332.1433857147
 21
251.4352932839
 31
0.0
  0
LINE
  5
533
330
1F
100
AcDbEntity
  8
0
  6
Continuous
 62
     7
370
    25
100
AcDbLine
 10
371.6433857147
 20
173.6162732639
 30
0.0
 11
371.6433857147
 21
237.0584690304
 31
0.0
  0
LINE
  5
534
330
1F
100
AcDbEntity
  8
0
  6
Continuous
 62
     7
370
    25
100
AcDbLine
 10
390.1433857147
 20
162.9352932839
 30
0.0
 11
371.6433857147
 21
173.6162732639
 31
0.0
  0
LINE
  5
535
330
1F
100
AcDbEntity
  8
0
  6
Continuous
 62
     7
370
    25
100
AcDbLine
 10
390.1433857147
 20
81.1952932839
 30
0.0
 11
390.1433857147
 21
162.9352932839
 31
0.0
  0
LINE
  5
536
330
1F
100
AcDbEntity
  8
0
  6
Continuous
 62
     7
370
    25
100
AcDbLine
 10
274.1433857147
 20
81.1952932839
 30
0.0
 11
390.1433857147
 21
81.1952932839
 31
0.0
  0
LINE
  5
537
330
1F
100
AcDbEntity
  8
0
  6
Continuous
 62
     7
370
    25
100
AcDbLine
 10
274.1433857147
 20
162.9352932839
 30
0.0
 11
274.1433857147
 21
81.1952932839
 31
0.0
  0
LINE
  5
538
330
1F
100
AcDbEntity
  8
0
  6
Continuous
 62
     7
370
    25
100
AcDbLine
 10
274.1433857147
 20
162.9352932839
 30
0.0
 11
292.6433857147
 21
173.6162732639
 31
0.0
  0
LINE
  5
539
330
1F
100
AcDbEntity
  8
0
  6
Continuous
 62
     7
370
    25
100
AcDbLine
 10
292.6433857147
 20
173.6162732639
 30
0.0
 11
292.6433857147
 21
237.0584690304
 31
0.0
  0
LINE
  5
53A
330
1F
100
AcDbEntity
  8
0
  6
Continuous
 62
     7
370
    25
100
AcDbLine
 10
314.7688815757
 20
235.478555258
 30
0.0
 11
316.7688815757
 21
234.3238547196
 31
0.0
  0
LINE
  5
53B
330
1F
100
AcDbEntity
  8
0
  6
Continuous
 62
     7
370
    25
100
AcDbLine
 10
316.7688815757
 20
234.3238547196
 30
0.0
 11
318.7688815757
 21
235.478555258
 31
0.0
  0
LINE
  5
53C
330
1F
100
AcDbEntity
  8
0
  6
Continuous
 62
     7
370
    25
100
AcDbLine
 10
318.7688815757
 20
235.478555258
 30
0.0
 11
318.7688815757
 21
237.7879563347
 31
0.0
  0
LINE
  5
53D
330
1F
100
AcDbEntity
  8
0
  6
Continuous
 62
     7
370
    25
100
AcDbLine
 10
318.7688815757
 20
237.7879563347
 30
0.0
 11
318.4863068695
 21
237.9511009174
 31
0.0
  0
LINE
  5
53E
330
1F
100
AcDbEntity
  8
0
  6
Continuous
 62
     7
370
    25
100
AcDbLine
 10
314.7688815757
 20
236.5980687624
 30
0.0
 11
314.7688815757
 21
235.478555258
 31
0.0
  0
LINE
  5
53F
330
1F
100
AcDbEntity
  8
0
  6
Continuous
 62
     7
370
    25
100
AcDbLine
 10
305.9028890993
 20
220.1904120829
 30
0.0
 11
307.9028890993
 21
219.0357115445
 31
0.0
  0
LINE
  5
540
330
1F
100
AcDbEntity
  8
0
  6
Continuous
 62
     7
370
    25
100
AcDbLine
 10
307.9028890993
 20
219.0357115445
 30
0.0
 11
309.9028890993
 21
220.1904120829
 31
0.0
  0
LINE
  5
541
330
1F
100
AcDbEntity
  8
0
  6
Continuous
 62
     7
370
    25
100
AcDbLine
 10
309.9028890993
 20
220.1904120829
 30
0.0
 11
309.9028890993
 21
222.4998131596
 31
0.0
  0
LINE
  5
542
330
1F
100
AcDbEntity
  8
0
  6
Continuous
 62
     7
370
    25
100
AcDbLine
 10
309.9028890993
 20
222.4998131596
 30
0.0
 11
308.7910956169
 21
223.1417074259
 31
0.0
  0
LINE
  5
543
330
1F
100
AcDbEntity
  8
0
  6
Continuous
 62
     7
370
    25
100
AcDbLine
 10
305.9028890993
 20
221.0878278423
 30
0.0
 11
305.9028890993
 21
220.1904120829
 31
0.0
  0
LINE
  5
544
330
1F
100
AcDbEntity
  8
0
  6
Continuous
 62
     7
370
    25
100
AcDbLine
 10
310.9028890993
 20
224.2318639672
 30
0.0
 11
312.9028890993
 21
225.3865645056
 31
0.0
  0
LINE
  5
545
330
1F
100
AcDbEntity
  8
0
  6
Continuous
 62
     7
370
    25
100
AcDbLine
 10
312.9028890993
 20
225.3865645056
 30
0.0
 11
312.9028890993
 21
227.6959655823
 31
0.0
  0
LINE
  5
546
330
1F
100
AcDbEntity
  8
0
  6
Continuous
 62
     7
370
    25
100
AcDbLine
 10
312.9028890993
 20
227.6959655823
 30
0.0
 11
311.5089005736
 21
228.5007852329
 31
0.0
  0
LINE
  5
547
330
1F
100
AcDbEntity
  8
0
  6
Continuous
 62
     7
370
    25
100
AcDbLine
 10
310.052157822
 20
224.7230338991
 30
0.0
 11
310.9028890993
 21
224.2318639672
 31
0.0
  0
LINE
  5
548
330
1F
100
AcDbEntity
  8
0
  6
Continuous
 62
     7
370
    25
100
AcDbLine
 10
311.7069342404
 20
163.6799194528
 30
0.0
 11
313.7069342404
 21
164.8346199912
 31
0.0
  0
LINE
  5
549
330
1F
100
AcDbEntity
  8
0
  6
Continuous
 62
     7
370
    25
100
AcDbLine
 10
313.7069342404
 20
164.8346199912
 30
0.0
 11
313.7069342404
 21
167.144021068
 31
0.0
  0
LINE
  5
54A
330
1F
100
AcDbEntity
  8
0
  6
Continuous
 62
     7
370
    25
100
AcDbLine
 10
313.7069342404
 20
167.144021068
 30
0.0
 11
311.7069342404
 21
168.2987216063
 31
0.0
  0
LINE
  5
54B
330
1F
100
AcDbEntity
  8
0
  6
Continuous
 62
     7
370
    25
100
AcDbLine
 10
311.7069342404
 20
168.2987216063
 30
0.0
 11
309.7069342404
 21
167.144021068
 31
0.0
  0
LINE
  5
54C
330
1F
100
AcDbEntity
  8
0
  6
Continuous
 62
     7
370
    25
100
AcDbLine
 10
309.7069342404
 20
167.144021068
 30
0.0
 11
309.7069342404
 21
165.0496136314
 31
0.0
  0
LINE
  5
54D
330
1F
100
AcDbEntity
  8
0
  6
Continuous
 62
     7
370
    25
100
AcDbLine
 10
309.9595777255
 20
164.6887562071
 30
0.0
 11
311.7069342404
 21
163.6799194528
 31
0.0
  0
LINE
  5
54E
330
1F
100
AcDbEntity
  8
0
  6
Continuous
 62
     7
370
    25
100
AcDbLine
 10
302.3049116698
 20
188.7597392873
 30
0.0
 11
304.3049116698
 21
189.9144398257
 31
0.0
  0
LINE
  5
54F
330
1F
100
AcDbEntity
  8
0
  6
Continuous
 62
     7
370
    25
100
AcDbLine
 10
304.3049116698
 20
189.9144398257
 30
0.0
 11
304.3049116698
 21
192.2238409024
 31
0.0
  0
LINE
  5
550
330
1F
100
AcDbEntity
  8
0
  6
Continuous
 62
     7
370
    25
100
AcDbLine
 10
304.3049116698
 20
192.2238409024
 30
0.0
 11
303.9402209762
 21
192.4343951726
 31
0.0
  0
LINE
  5
551
330
1F
100
AcDbEntity
  8
0
  6
Continuous
 62
     7
370
    25
100
AcDbLine
 10
302.0594210267
 20
193.2368073519
 30
0.0
 11
300.6433857147
 21
192.4192589833
 31
0.0
  0
LINE
  5
552
330
1F
100
AcDbEntity
  8
0
  6
Continuous
 62
     7
370
    25
100
AcDbLine
 10
300.6433857147
 20
189.7190217448
 30
0.0
 11
302.3049116698
 21
188.7597392873
 31
0.0
  0
LINE
  5
553
330
1F
100
AcDbEntity
  8
0
  6
Continuous
 62
     7
370
    25
100
AcDbLine
 10
363.6433857147
 20
172.5765301455
 30
0.0
 11
362.5729267169
 21
173.194559936
 31
0.0
  0
LINE
  5
554
330
1F
100
AcDbEntity
  8
0
  6
Continuous
 62
     7
370
    25
100
AcDbLine
 10
362.5729267169
 20
173.194559936
 30
0.0
 11
360.5729267169
 21
172.0398593977
 31
0.0
  0
LINE
  5
555
330
1F
100
AcDbEntity
  8
0
  6
Continuous
 62
     7
370
    25
100
AcDbLine
 10
360.5729267169
 20
172.0398593977
 30
0.0
 11
360.5729267169
 21
169.7304583209
 31
0.0
  0
LINE
  5
556
330
1F
100
AcDbEntity
  8
0
  6
Continuous
 62
     7
370
    25
100
AcDbLine
 10
360.5729267169
 20
169.7304583209
 30
0.0
 11
361.6837239506
 21
169.089139239
 31
0.0
  0
LINE
  5
557
330
1F
100
AcDbEntity
  8
0
  6
Continuous
 62
     7
370
    25
100
AcDbLine
 10
345.8354108144
 20
159.1352932839
 30
0.0
 11
346.7069342404
 21
159.6384675685
 31
0.0
  0
LINE
  5
558
330
1F
100
AcDbEntity
  8
0
  6
Continuous
 62
     7
370
    25
100
AcDbLine
 10
346.7069342404
 20
159.6384675685
 30
0.0
 11
346.7069342404
 21
161.9478686453
 31
0.0
  0
LINE
  5
559
330
1F
100
AcDbEntity
  8
0
  6
Continuous
 62
     7
370
    25
100
AcDbLine
 10
346.7069342404
 20
161.9478686453
 30
0.0
 11
344.7069342404
 21
163.1025691836
 31
0.0
  0
LINE
  5
55A
330
1F
100
AcDbEntity
  8
0
  6
Continuous
 62
     7
370
    25
100
AcDbLine
 10
344.7069342404
 20
163.1025691836
 30
0.0
 11
342.7069342404
 21
161.9478686453
 31
0.0
  0
LINE
  5
55B
330
1F
100
AcDbEntity
  8
0
  6
Continuous
 62
     7
370
    25
100
AcDbLine
 10
342.7069342404
 20
161.9478686453
 30
0.0
 11
342.7069342404
 21
159.6384675685
 31
0.0
  0
LINE
  5
55C
330
1F
100
AcDbEntity
  8
0
  6
Continuous
 62
     7
370
    25
100
AcDbLine
 10
342.7069342404
 20
159.6384675685
 30
0.0
 11
343.5784576664
 21
159.1352932839
 31
0.0
  0
LINE
  5
55D
330
1F
100
AcDbEntity
  8
0
  6
Continuous
 62
     7
370
    25
100
AcDbLine
 10
339.8354108144
 20
159.1352932839
 30
0.0
 11
340.7069342404
 21
159.6384675685
 31
0.0
  0
LINE
  5
55E
330
1F
100
AcDbEntity
  8
0
  6
Continuous
 62
     7
370
    25
100
AcDbLine
 10
340.7069342404
 20
159.6384675685
 30
0.0
 11
340.7069342404
 21
161.9478686453
 31
0.0
  0
LINE
  5
55F
330
1F
100
AcDbEntity
  8
0
  6
Continuous
 62
     7
370
    25
100
AcDbLine
 10
340.7069342404
 20
161.9478686453
 30
0.0
 11
338.7069342404
 21
163.1025691836
 31
0.0
  0
LINE
  5
560
330
1F
100
AcDbEntity
  8
0
  6
Continuous
 62
     7
370
    25
100
AcDbLine
 10
338.7069342404
 20
163.1025691836
 30
0.0
 11
336.7069342404
 21
161.9478686453
 31
0.0
  0
LINE
  5
561
330
1F
100
AcDbEntity
  8
0
  6
Continuous
 62
     7
370
    25
100
AcDbLine
 10
336.7069342404
 20
161.9478686453
 30
0.0
 11
336.7069342404
 21
159.6384675685
 31
0.0
  0
LINE
  5
562
330
1F
100
AcDbEntity
  8
0
  6
Continuous
 62
     7
370
    25
100
AcDbLine
 10
336.7069342404
 20
159.6384675685
 30
0.0
 11
337.5784576664
 21
159.1352932839
 31
0.0
  0
LINE
  5
563
330
1F
100
AcDbEntity
  8
0
  6
Continuous
 62
     7
370
    25
100
AcDbLine
 10
333.8354108144
 20
159.1352932839
 30
0.0
 11
334.7069342404
 21
159.6384675685
 31
0.0
  0
LINE
  5
564
330
1F
100
AcDbEntity
  8
0
  6
Continuous
 62
     7
370
    25
100
AcDbLine
 10
334.7069342404
 20
159.6384675685
 30
0.0
 11
334.7069342404
 21
161.9478686453
 31
0.0
  0
LINE
  5
565
330
1F
100
AcDbEntity
  8
0
  6
Continuous
 62
     7
370
    25
100
AcDbLine
 10
334.7069342404
 20
161.9478686453
 30
0.0
 11
332.7069342404
 21
163.1025691836
 31
0.0
  0
LINE
  5
566
330
1F
100
AcDbEntity
  8
0
  6
Continuous
 62
     7
370
    25
100
AcDbLine
 10
332.7069342404
 20
163.1025691836
 30
0.0
 11
330.7069342404
 21
161.9478686453
 31
0.0
  0
LINE
  5
567
330
1F
100
AcDbEntity
  8
0
  6
Continuous
 62
     7
370
    25
100
AcDbLine
 10
330.7069342404
 20
161.9478686453
 30
0.0
 11
330.7069342404
 21
159.6384675685
 31
0.0
  0
LINE
  5
568
330
1F
100
AcDbEntity
  8
0
  6
Continuous
 62
     7
370
    25
100
AcDbLine
 10
330.7069342404
 20
159.6384675685
 30
0.0
 11
331.5784576664
 21
159.1352932839
 31
0.0
  0
LINE
  5
569
330
1F
100
AcDbEntity
  8
0
  6
Continuous
 62
     7
370
    25
100
AcDbLine
 10
327.8354108144
 20
159.1352932839
 30
0.0
 11
328.7069342404
 21
159.6384675685
 31
0.0
  0
LINE
  5
56A
330
1F
100
AcDbEntity
  8
0
  6
Continuous
 62
     7
370
    25
100
AcDbLine
 10
328.7069342404
 20
159.6384675685
 30
0.0
 11
328.7069342404
 21
161.9478686453
 31
0.0
  0
LINE
  5
56B
330
1F
100
AcDbEntity
  8
0
  6
Continuous
 62
     7
370
    25
100
AcDbLine
 10
328.7069342404
 20
161.9478686453
 30
0.0
 11
326.7069342404
 21
163.1025691836
 31
0.0
  0
LINE
  5
56C
330
1F
100
AcDbEntity
  8
0
  6
Continuous
 62
     7
370
    25
100
AcDbLine
 10
326.7069342404
 20
163.1025691836
 30
0.0
 11
324.7069342404
 21
161.9478686453
 31
0.0
  0
LINE
  5
56D
330
1F
100
AcDbEntity
  8
0
  6
Continuous
 62
     7
370
    25
100
AcDbLine
 10
324.7069342404
 20
161.9478686453
 30
0.0
 11
324.7069342404
 21
159.6384675685
 31
0.0
  0
LINE
  5
56E
330
1F
100
AcDbEntity
  8
0
  6
Continuous
 62
     7
370
    25
100
AcDbLine
 10
324.7069342404
 20
159.6384675685
 30
0.0
 11
325.5784576664
 21
159.1352932839
 31
0.0
  0
LINE
  5
56F
330
1F
100
AcDbEntity
  8
0
  6
Continuous
 62
     7
370
    25
100
AcDbLine
 10
321.8354108144
 20
159.1352932839
 30
0.0
 11
322.7069342404
 21
159.6384675685
 31
0.0
  0
LINE
  5
570
330
1F
100
AcDbEntity
  8
0
  6
Continuous
 62
     7
370
    25
100
AcDbLine
 10
322.7069342404
 20
159.6384675685
 30
0.0
 11
322.7069342404
 21
161.9478686453
 31
0.0
  0
LINE
  5
571
330
1F
100
AcDbEntity
  8
0
  6
Continuous
 62
     7
370
    25
100
AcDbLine
 10
322.7069342404
 20
161.9478686453
 30
0.0
 11
320.7069342404
 21
163.1025691836
 31
0.0
  0
LINE
  5
572
330
1F
100
AcDbEntity
  8
0
  6
Continuous
 62
     7
370
    25
100
AcDbLine
 10
320.7069342404
 20
163.1025691836
 30
0.0
 11
318.7069342404
 21
161.9478686453
 31
0.0
  0
LINE
  5
573
330
1F
100
AcDbEntity
  8
0
  6
Continuous
 62
     7
370
    25
100
AcDbLine
 10
318.7069342404
 20
161.9478686453
 30
0.0
 11
318.7069342404
 21
159.6384675685
 31
0.0
  0
LINE
  5
574
330
1F
100
AcDbEntity
  8
0
  6
Continuous
 62
     7
370
    25
100
AcDbLine
 10
318.7069342404
 20
159.6384675685
 30
0.0
 11
319.5784576664
 21
159.1352932839
 31
0.0
  0
LINE
  5
575
330
1F
100
AcDbEntity
  8
0
  6
Continuous
 62
     7
370
    25
100
AcDbLine
 10
315.8354108144
 20
159.1352932839
 30
0.0
 11
316.7069342404
 21
159.6384675685
 31
0.0
  0
LINE
  5
576
330
1F
100
AcDbEntity
  8
0
  6
Continuous
 62
     7
370
    25
100
AcDbLine
 10
316.7069342404
 20
159.6384675685
 30
0.0
 11
316.7069342404
 21
161.9478686453
 31
0.0
  0
LINE
  5
577
330
1F
100
AcDbEntity
  8
0
  6
Continuous
 62
     7
370
    25
100
AcDbLine
 10
316.7069342404
 20
161.9478686453
 30
0.0
 11
314.7069342404
 21
163.1025691836
 31
0.0
  0
LINE
  5
578
330
1F
100
AcDbEntity
  8
0
  6
Continuous
 62
     7
370
    25
100
AcDbLine
 10
314.7069342404
 20
163.1025691836
 30
0.0
 11
312.7069342404
 21
161.9478686453
 31
0.0
  0
LINE
  5
579
330
1F
100
AcDbEntity
  8
0
  6
Continuous
 62
     7
370
    25
100
AcDbLine
 10
312.7069342404
 20
161.9478686453
 30
0.0
 11
312.7069342404
 21
159.6384675685
 31
0.0
  0
LINE
  5
57A
330
1F
100
AcDbEntity
  8
0
  6
Continuous
 62
     7
370
    25
100
AcDbLine
 10
312.7069342404
 20
159.6384675685
 30
0.0
 11
313.5784576664
 21
159.1352932839
 31
0.0
  0
LINE
  5
57B
330
1F
100
AcDbEntity
  8
0
  6
Continuous
 62
     7
370
    25
100
AcDbLine
 10
355.7069342404
 20
167.144021068
 30
0.0
 11
353.7069342404
 21
168.2987216063
 31
0.0
  0
LINE
  5
57C
330
1F
100
AcDbEntity
  8
0
  6
Continuous
 62
     7
370
    25
100
AcDbLine
 10
353.7069342404
 20
168.2987216063
 30
0.0
 11
351.7069342404
 21
167.144021068
 31
0.0
  0
LINE
  5
57D
330
1F
100
AcDbEntity
  8
0
  6
Continuous
 62
     7
370
    25
100
AcDbLine
 10
351.7069342404
 20
167.144021068
 30
0.0
 11
351.7069342404
 21
164.8346199912
 31
0.0
  0
LINE
  5
57E
330
1F
100
AcDbEntity
  8
0
  6
Continuous
 62
     7
370
    25
100
AcDbLine
 10
351.7069342404
 20
164.8346199912
 30
0.0
 11
353.7069342404
 21
163.6799194528
 31
0.0
  0
LINE
  5
57F
330
1F
100
AcDbEntity
  8
0
  6
Continuous
 62
     7
370
    25
100
AcDbLine
 10
353.7069342404
 20
163.6799194528
 30
0.0
 11
353.747806345
 21
163.7035169734
 31
0.0
  0
LINE
  5
580
330
1F
100
AcDbEntity
  8
0
  6
Continuous
 62
     7
370
    25
100
AcDbLine
 10
355.7069342404
 20
166.3384620967
 30
0.0
 11
355.7069342404
 21
167.144021068
 31
0.0
  0
LINE
  5
581
330
1F
100
AcDbEntity
  8
0
  6
Continuous
 62
     7
370
    25
100
AcDbLine
 10
352.7069342404
 20
161.9478686453
 30
0.0
 11
350.7069342404
 21
163.1025691836
 31
0.0
  0
LINE
  5
582
330
1F
100
AcDbEntity
  8
0
  6
Continuous
 62
     7
370
    25
100
AcDbLine
 10
350.7069342404
 20
163.1025691836
 30
0.0
 11
348.7069342404
 21
161.9478686453
 31
0.0
  0
LINE
  5
583
330
1F
100
AcDbEntity
  8
0
  6
Continuous
 62
     7
370
    25
100
AcDbLine
 10
348.7069342404
 20
161.9478686453
 30
0.0
 11
348.7069342404
 21
159.6384675685
 31
0.0
  0
LINE
  5
584
330
1F
100
AcDbEntity
  8
0
  6
Continuous
 62
     7
370
    25
100
AcDbLine
 10
348.7069342404
 20
159.6384675685
 30
0.0
 11
349.5784576664
 21
159.1352932839
 31
0.0
  0
LINE
  5
585
330
1F
100
AcDbEntity
  8
0
  6
Continuous
 62
     7
370
    25
100
AcDbLine
 10
352.7069342404
 20
160.2608740673
 30
0.0
 11
352.7069342404
 21
161.9478686453
 31
0.0
  0
LINE
  5
586
330
1F
100
AcDbEntity
  8
0
  6
Continuous
 62
     7
370
    25
100
AcDbLine
 10
350.9028890993
 20
227.6959655823
 30
0.0
 11
350.9028890993
 21
225.3865645056
 31
0.0
  0
LINE
  5
587
330
1F
100
AcDbEntity
  8
0
  6
Continuous
 62
     7
370
    25
100
AcDbLine
 10
350.9028890993
 20
225.3865645056
 30
0.0
 11
352.9028890993
 21
224.2318639672
 31
0.0
  0
LINE
  5
588
330
1F
100
AcDbEntity
  8
0
  6
Continuous
 62
     7
370
    25
100
AcDbLine
 10
352.9028890993
 20
224.2318639672
 30
0.0
 11
354.1068093627
 21
224.9269476553
 31
0.0
  0
LINE
  5
589
330
1F
100
AcDbEntity
  8
0
  6
Continuous
 62
     7
370
    25
100
AcDbLine
 10
352.7389618263
 20
228.7560226655
 30
0.0
 11
350.9028890993
 21
227.6959655823
 31
0.0
  0
LINE
  5
58A
330
1F
100
AcDbEntity
  8
0
  6
Continuous
 62
     7
370
    25
100
AcDbLine
 10
353.9028890993
 20
222.4998131596
 30
0.0
 11
353.9028890993
 21
220.1904120829
 31
0.0
  0
LINE
  5
58B
330
1F
100
AcDbEntity
  8
0
  6
Continuous
 62
     7
370
    25
100
AcDbLine
 10
353.9028890993
 20
220.1904120829
 30
0.0
 11
355.9028890993
 21
219.0357115445
 31
0.0
  0
LINE
  5
58C
330
1F
100
AcDbEntity
  8
0
  6
Continuous
 62
     7
370
    25
100
AcDbLine
 10
355.9028890993
 20
219.0357115445
 30
0.0
 11
357.9028890993
 21
220.1904120829
 31
0.0
  0
LINE
  5
58D
330
1F
100
AcDbEntity
  8
0
  6
Continuous
 62
     7
370
    25
100
AcDbLine
 10
357.9028890993
 20
220.1904120829
 30
0.0
 11
357.9028890993
 21
221.3303122028
 31
0.0
  0
LINE
  5
58E
330
1F
100
AcDbEntity
  8
0
  6
Continuous
 62
     7
370
    25
100
AcDbLine
 10
355.3247842365
 20
223.3207446999
 30
0.0
 11
353.9028890993
 21
222.4998131596
 31
0.0
  0
LINE
  5
58F
330
1F
100
AcDbEntity
  8
0
  6
Continuous
 62
     7
370
    25
100
AcDbLine
 10
345.3410672246
 20
238.1183078731
 30
0.0
 11
344.7688815757
 21
237.7879563347
 31
0.0
  0
LINE
  5
590
330
1F
100
AcDbEntity
  8
0
  6
Continuous
 62
     7
370
    25
100
AcDbLine
 10
344.7688815757
 20
237.7879563347
 30
0.0
 11
344.7688815757
 21
235.478555258
 31
0.0
  0
LINE
  5
591
330
1F
100
AcDbEntity
  8
0
  6
Continuous
 62
     7
370
    25
100
AcDbLine
 10
344.7688815757
 20
235.478555258
 30
0.0
 11
346.7688815757
 21
234.3238547196
 31
0.0
  0
LINE
  5
592
330
1F
100
AcDbEntity
  8
0
  6
Continuous
 62
     7
370
    25
100
AcDbLine
 10
346.7688815757
 20
234.3238547196
 30
0.0
 11
348.7688815757
 21
235.478555258
 31
0.0
  0
LINE
  5
593
330
1F
100
AcDbEntity
  8
0
  6
Continuous
 62
     7
370
    25
100
AcDbLine
 10
348.7688815757
 20
235.478555258
 30
0.0
 11
348.7688815757
 21
236.8706854808
 31
0.0
  0
LINE
  5
594
330
1F
100
AcDbEntity
  8
0
  6
Continuous
 62
     7
370
    25
100
AcDbLine
 10
335.7688815757
 20
230.2824028353
 30
0.0
 11
337.7688815757
 21
229.1277022969
 31
0.0
  0
LINE
  5
595
330
1F
100
AcDbEntity
  8
0
  6
Continuous
 62
     7
370
    25
100
AcDbLine
 10
337.7688815757
 20
229.1277022969
 30
0.0
 11
339.7688815757
 21
230.2824028353
 31
0.0
  0
LINE
  5
596
330
1F
100
AcDbEntity
  8
0
  6
Continuous
 62
     7
370
    25
100
AcDbLine
 10
339.7688815757
 20
230.2824028353
 30
0.0
 11
339.7688815757
 21
232.591803912
 31
0.0
  0
LINE
  5
597
330
1F
100
AcDbEntity
  8
0
  6
Continuous
 62
     7
370
    25
100
AcDbLine
 10
339.7688815757
 20
232.591803912
 30
0.0
 11
339.1467773372
 21
232.9509759616
 31
0.0
  0
LINE
  5
598
330
1F
100
AcDbEntity
  8
0
  6
Continuous
 62
     7
370
    25
100
AcDbLine
 10
335.7688815757
 20
230.8478911456
 30
0.0
 11
335.7688815757
 21
230.2824028353
 31
0.0
  0
LINE
  5
599
330
1F
100
AcDbEntity
  8
0
  6
Continuous
 62
     7
370
    25
100
AcDbLine
 10
320.7688815757
 20
237.7879563347
 30
0.0
 11
320.7688815757
 21
235.478555258
 31
0.0
  0
LINE
  5
59A
330
1F
100
AcDbEntity
  8
0
  6
Continuous
 62
     7
370
    25
100
AcDbLine
 10
320.7688815757
 20
235.478555258
 30
0.0
 11
322.7688815757
 21
234.3238547196
 31
0.0
  0
LINE
  5
59B
330
1F
100
AcDbEntity
  8
0
  6
Continuous
 62
     7
370
    25
100
AcDbLine
 10
322.7688815757
 20
234.3238547196
 30
0.0
 11
323.5848270348
 21
234.79494105
 31
0.0
  0
LINE
  5
59C
330
1F
100
AcDbEntity
  8
0
  6
Continuous
 62
     7
370
    25
100
AcDbLine
 10
322.0702655377
 20
238.5393107155
 30
0.0
 11
320.7688815757
 21
237.7879563347
 31
0.0
  0
LINE
  5
59D
330
1F
100
AcDbEntity
  8
0
  6
Continuous
 62
     7
370
    25
100
AcDbLine
 10
323.7688815757
 20
232.591803912
 30
0.0
 11
323.7688815757
 21
230.2824028353
 31
0.0
  0
LINE
  5
59E
330
1F
100
AcDbEntity
  8
0
  6
Continuous
 62
     7
370
    25
100
AcDbLine
 10
323.7688815757
 20
230.2824028353
 30
0.0
 11
325.7688815757
 21
229.1277022969
 31
0.0
  0
LINE
  5
59F
330
1F
100
AcDbEntity
  8
0
  6
Continuous
 62
     7
370
    25
100
AcDbLine
 10
325.7688815757
 20
229.1277022969
 30
0.0
 11
327.7688815757
 21
230.2824028353
 31
0.0
  0
LINE
  5
5A0
330
1F
100
AcDbEntity
  8
0
  6
Continuous
 62
     7
370
    25
100
AcDbLine
 10
327.7688815757
 20
230.2824028353
 30
0.0
 11
327.7688815757
 21
231.1656539415
 31
0.0
  0
LINE
  5
5A1
330
1F
100
AcDbEntity
  8
0
  6
Continuous
 62
     7
370
    25
100
AcDbLine
 10
324.8608844399
 20
233.2222720596
 30
0.0
 11
323.7688815757
 21
232.591803912
 31
0.0
  0
LINE
  5
5A2
330
1F
100
AcDbEntity
  8
0
  6
Continuous
 62
     7
370
    25
100
AcDbLine
 10
304.0368966228
 20
212.4078224072
 30
0.0
 11
302.0368966228
 21
213.5625229456
 31
0.0
  0
LINE
  5
5A3
330
1F
100
AcDbEntity
  8
0
  6
Continuous
 62
     7
370
    25
100
AcDbLine
 10
302.0368966228
 20
213.5625229456
 30
0.0
 11
300.6433857147
 21
212.7579790477
 31
0.0
  0
LINE
  5
5A4
330
1F
100
AcDbEntity
  8
0
  6
Continuous
 62
     7
370
    25
100
AcDbLine
 10
304.0368966228
 20
211.5656502859
 30
0.0
 11
304.0368966228
 21
212.4078224072
 31
0.0
  0
LINE
  5
5A5
330
1F
100
AcDbEntity
  8
0
  6
Continuous
 62
     7
370
    25
100
AcDbLine
 10
310.0368966228
 20
212.4078224072
 30
0.0
 11
308.0368966228
 21
213.5625229456
 31
0.0
  0
LINE
  5
5A6
330
1F
100
AcDbEntity
  8
0
  6
Continuous
 62
     7
370
    25
100
AcDbLine
 10
308.0368966228
 20
213.5625229456
 30
0.0
 11
306.0368966228
 21
212.4078224072
 31
0.0
  0
LINE
  5
5A7
330
1F
100
AcDbEntity
  8
0
  6
Continuous
 62
     7
370
    25
100
AcDbLine
 10
306.0368966228
 20
212.4078224072
 30
0.0
 11
306.0368966228
 21
211.9476823876
 31
0.0
  0
LINE
  5
5A8
330
1F
100
AcDbEntity
  8
0
  6
Continuous
 62
     7
370
    25
100
AcDbLine
 10
310.0368966228
 20
211.4816667701
 30
0.0
 11
310.0368966228
 21
212.4078224072
 31
0.0
  0
LINE
  5
5A9
330
1F
100
AcDbEntity
  8
0
  6
Continuous
 62
     7
370
    25
100
AcDbLine
 10
316.0368966228
 20
210.0984213305
 30
0.0
 11
316.0368966228
 21
212.4078224072
 31
0.0
  0
LINE
  5
5AA
330
1F
100
AcDbEntity
  8
0
  6
Continuous
 62
     7
370
    25
100
AcDbLine
 10
316.0368966228
 20
212.4078224072
 30
0.0
 11
314.0368966228
 21
213.5625229456
 31
0.0
  0
LINE
  5
5AB
330
1F
100
AcDbEntity
  8
0
  6
Continuous
 62
     7
370
    25
100
AcDbLine
 10
314.0368966228
 20
213.5625229456
 30
0.0
 11
312.0368966228
 21
212.4078224072
 31
0.0
  0
LINE
  5
5AC
330
1F
100
AcDbEntity
  8
0
  6
Continuous
 62
     7
370
    25
100
AcDbLine
 10
312.0368966228
 20
212.4078224072
 30
0.0
 11
312.0368966228
 21
210.5670801466
 31
0.0
  0
LINE
  5
5AD
330
1F
100
AcDbEntity
  8
0
  6
Continuous
 62
     7
370
    25
100
AcDbLine
 10
314.067926457
 20
208.9616358752
 30
0.0
 11
316.0368966228
 21
210.0984213305
 31
0.0
  0
LINE
  5
5AE
330
1F
100
AcDbEntity
  8
0
  6
Continuous
 62
     7
370
    25
100
AcDbLine
 10
317.1709041463
 20
204.0478824624
 30
0.0
 11
319.1709041463
 21
205.2025830008
 31
0.0
  0
LINE
  5
5AF
330
1F
100
AcDbEntity
  8
0
  6
Continuous
 62
     7
370
    25
100
AcDbLine
 10
319.1709041463
 20
205.2025830008
 30
0.0
 11
319.1709041463
 21
207.5119840775
 31
0.0
  0
LINE
  5
5B0
330
1F
100
AcDbEntity
  8
0
  6
Continuous
 62
     7
370
    25
100
AcDbLine
 10
319.1709041463
 20
207.5119840775
 30
0.0
 11
317.1709041463
 21
208.6666846159
 31
0.0
  0
LINE
  5
5B1
330
1F
100
AcDbEntity
  8
0
  6
Continuous
 62
     7
370
    25
100
AcDbLine
 10
317.1709041463
 20
208.6666846159
 30
0.0
 11
315.2189368561
 21
207.5397157754
 31
0.0
  0
LINE
  5
5B2
330
1F
100
AcDbEntity
  8
0
  6
Continuous
 62
     7
370
    25
100
AcDbLine
 10
316.6151968809
 20
204.3687202017
 30
0.0
 11
317.1709041463
 21
204.0478824624
 31
0.0
  0
LINE
  5
5B3
330
1F
100
AcDbEntity
  8
0
  6
Continuous
 62
     7
370
    25
100
AcDbLine
 10
315.3049116698
 20
195.1105922484
 30
0.0
 11
317.3049116698
 21
193.95589171
 31
0.0
  0
LINE
  5
5B4
330
1F
100
AcDbEntity
  8
0
  6
Continuous
 62
     7
370
    25
100
AcDbLine
 10
317.3049116698
 20
193.95589171
 30
0.0
 11
319.3049116698
 21
195.1105922484
 31
0.0
  0
LINE
  5
5B5
330
1F
100
AcDbEntity
  8
0
  6
Continuous
 62
     7
370
    25
100
AcDbLine
 10
319.3049116698
 20
195.1105922484
 30
0.0
 11
319.3049116698
 21
197.4199933251
 31
0.0
  0
LINE
  5
5B6
330
1F
100
AcDbEntity
  8
0
  6
Continuous
 62
     7
370
    25
100
AcDbLine
 10
319.3049116698
 20
197.4199933251
 30
0.0
 11
317.3049116698
 21
198.5746938635
 31
0.0
  0
LINE
  5
5B7
330
1F
100
AcDbEntity
  8
0
  6
Continuous
 62
     7
370
    25
100
AcDbLine
 10
317.3049116698
 20
198.5746938635
 30
0.0
 11
315.9934804048
 21
197.8175386696
 31
0.0
  0
LINE
  5
5B8
330
1F
100
AcDbEntity
  8
0
  6
Continuous
 62
     7
370
    25
100
AcDbLine
 10
315.3049116698
 20
196.5617924196
 30
0.0
 11
315.3049116698
 21
195.1105922484
 31
0.0
  0
LINE
  5
5B9
330
1F
100
AcDbEntity
  8
0
  6
Continuous
 62
     7
370
    25
100
AcDbLine
 10
306.3049116698
 20
189.9144398257
 30
0.0
 11
308.3049116698
 21
188.7597392873
 31
0.0
  0
LINE
  5
5BA
330
1F
100
AcDbEntity
  8
0
  6
Continuous
 62
     7
370
    25
100
AcDbLine
 10
308.3049116698
 20
188.7597392873
 30
0.0
 11
310.3049116698
 21
189.9144398257
 31
0.0
  0
LINE
  5
5BB
330
1F
100
AcDbEntity
  8
0
  6
Continuous
 62
     7
370
    25
100
AcDbLine
 10
310.3049116698
 20
189.9144398257
 30
0.0
 11
310.3049116698
 21
192.2238409024
 31
0.0
  0
LINE
  5
5BC
330
1F
100
AcDbEntity
  8
0
  6
Continuous
 62
     7
370
    25
100
AcDbLine
 10
310.3049116698
 20
192.2238409024
 30
0.0
 11
309.9143225484
 21
192.4493476369
 31
0.0
  0
LINE
  5
5BD
330
1F
100
AcDbEntity
  8
0
  6
Continuous
 62
     7
370
    25
100
AcDbLine
 10
306.3049116698
 20
192.0032179076
 30
0.0
 11
306.3049116698
 21
189.9144398257
 31
0.0
  0
LINE
  5
5BE
330
1F
100
AcDbEntity
  8
0
  6
Continuous
 62
     7
370
    25
100
AcDbLine
 10
300.6433857147
 20
179.7044002722
 30
0.0
 11
302.4389191934
 21
178.6677485349
 31
0.0
  0
LINE
  5
5BF
330
1F
100
AcDbEntity
  8
0
  6
Continuous
 62
     7
370
    25
100
AcDbLine
 10
302.4389191934
 20
178.6677485349
 30
0.0
 11
304.4389191934
 21
179.8224490733
 31
0.0
  0
LINE
  5
5C0
330
1F
100
AcDbEntity
  8
0
  6
Continuous
 62
     7
370
    25
100
AcDbLine
 10
304.4389191934
 20
179.8224490733
 30
0.0
 11
304.4389191934
 21
182.13185015
 31
0.0
  0
LINE
  5
5C1
330
1F
100
AcDbEntity
  8
0
  6
Continuous
 62
     7
370
    25
100
AcDbLine
 10
304.4389191934
 20
182.13185015
 30
0.0
 11
302.4389191934
 21
183.2865506884
 31
0.0
  0
LINE
  5
5C2
330
1F
100
AcDbEntity
  8
0
  6
Continuous
 62
     7
370
    25
100
AcDbLine
 10
302.4389191934
 20
183.2865506884
 30
0.0
 11
300.6433857147
 21
182.2498989512
 31
0.0
  0
LINE
  5
5C3
330
1F
100
AcDbEntity
  8
0
  6
Continuous
 62
     7
370
    25
100
AcDbLine
 10
303.3021281424
 20
168.9967624218
 30
0.0
 11
304.5729267169
 21
169.7304583209
 31
0.0
  0
LINE
  5
5C4
330
1F
100
AcDbEntity
  8
0
  6
Continuous
 62
     7
370
    25
100
AcDbLine
 10
304.5729267169
 20
169.7304583209
 30
0.0
 11
304.5729267169
 21
172.0398593977
 31
0.0
  0
LINE
  5
5C5
330
1F
100
AcDbEntity
  8
0
  6
Continuous
 62
     7
370
    25
100
AcDbLine
 10
304.5729267169
 20
172.0398593977
 30
0.0
 11
302.5729267169
 21
173.194559936
 31
0.0
  0
LINE
  5
5C6
330
1F
100
AcDbEntity
  8
0
  6
Continuous
 62
     7
370
    25
100
AcDbLine
 10
302.5729267169
 20
173.194559936
 30
0.0
 11
300.6433857147
 21
172.080538919
 31
0.0
  0
LINE
  5
5C7
330
1F
100
AcDbEntity
  8
0
  6
Continuous
 62
     7
370
    25
100
AcDbLine
 10
363.6433857147
 20
182.5911516181
 30
0.0
 11
362.4389191934
 21
183.2865506884
 31
0.0
  0
LINE
  5
5C8
330
1F
100
AcDbEntity
  8
0
  6
Continuous
 62
     7
370
    25
100
AcDbLine
 10
362.4389191934
 20
183.2865506884
 30
0.0
 11
360.4389191934
 21
182.13185015
 31
0.0
  0
LINE
  5
5C9
330
1F
100
AcDbEntity
  8
0
  6
Continuous
 62
     7
370
    25
100
AcDbLine
 10
360.4389191934
 20
182.13185015
 30
0.0
 11
360.4389191934
 21
179.8224490733
 31
0.0
  0
LINE
  5
5CA
330
1F
100
AcDbEntity
  8
0
  6
Continuous
 62
     7
370
    25
100
AcDbLine
 10
360.4389191934
 20
179.8224490733
 30
0.0
 11
362.4389191934
 21
178.6677485349
 31
0.0
  0
LINE
  5
5CB
330
1F
100
AcDbEntity
  8
0
  6
Continuous
 62
     7
370
    25
100
AcDbLine
 10
362.4389191934
 20
178.6677485349
 30
0.0
 11
363.6433857147
 21
179.3631476052
 31
0.0
  0
LINE
  5
5CC
330
1F
100
AcDbEntity
  8
0
  6
Continuous
 62
     7
370
    25
100
AcDbLine
 10
363.6433857147
 20
212.635016036
 30
0.0
 11
362.0368966228
 21
213.5625229456
 31
0.0
  0
LINE
  5
5CD
330
1F
100
AcDbEntity
  8
0
  6
Continuous
 62
     7
370
    25
100
AcDbLine
 10
362.0368966228
 20
213.5625229456
 30
0.0
 11
360.0368966228
 21
212.4078224072
 31
0.0
  0
LINE
  5
5CE
330
1F
100
AcDbEntity
  8
0
  6
Continuous
 62
     7
370
    25
100
AcDbLine
 10
360.0368966228
 20
212.4078224072
 30
0.0
 11
360.0368966228
 21
211.6268118293
 31
0.0
  0
LINE
  5
5CF
330
1F
100
AcDbEntity
  8
0
  6
Continuous
 62
     7
370
    25
100
AcDbLine
 10
360.3049116698
 20
192.2238409024
 30
0.0
 11
360.3049116698
 21
189.9144398257
 31
0.0
  0
LINE
  5
5D0
330
1F
100
AcDbEntity
  8
0
  6
Continuous
 62
     7
370
    25
100
AcDbLine
 10
360.3049116698
 20
189.9144398257
 30
0.0
 11
362.3049116698
 21
188.7597392873
 31
0.0
  0
LINE
  5
5D1
330
1F
100
AcDbEntity
  8
0
  6
Continuous
 62
     7
370
    25
100
AcDbLine
 10
362.3049116698
 20
188.7597392873
 30
0.0
 11
363.6433857147
 21
189.5325076374
 31
0.0
  0
LINE
  5
5D2
330
1F
100
AcDbEntity
  8
0
  6
Continuous
 62
     7
370
    25
100
AcDbLine
 10
363.6433857147
 20
192.6057730907
 30
0.0
 11
362.3904795956
 21
193.3291387758
 31
0.0
  0
LINE
  5
5D3
330
1F
100
AcDbEntity
  8
0
  6
Continuous
 62
     7
370
    25
100
AcDbLine
 10
361.21007922
 20
192.7464396312
 30
0.0
 11
360.3049116698
 21
192.2238409024
 31
0.0
  0
LINE
  5
5D4
330
1F
100
AcDbEntity
  8
0
  6
Continuous
 62
     7
370
    25
100
AcDbLine
 10
354.3049116698
 20
192.2238409024
 30
0.0
 11
354.3049116698
 21
189.9144398257
 31
0.0
  0
LINE
  5
5D5
330
1F
100
AcDbEntity
  8
0
  6
Continuous
 62
     7
370
    25
100
AcDbLine
 10
354.3049116698
 20
189.9144398257
 30
0.0
 11
356.3049116698
 21
188.7597392873
 31
0.0
  0
LINE
  5
5D6
330
1F
100
AcDbEntity
  8
0
  6
Continuous
 62
     7
370
    25
100
AcDbLine
 10
356.3049116698
 20
188.7597392873
 30
0.0
 11
358.3049116698
 21
189.9144398257
 31
0.0
  0
LINE
  5
5D7
330
1F
100
AcDbEntity
  8
0
  6
Continuous
 62
     7
370
    25
100
AcDbLine
 10
358.3049116698
 20
189.9144398257
 30
0.0
 11
358.3049116698
 21
192.0278443177
 31
0.0
  0
LINE
  5
5D8
330
1F
100
AcDbEntity
  8
0
  6
Continuous
 62
     7
370
    25
100
AcDbLine
 10
354.5841628582
 20
192.3850666512
 30
0.0
 11
354.3049116698
 21
192.2238409024
 31
0.0
  0
LINE
  5
5D9
330
1F
100
AcDbEntity
  8
0
  6
Continuous
 62
     7
370
    25
100
AcDbLine
 10
347.3049116698
 20
198.5746938635
 30
0.0
 11
345.3049116698
 21
197.4199933251
 31
0.0
  0
LINE
  5
5DA
330
1F
100
AcDbEntity
  8
0
  6
Continuous
 62
     7
370
    25
100
AcDbLine
 10
345.3049116698
 20
197.4199933251
 30
0.0
 11
345.3049116698
 21
195.1105922484
 31
0.0
  0
LINE
  5
5DB
330
1F
100
AcDbEntity
  8
0
  6
Continuous
 62
     7
370
    25
100
AcDbLine
 10
345.3049116698
 20
195.1105922484
 30
0.0
 11
347.3049116698
 21
193.95589171
 31
0.0
  0
LINE
  5
5DC
330
1F
100
AcDbEntity
  8
0
  6
Continuous
 62
     7
370
    25
100
AcDbLine
 10
347.3049116698
 20
193.95589171
 30
0.0
 11
349.3049116698
 21
195.1105922484
 31
0.0
  0
LINE
  5
5DD
330
1F
100
AcDbEntity
  8
0
  6
Continuous
 62
     7
370
    25
100
AcDbLine
 10
349.3049116698
 20
195.1105922484
 30
0.0
 11
349.3049116698
 21
196.091376326
 31
0.0
  0
LINE
  5
5DE
330
1F
100
AcDbEntity
  8
0
  6
Continuous
 62
     7
370
    25
100
AcDbLine
 10
348.1825968087
 20
198.0679621123
 30
0.0
 11
347.3049116698
 21
198.5746938635
 31
0.0
  0
LINE
  5
5DF
330
1F
100
AcDbEntity
  8
0
  6
Continuous
 62
     7
370
    25
100
AcDbLine
 10
347.1709041463
 20
208.6666846159
 30
0.0
 11
345.1709041463
 21
207.5119840775
 31
0.0
  0
LINE
  5
5E0
330
1F
100
AcDbEntity
  8
0
  6
Continuous
 62
     7
370
    25
100
AcDbLine
 10
345.1709041463
 20
207.5119840775
 30
0.0
 11
345.1709041463
 21
205.2025830008
 31
0.0
  0
LINE
  5
5E1
330
1F
100
AcDbEntity
  8
0
  6
Continuous
 62
     7
370
    25
100
AcDbLine
 10
345.1709041463
 20
205.2025830008
 30
0.0
 11
347.1709041463
 21
204.0478824624
 31
0.0
  0
LINE
  5
5E2
330
1F
100
AcDbEntity
  8
0
  6
Continuous
 62
     7
370
    25
100
AcDbLine
 10
347.1709041463
 20
204.0478824624
 30
0.0
 11
347.6625758524
 21
204.3317492542
 31
0.0
  0
LINE
  5
5E3
330
1F
100
AcDbEntity
  8
0
  6
Continuous
 62
     7
370
    25
100
AcDbLine
 10
349.0831851219
 20
207.5626286799
 30
0.0
 11
347.1709041463
 21
208.6666846159
 31
0.0
  0
LINE
  5
5E4
330
1F
100
AcDbEntity
  8
0
  6
Continuous
 62
     7
370
    25
100
AcDbLine
 10
352.0368966228
 20
212.4078224072
 30
0.0
 11
350.0368966228
 21
213.5625229456
 31
0.0
  0
LINE
  5
5E5
330
1F
100
AcDbEntity
  8
0
  6
Continuous
 62
     7
370
    25
100
AcDbLine
 10
350.0368966228
 20
213.5625229456
 30
0.0
 11
348.0368966228
 21
212.4078224072
 31
0.0
  0
LINE
  5
5E6
330
1F
100
AcDbEntity
  8
0
  6
Continuous
 62
     7
370
    25
100
AcDbLine
 10
348.0368966228
 20
212.4078224072
 30
0.0
 11
348.0368966228
 21
210.0984213305
 31
0.0
  0
LINE
  5
5E7
330
1F
100
AcDbEntity
  8
0
  6
Continuous
 62
     7
370
    25
100
AcDbLine
 10
348.0368966228
 20
210.0984213305
 30
0.0
 11
350.0368966228
 21
208.9437207921
 31
0.0
  0
LINE
  5
5E8
330
1F
100
AcDbEntity
  8
0
  6
Continuous
 62
     7
370
    25
100
AcDbLine
 10
350.0368966228
 20
208.9437207921
 30
0.0
 11
350.4263208583
 21
209.1685549793
 31
0.0
  0
LINE
  5
5E9
330
1F
100
AcDbEntity
  8
0
  6
Continuous
 62
     7
370
    25
100
AcDbLine
 10
352.0368966228
 20
210.4360361146
 30
0.0
 11
352.0368966228
 21
212.4078224072
 31
0.0
  0
LINE
  5
5EA
330
1F
100
AcDbEntity
  8
0
  6
Continuous
 62
     7
370
    25
100
AcDbLine
 10
358.0368966228
 20
212.4078224072
 30
0.0
 11
356.0368966228
 21
213.5625229456
 31
0.0
  0
LINE
  5
5EB
330
1F
100
AcDbEntity
  8
0
  6
Continuous
 62
     7
370
    25
100
AcDbLine
 10
356.0368966228
 20
213.5625229456
 30
0.0
 11
354.0368966228
 21
212.4078224072
 31
0.0
  0
LINE
  5
5EC
330
1F
100
AcDbEntity
  8
0
  6
Continuous
 62
     7
370
    25
100
AcDbLine
 10
354.0368966228
 20
212.4078224072
 30
0.0
 11
354.0368966228
 21
211.4087221056
 31
0.0
  0
LINE
  5
5ED
330
1F
100
AcDbEntity
  8
0
  6
Continuous
 62
     7
370
    25
100
AcDbLine
 10
358.0368966228
 20
211.9639166104
 30
0.0
 11
358.0368966228
 21
212.4078224072
 31
0.0
  0
LINE
  5
5EE
330
1F
100
AcDbEntity
  8
0
  6
Continuous
 62
     7
370
    25
100
AcDbLine
 10
318.4863068695
 20
237.9511009174
 30
0.0
 11
314.7688815757
 21
236.5980687624
 31
0.0
  0
ARC
  5
5EF
330
1F
100
AcDbEntity
  8
0
  6
Continuous
 62
     7
370
    25
100
AcDbCircle
 10
301.6433857147
 20
230.1352932839
 30
0.0
 40
9.999999999999988
100
AcDbArc
 50
327.2328671564
 51
350.5927495988
  0
ARC
  5
5F0
330
1F
100
AcDbEntity
  8
0
  6
Continuous
 62
     7
370
    25
100
AcDbCircle
 10
301.6433857147
 20
230.1352932839
 30
0.0
 40
9.999999999999988
100
AcDbArc
 50
295.2108315739
 51
315.6244341242
  0
LINE
  5
5F1
330
1F
100
AcDbEntity
  8
0
  6
Continuous
 62
     7
370
    25
100
AcDbLine
 10
300.6433857147
 20
212.7579790477
 30
0.0
 11
300.6433857147
 21
209.7835238524
 31
0.0
  0
ARC
  5
5F2
330
1F
100
AcDbEntity
  8
0
  6
Continuous
 62
     7
370
    25
100
AcDbCircle
 10
301.6433857147
 20
159.1352932839
 30
0.0
 40
10.00000000000002
100
AcDbArc
 50
80.4519752355
 51
95.7391704773
  0
ARC
  5
5F3
330
1F
100
AcDbEntity
  8
0
  6
Continuous
 62
     7
370
    25
100
AcDbCircle
 10
301.6433857147
 20
159.1352932839
 30
0.0
 40
10.0
100
AcDbArc
 50
33.7345698477
 51
36.2586957164
  0
LINE
  5
5F4
330
1F
100
AcDbEntity
  8
0
  6
Continuous
 62
     7
370
    25
100
AcDbLine
 10
315.8354108144
 20
159.1352932839
 30
0.0
 11
313.5784576664
 21
159.1352932839
 31
0.0
  0
LINE
  5
5F5
330
1F
100
AcDbEntity
  8
0
  6
Continuous
 62
     7
370
    25
100
AcDbLine
 10
321.8354108144
 20
159.1352932839
 30
0.0
 11
319.5784576664
 21
159.1352932839
 31
0.0
  0
LINE
  5
5F6
330
1F
100
AcDbEntity
  8
0
  6
Continuous
 62
     7
370
    25
100
AcDbLine
 10
327.8354108144
 20
159.1352932839
 30
0.0
 11
325.5784576664
 21
159.1352932839
 31
0.0
  0
LINE
  5
5F7
330
1F
100
AcDbEntity
  8
0
  6
Continuous
 62
     7
370
    25
100
AcDbLine
 10
333.8354108144
 20
159.1352932839
 30
0.0
 11
331.5784576664
 21
159.1352932839
 31
0.0
  0
LINE
  5
5F8
330
1F
100
AcDbEntity
  8
0
  6
Continuous
 62
     7
370
    25
100
AcDbLine
 10
339.8354108144
 20
159.1352932839
 30
0.0
 11
337.5784576664
 21
159.1352932839
 31
0.0
  0
LINE
  5
5F9
330
1F
100
AcDbEntity
  8
0
  6
Continuous
 62
     7
370
    25
100
AcDbLine
 10
345.8354108144
 20
159.1352932839
 30
0.0
 11
343.5784576664
 21
159.1352932839
 31
0.0
  0
LINE
  5
5FA
330
1F
100
AcDbEntity
  8
0
  6
Continuous
 62
     7
370
    25
100
AcDbLine
 10
352.6433857147
 20
159.1352932839
 30
0.0
 11
349.5784576664
 21
159.1352932839
 31
0.0
  0
ARC
  5
5FB
330
1F
100
AcDbEntity
  8
0
  6
Continuous
 62
     7
370
    25
100
AcDbCircle
 10
362.6433857147
 20
159.1352932839
 30
0.0
 40
10.00000000000001
100
AcDbArc
 50
173.5372013082
 51
180.0
  0
ARC
  5
5FC
330
1F
100
AcDbEntity
  8
0
  6
Continuous
 62
     7
370
    25
100
AcDbCircle
 10
362.6433857147
 20
159.1352932839
 30
0.0
 40
10.00000000000002
100
AcDbArc
 50
133.9193510582
 51
152.8177499096
  0
ARC
  5
5FD
330
1F
100
AcDbEntity
  8
0
  6
Continuous
 62
     7
370
    25
100
AcDbCircle
 10
362.6433857147
 20
159.1352932839
 30
0.0
 40
10.00000000000001
100
AcDbArc
 50
84.2608295227
 51
95.5069317333
  0
LINE
  5
5FE
330
1F
100
AcDbEntity
  8
0
  6
Continuous
 62
     7
370
    25
100
AcDbLine
 10
363.6433857147
 20
209.7835238524
 30
0.0
 11
363.6433857147
 21
212.635016036
 31
0.0
  0
ARC
  5
5FF
330
1F
100
AcDbEntity
  8
0
  6
Continuous
 62
     7
370
    25
100
AcDbCircle
 10
362.6433857147
 20
230.1352932839
 30
0.0
 40
9.999999999999991
100
AcDbArc
 50
222.9574356819
 51
241.7025083931
  0
ARC
  5
600
330
1F
100
AcDbEntity
  8
0
  6
Continuous
 62
     7
370
    25
100
AcDbCircle
 10
362.6433857147
 20
230.1352932839
 30
0.0
 40
10.00000000000006
100
AcDbArc
 50
187.927911954
 51
211.3882489874
  0
LINE
  5
601
330
1F
100
AcDbEntity
  8
0
  6
Continuous
 62
     7
370
    25
100
AcDbLine
 10
348.7688815757
 20
236.8706854808
 30
0.0
 11
345.3410672246
 21
238.1183078731
 31
0.0
  0
ARC
  5
602
330
1F
100
AcDbEntity
  8
0
  6
Continuous
 62
     7
370
    25
100
AcDbCircle
 10
332.1433857147
 20
240.4352932839
 30
0.0
 40
10.25000000000001
100
AcDbArc
 50
290.7142148815
 51
313.0987402248
  0
ARC
  5
603
330
1F
100
AcDbEntity
  8
0
  6
Continuous
 62
     7
370
    25
100
AcDbCircle
 10
332.1433857147
 20
240.4352932839
 30
0.0
 40
10.24999999999999
100
AcDbArc
 50
224.72537153
 51
244.7365597871
  0
ARC
  5
604
330
1F
100
AcDbEntity
  8
0
  6
Continuous
 62
     7
370
    25
100
AcDbCircle
 10
332.1433857147
 20
240.4352932839
 30
0.0
 40
10.25000000000001
100
AcDbArc
 50
190.6596112466
 51
213.3861053225
  0
ARC
  5
605
330
1F
100
AcDbEntity
  8
0
  6
Continuous
 62
     7
370
    25
100
AcDbCircle
 10
306.9033857147
 20
201.9852932839
 30
0.0
 40
10.00000000000001
100
AcDbArc
 50
106.6574370527
 51
128.7556224911
  0
ARC
  5
606
330
1F
100
AcDbEntity
  8
0
  6
Continuous
 62
     7
370
    25
100
AcDbCircle
 10
306.9033857147
 20
201.9852932839
 30
0.0
 40
10.00000000000005
100
AcDbArc
 50
71.738700684
 51
94.9708502977
  0
ARC
  5
607
330
1F
100
AcDbEntity
  8
0
  6
Continuous
 62
     7
370
    25
100
AcDbCircle
 10
306.9033857147
 20
201.9852932839
 30
0.0
 40
10.00000000000001
100
AcDbArc
 50
44.2375070965
 51
59.1126968419
  0
ARC
  5
608
330
1F
100
AcDbEntity
  8
0
  6
Continuous
 62
     7
370
    25
100
AcDbCircle
 10
306.9033857147
 20
201.9852932839
 30
0.0
 40
10.00000000000002
100
AcDbArc
 50
13.7887453139
 51
33.7411812072
  0
ARC
  5
609
330
1F
100
AcDbEntity
  8
0
  6
Continuous
 62
     7
370
    25
100
AcDbCircle
 10
306.9033857147
 20
201.9852932839
 30
0.0
 40
9.999999999999986
100
AcDbArc
 50
327.1562368393
 51
335.3688243929
  0
ARC
  5
60A
330
1F
100
AcDbEntity
  8
0
  6
Continuous
 62
     7
370
    25
100
AcDbCircle
 10
306.9033857147
 20
201.9852932839
 30
0.0
 40
9.999999999999968
100
AcDbArc
 50
266.5689460515
 51
287.52330412
  0
ARC
  5
60B
330
1F
100
AcDbEntity
  8
0
  6
Continuous
 62
     7
370
    25
100
AcDbCircle
 10
306.9033857147
 20
201.9852932839
 30
0.0
 40
10.0
100
AcDbArc
 50
241.0270617467
 51
252.7635042968
  0
LINE
  5
60C
330
1F
100
AcDbEntity
  8
0
  6
Continuous
 62
     7
370
    25
100
AcDbLine
 10
300.6433857147
 20
192.4192589833
 30
0.0
 11
300.6433857147
 21
189.7190217448
 31
0.0
  0
LINE
  5
60D
330
1F
100
AcDbEntity
  8
0
  6
Continuous
 62
     7
370
    25
100
AcDbLine
 10
300.6433857147
 20
182.2498989512
 30
0.0
 11
300.6433857147
 21
179.7044002722
 31
0.0
  0
LINE
  5
60E
330
1F
100
AcDbEntity
  8
0
  6
Continuous
 62
     7
370
    25
100
AcDbLine
 10
300.6433857147
 20
172.080538919
 30
0.0
 11
300.6433857147
 21
169.085167655
 31
0.0
  0
LINE
  5
60F
330
1F
100
AcDbEntity
  8
0
  6
Continuous
 62
     7
370
    25
100
AcDbLine
 10
363.6433857147
 20
169.085167655
 30
0.0
 11
363.6433857147
 21
172.5765301455
 31
0.0
  0
LINE
  5
610
330
1F
100
AcDbEntity
  8
0
  6
Continuous
 62
     7
370
    25
100
AcDbLine
 10
363.6433857147
 20
179.3631476052
 30
0.0
 11
363.6433857147
 21
182.5911516181
 31
0.0
  0
LINE
  5
611
330
1F
100
AcDbEntity
  8
0
  6
Continuous
 62
     7
370
    25
100
AcDbLine
 10
363.6433857147
 20
189.5325076374
 30
0.0
 11
363.6433857147
 21
192.6057730907
 31
0.0
  0
ARC
  5
612
330
1F
100
AcDbEntity
  8
0
  6
Continuous
 62
     7
370
    25
100
AcDbCircle
 10
357.3833857147
 20
201.9852932839
 30
0.0
 40
10.00000000000001
100
AcDbArc
 50
292.4991266966
 51
300.0469438469
  0
ARC
  5
613
330
1F
100
AcDbEntity
  8
0
  6
Continuous
 62
     7
370
    25
100
AcDbCircle
 10
357.3833857147
 20
201.9852932839
 30
0.0
 40
10.00000000000001
100
AcDbArc
 50
253.7444334704
 51
275.2874564819
  0
ARC
  5
614
330
1F
100
AcDbEntity
  8
0
  6
Continuous
 62
     7
370
    25
100
AcDbCircle
 10
357.3833857147
 20
201.9852932839
 30
0.0
 40
10.00000000000002
100
AcDbArc
 50
203.0623820744
 51
216.1138529643
  0
ARC
  5
615
330
1F
100
AcDbEntity
  8
0
  6
Continuous
 62
     7
370
    25
100
AcDbCircle
 10
357.3833857147
 20
201.9852932839
 30
0.0
 40
9.999999999999991
100
AcDbArc
 50
146.100798631
 51
166.4292671401
  0
ARC
  5
616
330
1F
100
AcDbEntity
  8
0
  6
Continuous
 62
     7
370
    25
100
AcDbCircle
 10
357.3833857147
 20
201.9852932839
 30
0.0
 40
9.999999999999998
100
AcDbArc
 50
122.3201044331
 51
134.0835417496
  0
ARC
  5
617
330
1F
100
AcDbEntity
  8
0
  6
Continuous
 62
     7
370
    25
100
AcDbCircle
 10
357.3833857147
 20
201.9852932839
 30
0.0
 40
9.999999999999996
100
AcDbArc
 50
86.2529879742
 51
109.5511897139
  0
ARC
  5
618
330
1F
100
AcDbEntity
  8
0
  6
Continuous
 62
     7
370
    25
100
AcDbCircle
 10
357.3833857147
 20
201.9852932839
 30
0.0
 40
10.00000000000001
100
AcDbArc
 50
51.2443775089
 51
74.6121842913
  0
LINE
  5
619
330
1F
100
AcDbEntity
  8
0
  6
Continuous
 62
     7
370
    25
100
AcDbLine
 10
198.9275879304
 20
225.0586937001
 30
0.0
 11
200.0656857893
 21
225.7157748052
 31
0.0
  0
LINE
  5
61A
330
1F
100
AcDbEntity
  8
0
  6
Continuous
 62
     7
370
    25
100
AcDbLine
 10
198.9275879304
 20
222.4206536601
 30
0.0
 11
198.9275879304
 21
225.0586937001
 31
0.0
  0
LINE
  5
61B
330
1F
100
AcDbEntity
  8
0
  6
Continuous
 62
     7
370
    25
100
AcDbLine
 10
200.1070798547
 20
221.7396736801
 30
0.0
 11
198.9275879304
 21
222.4206536601
 31
0.0
  0
LINE
  5
61C
330
1F
100
AcDbEntity
  8
0
  6
Continuous
 62
     7
370
    25
100
AcDbLine
 10
201.8391306623
 20
222.7396736801
 30
0.0
 11
200.1070798547
 21
221.7396736801
 31
0.0
  0
LINE
  5
61D
330
1F
100
AcDbEntity
  8
0
  6
Continuous
 62
     7
370
    25
100
AcDbLine
 10
201.8391306623
 20
224.1152805612
 30
0.0
 11
201.8391306623
 21
222.7396736801
 31
0.0
  0
LINE
  5
61E
330
1F
100
AcDbEntity
  8
0
  6
Continuous
 62
     7
370
    25
100
AcDbLine
 10
201.3574109561
 20
224.519491389
 30
0.0
 11
201.8391306623
 21
224.1152805612
 31
0.0
  0
ARC
  5
61F
330
1F
100
AcDbEntity
  8
0
  6
Continuous
 62
     7
370
    25
100
AcDbCircle
 10
212.9275879304
 20
238.3082913651
 30
0.0
 40
18.00000000000001
100
AcDbArc
 50
224.3936580971
 51
230.0
  0
LINE
  5
620
330
1F
100
AcDbEntity
  8
0
  6
Continuous
 62
     7
370
    25
100
AcDbLine
 10
201.1070798547
 20
220.0076228725
 30
0.0
 11
202.8391306623
 21
221.0076228725
 31
0.0
  0
LINE
  5
621
330
1F
100
AcDbEntity
  8
0
  6
Continuous
 62
     7
370
    25
100
AcDbLine
 10
201.1070798547
 20
218.0076228725
 30
0.0
 11
201.1070798547
 21
220.0076228725
 31
0.0
  0
LINE
  5
622
330
1F
100
AcDbEntity
  8
0
  6
Continuous
 62
     7
370
    25
100
AcDbLine
 10
202.8391306623
 20
217.0076228725
 30
0.0
 11
201.1070798547
 21
218.0076228725
 31
0.0
  0
LINE
  5
623
330
1F
100
AcDbEntity
  8
0
  6
Continuous
 62
     7
370
    25
100
AcDbLine
 10
204.5711814699
 20
218.0076228725
 30
0.0
 11
202.8391306623
 21
217.0076228725
 31
0.0
  0
LINE
  5
624
330
1F
100
AcDbEntity
  8
0
  6
Continuous
 62
     7
370
    25
100
AcDbLine
 10
204.5711814699
 20
220.0076228725
 30
0.0
 11
204.5711814699
 21
218.0076228725
 31
0.0
  0
LINE
  5
625
330
1F
100
AcDbEntity
  8
0
  6
Continuous
 62
     7
370
    25
100
AcDbLine
 10
202.8391306623
 20
221.0076228725
 30
0.0
 11
204.5711814699
 21
220.0076228725
 31
0.0
  0
LINE
  5
626
330
1F
100
AcDbEntity
  8
0
  6
Continuous
 62
     7
370
    25
100
AcDbLine
 10
198.9275879304
 20
215.5945920849
 30
0.0
 11
200.1070798547
 21
216.2755720649
 31
0.0
  0
LINE
  5
627
330
1F
100
AcDbEntity
  8
0
  6
Continuous
 62
     7
370
    25
100
AcDbLine
 10
198.9275879304
 20
212.9565520449
 30
0.0
 11
198.9275879304
 21
215.5945920849
 31
0.0
  0
LINE
  5
628
330
1F
100
AcDbEntity
  8
0
  6
Continuous
 62
     7
370
    25
100
AcDbLine
 10
200.1070798547
 20
212.2755720649
 30
0.0
 11
198.9275879304
 21
212.9565520449
 31
0.0
  0
LINE
  5
629
330
1F
100
AcDbEntity
  8
0
  6
Continuous
 62
     7
370
    25
100
AcDbLine
 10
201.8391306623
 20
213.2755720649
 30
0.0
 11
200.1070798547
 21
212.2755720649
 31
0.0
  0
LINE
  5
62A
330
1F
100
AcDbEntity
  8
0
  6
Continuous
 62
     7
370
    25
100
AcDbLine
 10
201.8391306623
 20
215.2755720649
 30
0.0
 11
201.8391306623
 21
213.2755720649
 31
0.0
  0
LINE
  5
62B
330
1F
100
AcDbEntity
  8
0
  6
Continuous
 62
     7
370
    25
100
AcDbLine
 10
200.1070798547
 20
216.2755720649
 30
0.0
 11
201.8391306623
 21
215.2755720649
 31
0.0
  0
LINE
  5
62C
330
1F
100
AcDbEntity
  8
0
  6
Continuous
 62
     7
370
    25
100
AcDbLine
 10
201.1070798547
 20
210.5435212574
 30
0.0
 11
202.8391306623
 21
211.5435212574
 31
0.0
  0
LINE
  5
62D
330
1F
100
AcDbEntity
  8
0
  6
Continuous
 62
     7
370
    25
100
AcDbLine
 10
201.1070798547
 20
208.5435212574
 30
0.0
 11
201.1070798547
 21
210.5435212574
 31
0.0
  0
LINE
  5
62E
330
1F
100
AcDbEntity
  8
0
  6
Continuous
 62
     7
370
    25
100
AcDbLine
 10
202.8391306623
 20
207.5435212574
 30
0.0
 11
201.1070798547
 21
208.5435212574
 31
0.0
  0
LINE
  5
62F
330
1F
100
AcDbEntity
  8
0
  6
Continuous
 62
     7
370
    25
100
AcDbLine
 10
204.5711814699
 20
208.5435212574
 30
0.0
 11
202.8391306623
 21
207.5435212574
 31
0.0
  0
LINE
  5
630
330
1F
100
AcDbEntity
  8
0
  6
Continuous
 62
     7
370
    25
100
AcDbLine
 10
204.5711814699
 20
210.5435212574
 30
0.0
 11
204.5711814699
 21
208.5435212574
 31
0.0
  0
LINE
  5
631
330
1F
100
AcDbEntity
  8
0
  6
Continuous
 62
     7
370
    25
100
AcDbLine
 10
202.8391306623
 20
211.5435212574
 30
0.0
 11
204.5711814699
 21
210.5435212574
 31
0.0
  0
LINE
  5
632
330
1F
100
AcDbEntity
  8
0
  6
Continuous
 62
     7
370
    25
100
AcDbLine
 10
198.9275879304
 20
206.1304904698
 30
0.0
 11
200.1070798547
 21
206.8114704498
 31
0.0
  0
LINE
  5
633
330
1F
100
AcDbEntity
  8
0
  6
Continuous
 62
     7
370
    25
100
AcDbLine
 10
198.9275879304
 20
203.4924504298
 30
0.0
 11
198.9275879304
 21
206.1304904698
 31
0.0
  0
LINE
  5
634
330
1F
100
AcDbEntity
  8
0
  6
Continuous
 62
     7
370
    25
100
AcDbLine
 10
200.1070798547
 20
202.8114704498
 30
0.0
 11
198.9275879304
 21
203.4924504298
 31
0.0
  0
LINE
  5
635
330
1F
100
AcDbEntity
  8
0
  6
Continuous
 62
     7
370
    25
100
AcDbLine
 10
201.8391306623
 20
203.8114704498
 30
0.0
 11
200.1070798547
 21
202.8114704498
 31
0.0
  0
LINE
  5
636
330
1F
100
AcDbEntity
  8
0
  6
Continuous
 62
     7
370
    25
100
AcDbLine
 10
201.8391306623
 20
205.8114704498
 30
0.0
 11
201.8391306623
 21
203.8114704498
 31
0.0
  0
LINE
  5
637
330
1F
100
AcDbEntity
  8
0
  6
Continuous
 62
     7
370
    25
100
AcDbLine
 10
200.1070798547
 20
206.8114704498
 30
0.0
 11
201.8391306623
 21
205.8114704498
 31
0.0
  0
LINE
  5
638
330
1F
100
AcDbEntity
  8
0
  6
Continuous
 62
     7
370
    25
100
AcDbLine
 10
201.1070798547
 20
201.0794196422
 30
0.0
 11
202.8391306623
 21
202.0794196422
 31
0.0
  0
LINE
  5
639
330
1F
100
AcDbEntity
  8
0
  6
Continuous
 62
     7
370
    25
100
AcDbLine
 10
201.1070798547
 20
199.0794196422
 30
0.0
 11
201.1070798547
 21
201.0794196422
 31
0.0
  0
LINE
  5
63A
330
1F
100
AcDbEntity
  8
0
  6
Continuous
 62
     7
370
    25
100
AcDbLine
 10
202.8391306623
 20
198.0794196422
 30
0.0
 11
201.1070798547
 21
199.0794196422
 31
0.0
  0
LINE
  5
63B
330
1F
100
AcDbEntity
  8
0
  6
Continuous
 62
     7
370
    25
100
AcDbLine
 10
204.5711814699
 20
199.0794196422
 30
0.0
 11
202.8391306623
 21
198.0794196422
 31
0.0
  0
LINE
  5
63C
330
1F
100
AcDbEntity
  8
0
  6
Continuous
 62
     7
370
    25
100
AcDbLine
 10
204.5711814699
 20
201.0794196422
 30
0.0
 11
204.5711814699
 21
199.0794196422
 31
0.0
  0
LINE
  5
63D
330
1F
100
AcDbEntity
  8
0
  6
Continuous
 62
     7
370
    25
100
AcDbLine
 10
202.8391306623
 20
202.0794196422
 30
0.0
 11
204.5711814699
 21
201.0794196422
 31
0.0
  0
LINE
  5
63E
330
1F
100
AcDbEntity
  8
0
  6
Continuous
 62
     7
370
    25
100
AcDbLine
 10
220.2314355077
 20
196.3473688347
 30
0.0
 11
221.9634863153
 21
197.3473688347
 31
0.0
  0
LINE
  5
63F
330
1F
100
AcDbEntity
  8
0
  6
Continuous
 62
     7
370
    25
100
AcDbLine
 10
220.2314355077
 20
194.3473688347
 30
0.0
 11
220.2314355077
 21
196.3473688347
 31
0.0
  0
LINE
  5
640
330
1F
100
AcDbEntity
  8
0
  6
Continuous
 62
     7
370
    25
100
AcDbLine
 10
221.9634863153
 20
193.3473688347
 30
0.0
 11
220.2314355077
 21
194.3473688347
 31
0.0
  0
LINE
  5
641
330
1F
100
AcDbEntity
  8
0
  6
Continuous
 62
     7
370
    25
100
AcDbLine
 10
223.6955371229
 20
194.3473688347
 30
0.0
 11
221.9634863153
 21
193.3473688347
 31
0.0
  0
LINE
  5
642
330
1F
100
AcDbEntity
  8
0
  6
Continuous
 62
     7
370
    25
100
AcDbLine
 10
223.6955371229
 20
196.3473688347
 30
0.0
 11
223.6955371229
 21
194.3473688347
 31
0.0
  0
LINE
  5
643
330
1F
100
AcDbEntity
  8
0
  6
Continuous
 62
     7
370
    25
100
AcDbLine
 10
221.9634863153
 20
197.3473688347
 30
0.0
 11
223.6955371229
 21
196.3473688347
 31
0.0
  0
LINE
  5
644
330
1F
100
AcDbEntity
  8
0
  6
Continuous
 62
     7
370
    25
100
AcDbLine
 10
225.6955371229
 20
196.3473688347
 30
0.0
 11
227.4275879304
 21
197.3473688347
 31
0.0
  0
LINE
  5
645
330
1F
100
AcDbEntity
  8
0
  6
Continuous
 62
     7
370
    25
100
AcDbLine
 10
225.6955371229
 20
194.3473688347
 30
0.0
 11
225.6955371229
 21
196.3473688347
 31
0.0
  0
LINE
  5
646
330
1F
100
AcDbEntity
  8
0
  6
Continuous
 62
     7
370
    25
100
AcDbLine
 10
227.4275879304
 20
193.3473688347
 30
0.0
 11
225.6955371229
 21
194.3473688347
 31
0.0
  0
LINE
  5
647
330
1F
100
AcDbEntity
  8
0
  6
Continuous
 62
     7
370
    25
100
AcDbLine
 10
229.159638738
 20
194.3473688347
 30
0.0
 11
227.4275879304
 21
193.3473688347
 31
0.0
  0
LINE
  5
648
330
1F
100
AcDbEntity
  8
0
  6
Continuous
 62
     7
370
    25
100
AcDbLine
 10
229.159638738
 20
196.3473688347
 30
0.0
 11
229.159638738
 21
194.3473688347
 31
0.0
  0
LINE
  5
649
330
1F
100
AcDbEntity
  8
0
  6
Continuous
 62
     7
370
    25
100
AcDbLine
 10
227.4275879304
 20
197.3473688347
 30
0.0
 11
229.159638738
 21
196.3473688347
 31
0.0
  0
LINE
  5
64A
330
1F
100
AcDbEntity
  8
0
  6
Continuous
 62
     7
370
    25
100
AcDbLine
 10
231.159638738
 20
196.3473688347
 30
0.0
 11
232.8916895456
 21
197.3473688347
 31
0.0
  0
LINE
  5
64B
330
1F
100
AcDbEntity
  8
0
  6
Continuous
 62
     7
370
    25
100
AcDbLine
 10
231.159638738
 20
194.3473688347
 30
0.0
 11
231.159638738
 21
196.3473688347
 31
0.0
  0
LINE
  5
64C
330
1F
100
AcDbEntity
  8
0
  6
Continuous
 62
     7
370
    25
100
AcDbLine
 10
232.8916895456
 20
193.3473688347
 30
0.0
 11
231.159638738
 21
194.3473688347
 31
0.0
  0
LINE
  5
64D
330
1F
100
AcDbEntity
  8
0
  6
Continuous
 62
     7
370
    25
100
AcDbLine
 10
234.6237403531
 20
194.3473688347
 30
0.0
 11
232.8916895456
 21
193.3473688347
 31
0.0
  0
LINE
  5
64E
330
1F
100
AcDbEntity
  8
0
  6
Continuous
 62
     7
370
    25
100
AcDbLine
 10
234.6237403531
 20
196.3473688347
 30
0.0
 11
234.6237403531
 21
194.3473688347
 31
0.0
  0
LINE
  5
64F
330
1F
100
AcDbEntity
  8
0
  6
Continuous
 62
     7
370
    25
100
AcDbLine
 10
232.8916895456
 20
197.3473688347
 30
0.0
 11
234.6237403531
 21
196.3473688347
 31
0.0
  0
LINE
  5
650
330
1F
100
AcDbEntity
  8
0
  6
Continuous
 62
     7
370
    25
100
AcDbLine
 10
245.3633153043
 20
173.0008599399
 30
0.0
 11
246.5519435834
 21
173.6871147968
 31
0.0
  0
LINE
  5
651
330
1F
100
AcDbEntity
  8
0
  6
Continuous
 62
     7
370
    25
100
AcDbLine
 10
248.1872768147
 20
170.6312748781
 30
0.0
 11
245.3633153043
 21
173.0008599399
 31
0.0
  0
LINE
  5
652
330
1F
100
AcDbEntity
  8
0
  6
Continuous
 62
     7
370
    25
100
AcDbLine
 10
248.283994391
 20
170.6871147968
 30
0.0
 11
248.1872768147
 21
170.6312748781
 31
0.0
  0
LINE
  5
653
330
1F
100
AcDbEntity
  8
0
  6
Continuous
 62
     7
370
    25
100
AcDbLine
 10
248.283994391
 20
172.6871147968
 30
0.0
 11
248.283994391
 21
170.6871147968
 31
0.0
  0
LINE
  5
654
330
1F
100
AcDbEntity
  8
0
  6
Continuous
 62
     7
370
    25
100
AcDbLine
 10
246.5519435834
 20
173.6871147968
 30
0.0
 11
248.283994391
 21
172.6871147968
 31
0.0
  0
LINE
  5
655
330
1F
100
AcDbEntity
  8
0
  6
Continuous
 62
     7
370
    25
100
AcDbLine
 10
242.0878419683
 20
177.4191656044
 30
0.0
 11
243.8198927759
 21
178.4191656044
 31
0.0
  0
LINE
  5
656
330
1F
100
AcDbEntity
  8
0
  6
Continuous
 62
     7
370
    25
100
AcDbLine
 10
242.0878419683
 20
175.7493084081
 30
0.0
 11
242.0878419683
 21
177.4191656044
 31
0.0
  0
LINE
  5
657
330
1F
100
AcDbEntity
  8
0
  6
Continuous
 62
     7
370
    25
100
AcDbLine
 10
243.3491356013
 20
174.6909573858
 30
0.0
 11
242.0878419683
 21
175.7493084081
 31
0.0
  0
LINE
  5
658
330
1F
100
AcDbEntity
  8
0
  6
Continuous
 62
     7
370
    25
100
AcDbLine
 10
243.8198927759
 20
174.4191656044
 30
0.0
 11
243.3491356013
 21
174.6909573858
 31
0.0
  0
LINE
  5
659
330
1F
100
AcDbEntity
  8
0
  6
Continuous
 62
     7
370
    25
100
AcDbLine
 10
245.5519435834
 20
175.4191656044
 30
0.0
 11
243.8198927759
 21
174.4191656044
 31
0.0
  0
LINE
  5
65A
330
1F
100
AcDbEntity
  8
0
  6
Continuous
 62
     7
370
    25
100
AcDbLine
 10
245.5519435834
 20
177.4191656044
 30
0.0
 11
245.5519435834
 21
175.4191656044
 31
0.0
  0
LINE
  5
65B
330
1F
100
AcDbEntity
  8
0
  6
Continuous
 62
     7
370
    25
100
AcDbLine
 10
243.8198927759
 20
178.4191656044
 30
0.0
 11
245.5519435834
 21
177.4191656044
 31
0.0
  0
LINE
  5
65C
330
1F
100
AcDbEntity
  8
0
  6
Continuous
 62
     7
370
    25
100
AcDbLine
 10
239.3557911607
 20
182.1512164119
 30
0.0
 11
241.0878419683
 21
183.1512164119
 31
0.0
  0
LINE
  5
65D
330
1F
100
AcDbEntity
  8
0
  6
Continuous
 62
     7
370
    25
100
AcDbLine
 10
239.3557911607
 20
180.1512164119
 30
0.0
 11
239.3557911607
 21
182.1512164119
 31
0.0
  0
LINE
  5
65E
330
1F
100
AcDbEntity
  8
0
  6
Continuous
 62
     7
370
    25
100
AcDbLine
 10
241.0878419683
 20
179.1512164119
 30
0.0
 11
239.3557911607
 21
180.1512164119
 31
0.0
  0
LINE
  5
65F
330
1F
100
AcDbEntity
  8
0
  6
Continuous
 62
     7
370
    25
100
AcDbLine
 10
242.8198927759
 20
180.1512164119
 30
0.0
 11
241.0878419683
 21
179.1512164119
 31
0.0
  0
LINE
  5
660
330
1F
100
AcDbEntity
  8
0
  6
Continuous
 62
     7
370
    25
100
AcDbLine
 10
242.8198927759
 20
182.1512164119
 30
0.0
 11
242.8198927759
 21
180.1512164119
 31
0.0
  0
LINE
  5
661
330
1F
100
AcDbEntity
  8
0
  6
Continuous
 62
     7
370
    25
100
AcDbLine
 10
241.0878419683
 20
183.1512164119
 30
0.0
 11
242.8198927759
 21
182.1512164119
 31
0.0
  0
LINE
  5
662
330
1F
100
AcDbEntity
  8
0
  6
Continuous
 62
     7
370
    25
100
AcDbLine
 10
220.9634863153
 20
182.1512164119
 30
0.0
 11
220.9634863153
 21
181.352658509
 31
0.0
  0
LINE
  5
663
330
1F
100
AcDbEntity
  8
0
  6
Continuous
 62
     7
370
    25
100
AcDbLine
 10
219.2314355077
 20
183.1512164119
 30
0.0
 11
220.9634863153
 21
182.1512164119
 31
0.0
  0
LINE
  5
664
330
1F
100
AcDbEntity
  8
0
  6
Continuous
 62
     7
370
    25
100
AcDbLine
 10
217.4993847002
 20
182.1512164119
 30
0.0
 11
219.2314355077
 21
183.1512164119
 31
0.0
  0
LINE
  5
665
330
1F
100
AcDbEntity
  8
0
  6
Continuous
 62
     7
370
    25
100
AcDbLine
 10
217.4993847002
 20
180.1512164119
 30
0.0
 11
217.4993847002
 21
182.1512164119
 31
0.0
  0
LINE
  5
666
330
1F
100
AcDbEntity
  8
0
  6
Continuous
 62
     7
370
    25
100
AcDbLine
 10
217.9791745424
 20
179.8742096174
 30
0.0
 11
217.4993847002
 21
180.1512164119
 31
0.0
  0
ARC
  5
667
330
1F
100
AcDbEntity
  8
0
  6
Continuous
 62
     7
370
    25
100
AcDbCircle
 10
227.4275879304
 20
164.5533909562
 30
0.0
 40
18.0
100
AcDbArc
 50
111.0459629213
 51
121.6623095582
  0
LINE
  5
668
330
1F
100
AcDbEntity
  8
0
  6
Continuous
 62
     7
370
    25
100
AcDbLine
 10
212.035283085
 20
182.1512164119
 30
0.0
 11
213.7673338926
 21
183.1512164119
 31
0.0
  0
LINE
  5
669
330
1F
100
AcDbEntity
  8
0
  6
Continuous
 62
     7
370
    25
100
AcDbLine
 10
212.035283085
 20
180.1512164119
 30
0.0
 11
212.035283085
 21
182.1512164119
 31
0.0
  0
LINE
  5
66A
330
1F
100
AcDbEntity
  8
0
  6
Continuous
 62
     7
370
    25
100
AcDbLine
 10
213.7673338926
 20
179.1512164119
 30
0.0
 11
212.035283085
 21
180.1512164119
 31
0.0
  0
LINE
  5
66B
330
1F
100
AcDbEntity
  8
0
  6
Continuous
 62
     7
370
    25
100
AcDbLine
 10
215.4993847002
 20
180.1512164119
 30
0.0
 11
213.7673338926
 21
179.1512164119
 31
0.0
  0
LINE
  5
66C
330
1F
100
AcDbEntity
  8
0
  6
Continuous
 62
     7
370
    25
100
AcDbLine
 10
215.4993847002
 20
182.1512164119
 30
0.0
 11
215.4993847002
 21
180.1512164119
 31
0.0
  0
LINE
  5
66D
330
1F
100
AcDbEntity
  8
0
  6
Continuous
 62
     7
370
    25
100
AcDbLine
 10
213.7673338926
 20
183.1512164119
 30
0.0
 11
215.4993847002
 21
182.1512164119
 31
0.0
  0
LINE
  5
66E
330
1F
100
AcDbEntity
  8
0
  6
Continuous
 62
     7
370
    25
100
AcDbLine
 10
209.3032322775
 20
186.8832672195
 30
0.0
 11
211.035283085
 21
187.8832672195
 31
0.0
  0
LINE
  5
66F
330
1F
100
AcDbEntity
  8
0
  6
Continuous
 62
     7
370
    25
100
AcDbLine
 10
209.3032322775
 20
184.8832672195
 30
0.0
 11
209.3032322775
 21
186.8832672195
 31
0.0
  0
LINE
  5
670
330
1F
100
AcDbEntity
  8
0
  6
Continuous
 62
     7
370
    25
100
AcDbLine
 10
211.035283085
 20
183.8832672195
 30
0.0
 11
209.3032322775
 21
184.8832672195
 31
0.0
  0
LINE
  5
671
330
1F
100
AcDbEntity
  8
0
  6
Continuous
 62
     7
370
    25
100
AcDbLine
 10
212.7673338926
 20
184.8832672195
 30
0.0
 11
211.035283085
 21
183.8832672195
 31
0.0
  0
LINE
  5
672
330
1F
100
AcDbEntity
  8
0
  6
Continuous
 62
     7
370
    25
100
AcDbLine
 10
212.7673338926
 20
186.8832672195
 30
0.0
 11
212.7673338926
 21
184.8832672195
 31
0.0
  0
LINE
  5
673
330
1F
100
AcDbEntity
  8
0
  6
Continuous
 62
     7
370
    25
100
AcDbLine
 10
211.035283085
 20
187.8832672195
 30
0.0
 11
212.7673338926
 21
186.8832672195
 31
0.0
  0
LINE
  5
674
330
1F
100
AcDbEntity
  8
0
  6
Continuous
 62
     7
370
    25
100
AcDbLine
 10
203.8391306623
 20
186.8832672195
 30
0.0
 11
205.5711814699
 21
187.8832672195
 31
0.0
  0
LINE
  5
675
330
1F
100
AcDbEntity
  8
0
  6
Continuous
 62
     7
370
    25
100
AcDbLine
 10
203.8391306623
 20
184.8832672195
 30
0.0
 11
203.8391306623
 21
186.8832672195
 31
0.0
  0
LINE
  5
676
330
1F
100
AcDbEntity
  8
0
  6
Continuous
 62
     7
370
    25
100
AcDbLine
 10
205.5711814699
 20
183.8832672195
 30
0.0
 11
203.8391306623
 21
184.8832672195
 31
0.0
  0
LINE
  5
677
330
1F
100
AcDbEntity
  8
0
  6
Continuous
 62
     7
370
    25
100
AcDbLine
 10
207.3032322775
 20
184.8832672195
 30
0.0
 11
205.5711814699
 21
183.8832672195
 31
0.0
  0
LINE
  5
678
330
1F
100
AcDbEntity
  8
0
  6
Continuous
 62
     7
370
    25
100
AcDbLine
 10
207.3032322775
 20
186.8832672195
 30
0.0
 11
207.3032322775
 21
184.8832672195
 31
0.0
  0
LINE
  5
679
330
1F
100
AcDbEntity
  8
0
  6
Continuous
 62
     7
370
    25
100
AcDbLine
 10
205.5711814699
 20
187.8832672195
 30
0.0
 11
207.3032322775
 21
186.8832672195
 31
0.0
  0
LINE
  5
67A
330
1F
100
AcDbEntity
  8
0
  6
Continuous
 62
     7
370
    25
100
AcDbLine
 10
206.6678990462
 20
170.6312748781
 30
0.0
 11
206.5711814699
 21
170.6871147968
 31
0.0
  0
LINE
  5
67B
330
1F
100
AcDbEntity
  8
0
  6
Continuous
 62
     7
370
    25
100
AcDbLine
 10
209.4918605566
 20
173.0008599399
 30
0.0
 11
206.6678990462
 21
170.6312748781
 31
0.0
  0
LINE
  5
67C
330
1F
100
AcDbEntity
  8
0
  6
Continuous
 62
     7
370
    25
100
AcDbLine
 10
208.3032322775
 20
173.6871147968
 30
0.0
 11
209.4918605566
 21
173.0008599399
 31
0.0
  0
LINE
  5
67D
330
1F
100
AcDbEntity
  8
0
  6
Continuous
 62
     7
370
    25
100
AcDbLine
 10
206.5711814699
 20
172.6871147968
 30
0.0
 11
208.3032322775
 21
173.6871147968
 31
0.0
  0
LINE
  5
67E
330
1F
100
AcDbEntity
  8
0
  6
Continuous
 62
     7
370
    25
100
AcDbLine
 10
206.5711814699
 20
170.6871147968
 30
0.0
 11
206.5711814699
 21
172.6871147968
 31
0.0
  0
LINE
  5
67F
330
1F
100
AcDbEntity
  8
0
  6
Continuous
 62
     7
370
    25
100
AcDbLine
 10
203.8391306623
 20
177.4191656044
 30
0.0
 11
205.5711814699
 21
178.4191656044
 31
0.0
  0
LINE
  5
680
330
1F
100
AcDbEntity
  8
0
  6
Continuous
 62
     7
370
    25
100
AcDbLine
 10
203.8391306623
 20
175.4191656044
 30
0.0
 11
203.8391306623
 21
177.4191656044
 31
0.0
  0
LINE
  5
681
330
1F
100
AcDbEntity
  8
0
  6
Continuous
 62
     7
370
    25
100
AcDbLine
 10
205.5711814699
 20
174.4191656044
 30
0.0
 11
203.8391306623
 21
175.4191656044
 31
0.0
  0
LINE
  5
682
330
1F
100
AcDbEntity
  8
0
  6
Continuous
 62
     7
370
    25
100
AcDbLine
 10
207.3032322775
 20
175.4191656044
 30
0.0
 11
205.5711814699
 21
174.4191656044
 31
0.0
  0
LINE
  5
683
330
1F
100
AcDbEntity
  8
0
  6
Continuous
 62
     7
370
    25
100
AcDbLine
 10
207.3032322775
 20
177.4191656044
 30
0.0
 11
207.3032322775
 21
175.4191656044
 31
0.0
  0
LINE
  5
684
330
1F
100
AcDbEntity
  8
0
  6
Continuous
 62
     7
370
    25
100
AcDbLine
 10
205.5711814699
 20
178.4191656044
 30
0.0
 11
207.3032322775
 21
177.4191656044
 31
0.0
  0
LINE
  5
685
330
1F
100
AcDbEntity
  8
0
  6
Continuous
 62
     7
370
    25
100
AcDbLine
 10
198.9275879304
 20
177.7381856244
 30
0.0
 11
200.1070798547
 21
178.4191656044
 31
0.0
  0
LINE
  5
686
330
1F
100
AcDbEntity
  8
0
  6
Continuous
 62
     7
370
    25
100
AcDbLine
 10
198.9275879304
 20
175.1001455844
 30
0.0
 11
198.9275879304
 21
177.7381856244
 31
0.0
  0
LINE
  5
687
330
1F
100
AcDbEntity
  8
0
  6
Continuous
 62
     7
370
    25
100
AcDbLine
 10
200.1070798547
 20
174.4191656044
 30
0.0
 11
198.9275879304
 21
175.1001455844
 31
0.0
  0
LINE
  5
688
330
1F
100
AcDbEntity
  8
0
  6
Continuous
 62
     7
370
    25
100
AcDbLine
 10
201.8391306623
 20
175.4191656044
 30
0.0
 11
200.1070798547
 21
174.4191656044
 31
0.0
  0
LINE
  5
689
330
1F
100
AcDbEntity
  8
0
  6
Continuous
 62
     7
370
    25
100
AcDbLine
 10
201.8391306623
 20
177.4191656044
 30
0.0
 11
201.8391306623
 21
175.4191656044
 31
0.0
  0
LINE
  5
68A
330
1F
100
AcDbEntity
  8
0
  6
Continuous
 62
     7
370
    25
100
AcDbLine
 10
200.1070798547
 20
178.4191656044
 30
0.0
 11
201.8391306623
 21
177.4191656044
 31
0.0
  0
LINE
  5
68B
330
1F
100
AcDbEntity
  8
0
  6
Continuous
 62
     7
370
    25
100
AcDbLine
 10
201.1070798547
 20
172.6871147968
 30
0.0
 11
202.8391306623
 21
173.6871147968
 31
0.0
  0
LINE
  5
68C
330
1F
100
AcDbEntity
  8
0
  6
Continuous
 62
     7
370
    25
100
AcDbLine
 10
201.1070798547
 20
170.6871147968
 30
0.0
 11
201.1070798547
 21
172.6871147968
 31
0.0
  0
LINE
  5
68D
330
1F
100
AcDbEntity
  8
0
  6
Continuous
 62
     7
370
    25
100
AcDbLine
 10
202.8391306623
 20
169.6871147968
 30
0.0
 11
201.1070798547
 21
170.6871147968
 31
0.0
  0
LINE
  5
68E
330
1F
100
AcDbEntity
  8
0
  6
Continuous
 62
     7
370
    25
100
AcDbLine
 10
204.5711814699
 20
170.6871147968
 30
0.0
 11
202.8391306623
 21
169.6871147968
 31
0.0
  0
LINE
  5
68F
330
1F
100
AcDbEntity
  8
0
  6
Continuous
 62
     7
370
    25
100
AcDbLine
 10
204.5711814699
 20
172.6871147968
 30
0.0
 11
204.5711814699
 21
170.6871147968
 31
0.0
  0
LINE
  5
690
330
1F
100
AcDbEntity
  8
0
  6
Continuous
 62
     7
370
    25
100
AcDbLine
 10
202.8391306623
 20
173.6871147968
 30
0.0
 11
204.5711814699
 21
172.6871147968
 31
0.0
  0
LINE
  5
691
330
1F
100
AcDbEntity
  8
0
  6
Continuous
 62
     7
370
    25
100
AcDbLine
 10
211.035283085
 20
178.4191656044
 30
0.0
 11
212.7673338926
 21
177.4191656044
 31
0.0
  0
LINE
  5
692
330
1F
100
AcDbEntity
  8
0
  6
Continuous
 62
     7
370
    25
100
AcDbLine
 10
209.3032322775
 20
177.4191656044
 30
0.0
 11
211.035283085
 21
178.4191656044
 31
0.0
  0
LINE
  5
693
330
1F
100
AcDbEntity
  8
0
  6
Continuous
 62
     7
370
    25
100
AcDbLine
 10
209.3032322775
 20
175.4191656044
 30
0.0
 11
209.3032322775
 21
177.4191656044
 31
0.0
  0
LINE
  5
694
330
1F
100
AcDbEntity
  8
0
  6
Continuous
 62
     7
370
    25
100
AcDbLine
 10
211.035283085
 20
174.4191656044
 30
0.0
 11
209.3032322775
 21
175.4191656044
 31
0.0
  0
LINE
  5
695
330
1F
100
AcDbEntity
  8
0
  6
Continuous
 62
     7
370
    25
100
AcDbLine
 10
211.5060402596
 20
174.6909573858
 30
0.0
 11
211.035283085
 21
174.4191656044
 31
0.0
  0
LINE
  5
696
330
1F
100
AcDbEntity
  8
0
  6
Continuous
 62
     7
370
    25
100
AcDbLine
 10
212.7673338926
 20
175.7493084081
 30
0.0
 11
211.5060402596
 21
174.6909573858
 31
0.0
  0
LINE
  5
697
330
1F
100
AcDbEntity
  8
0
  6
Continuous
 62
     7
370
    25
100
AcDbLine
 10
212.7673338926
 20
177.4191656044
 30
0.0
 11
212.7673338926
 21
175.7493084081
 31
0.0
  0
LINE
  5
698
330
1F
100
AcDbEntity
  8
0
  6
Continuous
 62
     7
370
    25
100
AcDbLine
 10
206.5711814699
 20
182.1512164119
 30
0.0
 11
208.3032322775
 21
183.1512164119
 31
0.0
  0
LINE
  5
699
330
1F
100
AcDbEntity
  8
0
  6
Continuous
 62
     7
370
    25
100
AcDbLine
 10
206.5711814699
 20
180.1512164119
 30
0.0
 11
206.5711814699
 21
182.1512164119
 31
0.0
  0
LINE
  5
69A
330
1F
100
AcDbEntity
  8
0
  6
Continuous
 62
     7
370
    25
100
AcDbLine
 10
208.3032322775
 20
179.1512164119
 30
0.0
 11
206.5711814699
 21
180.1512164119
 31
0.0
  0
LINE
  5
69B
330
1F
100
AcDbEntity
  8
0
  6
Continuous
 62
     7
370
    25
100
AcDbLine
 10
210.035283085
 20
180.1512164119
 30
0.0
 11
208.3032322775
 21
179.1512164119
 31
0.0
  0
LINE
  5
69C
330
1F
100
AcDbEntity
  8
0
  6
Continuous
 62
     7
370
    25
100
AcDbLine
 10
210.035283085
 20
182.1512164119
 30
0.0
 11
210.035283085
 21
180.1512164119
 31
0.0
  0
LINE
  5
69D
330
1F
100
AcDbEntity
  8
0
  6
Continuous
 62
     7
370
    25
100
AcDbLine
 10
208.3032322775
 20
183.1512164119
 30
0.0
 11
210.035283085
 21
182.1512164119
 31
0.0
  0
LINE
  5
69E
330
1F
100
AcDbEntity
  8
0
  6
Continuous
 62
     7
370
    25
100
AcDbLine
 10
201.1070798547
 20
182.1512164119
 30
0.0
 11
202.8391306623
 21
183.1512164119
 31
0.0
  0
LINE
  5
69F
330
1F
100
AcDbEntity
  8
0
  6
Continuous
 62
     7
370
    25
100
AcDbLine
 10
201.1070798547
 20
180.1512164119
 30
0.0
 11
201.1070798547
 21
182.1512164119
 31
0.0
  0
LINE
  5
6A0
330
1F
100
AcDbEntity
  8
0
  6
Continuous
 62
     7
370
    25
100
AcDbLine
 10
202.8391306623
 20
179.1512164119
 30
0.0
 11
201.1070798547
 21
180.1512164119
 31
0.0
  0
LINE
  5
6A1
330
1F
100
AcDbEntity
  8
0
  6
Continuous
 62
     7
370
    25
100
AcDbLine
 10
204.5711814699
 20
180.1512164119
 30
0.0
 11
202.8391306623
 21
179.1512164119
 31
0.0
  0
LINE
  5
6A2
330
1F
100
AcDbEntity
  8
0
  6
Continuous
 62
     7
370
    25
100
AcDbLine
 10
204.5711814699
 20
182.1512164119
 30
0.0
 11
204.5711814699
 21
180.1512164119
 31
0.0
  0
LINE
  5
6A3
330
1F
100
AcDbEntity
  8
0
  6
Continuous
 62
     7
370
    25
100
AcDbLine
 10
202.8391306623
 20
183.1512164119
 30
0.0
 11
204.5711814699
 21
182.1512164119
 31
0.0
  0
LINE
  5
6A4
330
1F
100
AcDbEntity
  8
0
  6
Continuous
 62
     7
370
    25
100
AcDbLine
 10
198.9275879304
 20
187.2022872395
 30
0.0
 11
200.1070798547
 21
187.8832672195
 31
0.0
  0
LINE
  5
6A5
330
1F
100
AcDbEntity
  8
0
  6
Continuous
 62
     7
370
    25
100
AcDbLine
 10
198.9275879304
 20
184.5642471995
 30
0.0
 11
198.9275879304
 21
187.2022872395
 31
0.0
  0
LINE
  5
6A6
330
1F
100
AcDbEntity
  8
0
  6
Continuous
 62
     7
370
    25
100
AcDbLine
 10
200.1070798547
 20
183.8832672195
 30
0.0
 11
198.9275879304
 21
184.5642471995
 31
0.0
  0
LINE
  5
6A7
330
1F
100
AcDbEntity
  8
0
  6
Continuous
 62
     7
370
    25
100
AcDbLine
 10
201.8391306623
 20
184.8832672195
 30
0.0
 11
200.1070798547
 21
183.8832672195
 31
0.0
  0
LINE
  5
6A8
330
1F
100
AcDbEntity
  8
0
  6
Continuous
 62
     7
370
    25
100
AcDbLine
 10
201.8391306623
 20
186.8832672195
 30
0.0
 11
201.8391306623
 21
184.8832672195
 31
0.0
  0
LINE
  5
6A9
330
1F
100
AcDbEntity
  8
0
  6
Continuous
 62
     7
370
    25
100
AcDbLine
 10
200.1070798547
 20
187.8832672195
 30
0.0
 11
201.8391306623
 21
186.8832672195
 31
0.0
  0
LINE
  5
6AA
330
1F
100
AcDbEntity
  8
0
  6
Continuous
 62
     7
370
    25
100
AcDbLine
 10
242.0878419683
 20
186.8832672195
 30
0.0
 11
243.8198927759
 21
187.8832672195
 31
0.0
  0
LINE
  5
6AB
330
1F
100
AcDbEntity
  8
0
  6
Continuous
 62
     7
370
    25
100
AcDbLine
 10
242.0878419683
 20
184.8832672195
 30
0.0
 11
242.0878419683
 21
186.8832672195
 31
0.0
  0
LINE
  5
6AC
330
1F
100
AcDbEntity
  8
0
  6
Continuous
 62
     7
370
    25
100
AcDbLine
 10
243.8198927759
 20
183.8832672195
 30
0.0
 11
242.0878419683
 21
184.8832672195
 31
0.0
  0
LINE
  5
6AD
330
1F
100
AcDbEntity
  8
0
  6
Continuous
 62
     7
370
    25
100
AcDbLine
 10
245.5519435834
 20
184.8832672195
 30
0.0
 11
243.8198927759
 21
183.8832672195
 31
0.0
  0
LINE
  5
6AE
330
1F
100
AcDbEntity
  8
0
  6
Continuous
 62
     7
370
    25
100
AcDbLine
 10
245.5519435834
 20
186.8832672195
 30
0.0
 11
245.5519435834
 21
184.8832672195
 31
0.0
  0
LINE
  5
6AF
330
1F
100
AcDbEntity
  8
0
  6
Continuous
 62
     7
370
    25
100
AcDbLine
 10
243.8198927759
 20
187.8832672195
 30
0.0
 11
245.5519435834
 21
186.8832672195
 31
0.0
  0
LINE
  5
6B0
330
1F
100
AcDbEntity
  8
0
  6
Continuous
 62
     7
370
    25
100
AcDbLine
 10
214.7673338926
 20
186.8832672195
 30
0.0
 11
216.4993847002
 21
187.8832672195
 31
0.0
  0
LINE
  5
6B1
330
1F
100
AcDbEntity
  8
0
  6
Continuous
 62
     7
370
    25
100
AcDbLine
 10
214.7673338926
 20
184.8832672195
 30
0.0
 11
214.7673338926
 21
186.8832672195
 31
0.0
  0
LINE
  5
6B2
330
1F
100
AcDbEntity
  8
0
  6
Continuous
 62
     7
370
    25
100
AcDbLine
 10
216.4993847002
 20
183.8832672195
 30
0.0
 11
214.7673338926
 21
184.8832672195
 31
0.0
  0
LINE
  5
6B3
330
1F
100
AcDbEntity
  8
0
  6
Continuous
 62
     7
370
    25
100
AcDbLine
 10
218.2314355077
 20
186.8832672195
 30
0.0
 11
218.2314355077
 21
184.8832672195
 31
0.0
  0
LINE
  5
6B4
330
1F
100
AcDbEntity
  8
0
  6
Continuous
 62
     7
370
    25
100
AcDbLine
 10
216.4993847002
 20
187.8832672195
 30
0.0
 11
218.2314355077
 21
186.8832672195
 31
0.0
  0
LINE
  5
6B5
330
1F
100
AcDbEntity
  8
0
  6
Continuous
 62
     7
370
    25
100
AcDbLine
 10
201.1070798547
 20
191.6153180271
 30
0.0
 11
202.8391306623
 21
192.6153180271
 31
0.0
  0
LINE
  5
6B6
330
1F
100
AcDbEntity
  8
0
  6
Continuous
 62
     7
370
    25
100
AcDbLine
 10
201.1070798547
 20
189.6153180271
 30
0.0
 11
201.1070798547
 21
191.6153180271
 31
0.0
  0
LINE
  5
6B7
330
1F
100
AcDbEntity
  8
0
  6
Continuous
 62
     7
370
    25
100
AcDbLine
 10
202.8391306623
 20
188.6153180271
 30
0.0
 11
201.1070798547
 21
189.6153180271
 31
0.0
  0
LINE
  5
6B8
330
1F
100
AcDbEntity
  8
0
  6
Continuous
 62
     7
370
    25
100
AcDbLine
 10
204.5711814699
 20
189.6153180271
 30
0.0
 11
202.8391306623
 21
188.6153180271
 31
0.0
  0
LINE
  5
6B9
330
1F
100
AcDbEntity
  8
0
  6
Continuous
 62
     7
370
    25
100
AcDbLine
 10
204.5711814699
 20
191.6153180271
 30
0.0
 11
204.5711814699
 21
189.6153180271
 31
0.0
  0
LINE
  5
6BA
330
1F
100
AcDbEntity
  8
0
  6
Continuous
 62
     7
370
    25
100
AcDbLine
 10
202.8391306623
 20
192.6153180271
 30
0.0
 11
204.5711814699
 21
191.6153180271
 31
0.0
  0
LINE
  5
6BB
330
1F
100
AcDbEntity
  8
0
  6
Continuous
 62
     7
370
    25
100
AcDbLine
 10
198.9275879304
 20
196.6663888546
 30
0.0
 11
200.1070798547
 21
197.3473688347
 31
0.0
  0
LINE
  5
6BC
330
1F
100
AcDbEntity
  8
0
  6
Continuous
 62
     7
370
    25
100
AcDbLine
 10
198.9275879304
 20
194.0283488147
 30
0.0
 11
198.9275879304
 21
196.6663888546
 31
0.0
  0
LINE
  5
6BD
330
1F
100
AcDbEntity
  8
0
  6
Continuous
 62
     7
370
    25
100
AcDbLine
 10
200.1070798547
 20
193.3473688347
 30
0.0
 11
198.9275879304
 21
194.0283488147
 31
0.0
  0
LINE
  5
6BE
330
1F
100
AcDbEntity
  8
0
  6
Continuous
 62
     7
370
    25
100
AcDbLine
 10
201.8391306623
 20
194.3473688347
 30
0.0
 11
200.1070798547
 21
193.3473688347
 31
0.0
  0
LINE
  5
6BF
330
1F
100
AcDbEntity
  8
0
  6
Continuous
 62
     7
370
    25
100
AcDbLine
 10
201.8391306623
 20
196.3473688347
 30
0.0
 11
201.8391306623
 21
194.3473688347
 31
0.0
  0
LINE
  5
6C0
330
1F
100
AcDbEntity
  8
0
  6
Continuous
 62
     7
370
    25
100
AcDbLine
 10
200.1070798547
 20
197.3473688347
 30
0.0
 11
201.8391306623
 21
196.3473688347
 31
0.0
  0
LINE
  5
6C1
330
1F
100
AcDbEntity
  8
0
  6
Continuous
 62
     7
370
    25
100
AcDbLine
 10
209.3032322775
 20
196.3473688347
 30
0.0
 11
211.035283085
 21
197.3473688347
 31
0.0
  0
LINE
  5
6C2
330
1F
100
AcDbEntity
  8
0
  6
Continuous
 62
     7
370
    25
100
AcDbLine
 10
209.3032322775
 20
194.3473688347
 30
0.0
 11
209.3032322775
 21
196.3473688347
 31
0.0
  0
LINE
  5
6C3
330
1F
100
AcDbEntity
  8
0
  6
Continuous
 62
     7
370
    25
100
AcDbLine
 10
211.035283085
 20
193.3473688347
 30
0.0
 11
209.3032322775
 21
194.3473688347
 31
0.0
  0
LINE
  5
6C4
330
1F
100
AcDbEntity
  8
0
  6
Continuous
 62
     7
370
    25
100
AcDbLine
 10
212.7673338926
 20
194.3473688347
 30
0.0
 11
211.035283085
 21
193.3473688347
 31
0.0
  0
LINE
  5
6C5
330
1F
100
AcDbEntity
  8
0
  6
Continuous
 62
     7
370
    25
100
AcDbLine
 10
212.7673338926
 20
196.3473688347
 30
0.0
 11
212.7673338926
 21
194.3473688347
 31
0.0
  0
LINE
  5
6C6
330
1F
100
AcDbEntity
  8
0
  6
Continuous
 62
     7
370
    25
100
AcDbLine
 10
211.035283085
 20
197.3473688347
 30
0.0
 11
212.7673338926
 21
196.3473688347
 31
0.0
  0
LINE
  5
6C7
330
1F
100
AcDbEntity
  8
0
  6
Continuous
 62
     7
370
    25
100
AcDbLine
 10
212.035283085
 20
191.6153180271
 30
0.0
 11
213.7673338926
 21
192.6153180271
 31
0.0
  0
LINE
  5
6C8
330
1F
100
AcDbEntity
  8
0
  6
Continuous
 62
     7
370
    25
100
AcDbLine
 10
212.035283085
 20
189.6153180271
 30
0.0
 11
212.035283085
 21
191.6153180271
 31
0.0
  0
LINE
  5
6C9
330
1F
100
AcDbEntity
  8
0
  6
Continuous
 62
     7
370
    25
100
AcDbLine
 10
213.7673338926
 20
188.6153180271
 30
0.0
 11
212.035283085
 21
189.6153180271
 31
0.0
  0
LINE
  5
6CA
330
1F
100
AcDbEntity
  8
0
  6
Continuous
 62
     7
370
    25
100
AcDbLine
 10
215.4993847002
 20
189.6153180271
 30
0.0
 11
213.7673338926
 21
188.6153180271
 31
0.0
  0
LINE
  5
6CB
330
1F
100
AcDbEntity
  8
0
  6
Continuous
 62
     7
370
    25
100
AcDbLine
 10
215.4993847002
 20
191.6153180271
 30
0.0
 11
215.4993847002
 21
189.6153180271
 31
0.0
  0
LINE
  5
6CC
330
1F
100
AcDbEntity
  8
0
  6
Continuous
 62
     7
370
    25
100
AcDbLine
 10
213.7673338926
 20
192.6153180271
 30
0.0
 11
215.4993847002
 21
191.6153180271
 31
0.0
  0
LINE
  5
6CD
330
1F
100
AcDbEntity
  8
0
  6
Continuous
 62
     7
370
    25
100
AcDbLine
 10
206.5711814699
 20
191.6153180271
 30
0.0
 11
208.3032322775
 21
192.6153180271
 31
0.0
  0
LINE
  5
6CE
330
1F
100
AcDbEntity
  8
0
  6
Continuous
 62
     7
370
    25
100
AcDbLine
 10
206.5711814699
 20
189.6153180271
 30
0.0
 11
206.5711814699
 21
191.6153180271
 31
0.0
  0
LINE
  5
6CF
330
1F
100
AcDbEntity
  8
0
  6
Continuous
 62
     7
370
    25
100
AcDbLine
 10
208.3032322775
 20
188.6153180271
 30
0.0
 11
206.5711814699
 21
189.6153180271
 31
0.0
  0
LINE
  5
6D0
330
1F
100
AcDbEntity
  8
0
  6
Continuous
 62
     7
370
    25
100
AcDbLine
 10
210.035283085
 20
189.6153180271
 30
0.0
 11
208.3032322775
 21
188.6153180271
 31
0.0
  0
LINE
  5
6D1
330
1F
100
AcDbEntity
  8
0
  6
Continuous
 62
     7
370
    25
100
AcDbLine
 10
210.035283085
 20
191.6153180271
 30
0.0
 11
210.035283085
 21
189.6153180271
 31
0.0
  0
LINE
  5
6D2
330
1F
100
AcDbEntity
  8
0
  6
Continuous
 62
     7
370
    25
100
AcDbLine
 10
208.3032322775
 20
192.6153180271
 30
0.0
 11
210.035283085
 21
191.6153180271
 31
0.0
  0
LINE
  5
6D3
330
1F
100
AcDbEntity
  8
0
  6
Continuous
 62
     7
370
    25
100
AcDbLine
 10
203.8391306623
 20
196.3473688347
 30
0.0
 11
205.5711814699
 21
197.3473688347
 31
0.0
  0
LINE
  5
6D4
330
1F
100
AcDbEntity
  8
0
  6
Continuous
 62
     7
370
    25
100
AcDbLine
 10
203.8391306623
 20
194.3473688347
 30
0.0
 11
203.8391306623
 21
196.3473688347
 31
0.0
  0
LINE
  5
6D5
330
1F
100
AcDbEntity
  8
0
  6
Continuous
 62
     7
370
    25
100
AcDbLine
 10
205.5711814699
 20
193.3473688347
 30
0.0
 11
203.8391306623
 21
194.3473688347
 31
0.0
  0
LINE
  5
6D6
330
1F
100
AcDbEntity
  8
0
  6
Continuous
 62
     7
370
    25
100
AcDbLine
 10
207.3032322775
 20
194.3473688347
 30
0.0
 11
205.5711814699
 21
193.3473688347
 31
0.0
  0
LINE
  5
6D7
330
1F
100
AcDbEntity
  8
0
  6
Continuous
 62
     7
370
    25
100
AcDbLine
 10
207.3032322775
 20
196.3473688347
 30
0.0
 11
207.3032322775
 21
194.3473688347
 31
0.0
  0
LINE
  5
6D8
330
1F
100
AcDbEntity
  8
0
  6
Continuous
 62
     7
370
    25
100
AcDbLine
 10
205.5711814699
 20
197.3473688347
 30
0.0
 11
207.3032322775
 21
196.3473688347
 31
0.0
  0
LINE
  5
6D9
330
1F
100
AcDbEntity
  8
0
  6
Continuous
 62
     7
370
    25
100
AcDbLine
 10
250.283994391
 20
172.6871147968
 30
0.0
 11
252.0160451986
 21
173.6871147968
 31
0.0
  0
LINE
  5
6DA
330
1F
100
AcDbEntity
  8
0
  6
Continuous
 62
     7
370
    25
100
AcDbLine
 10
250.283994391
 20
170.6871147968
 30
0.0
 11
250.283994391
 21
172.6871147968
 31
0.0
  0
LINE
  5
6DB
330
1F
100
AcDbEntity
  8
0
  6
Continuous
 62
     7
370
    25
100
AcDbLine
 10
252.0160451986
 20
169.6871147968
 30
0.0
 11
250.283994391
 21
170.6871147968
 31
0.0
  0
LINE
  5
6DC
330
1F
100
AcDbEntity
  8
0
  6
Continuous
 62
     7
370
    25
100
AcDbLine
 10
253.7480960061
 20
170.6871147968
 30
0.0
 11
252.0160451986
 21
169.6871147968
 31
0.0
  0
LINE
  5
6DD
330
1F
100
AcDbEntity
  8
0
  6
Continuous
 62
     7
370
    25
100
AcDbLine
 10
253.7480960061
 20
172.6871147968
 30
0.0
 11
253.7480960061
 21
170.6871147968
 31
0.0
  0
LINE
  5
6DE
330
1F
100
AcDbEntity
  8
0
  6
Continuous
 62
     7
370
    25
100
AcDbLine
 10
252.0160451986
 20
173.6871147968
 30
0.0
 11
253.7480960061
 21
172.6871147968
 31
0.0
  0
LINE
  5
6DF
330
1F
100
AcDbEntity
  8
0
  6
Continuous
 62
     7
370
    25
100
AcDbLine
 10
253.0160451986
 20
167.9550639892
 30
0.0
 11
254.7480960061
 21
168.9550639892
 31
0.0
  0
LINE
  5
6E0
330
1F
100
AcDbEntity
  8
0
  6
Continuous
 62
     7
370
    25
100
AcDbLine
 10
253.0160451986
 20
166.5794571081
 30
0.0
 11
253.0160451986
 21
167.9550639892
 31
0.0
  0
LINE
  5
6E1
330
1F
100
AcDbEntity
  8
0
  6
Continuous
 62
     7
370
    25
100
AcDbLine
 10
254.8688414875
 20
165.0247764254
 30
0.0
 11
253.0160451986
 21
166.5794571081
 31
0.0
  0
LINE
  5
6E2
330
1F
100
AcDbEntity
  8
0
  6
Continuous
 62
     7
370
    25
100
AcDbLine
 10
255.9275879304
 20
165.6360439692
 30
0.0
 11
254.8688414875
 21
165.0247764254
 31
0.0
  0
LINE
  5
6E3
330
1F
100
AcDbEntity
  8
0
  6
Continuous
 62
     7
370
    25
100
AcDbLine
 10
255.9275879304
 20
168.2740840092
 30
0.0
 11
255.9275879304
 21
165.6360439692
 31
0.0
  0
LINE
  5
6E4
330
1F
100
AcDbEntity
  8
0
  6
Continuous
 62
     7
370
    25
100
AcDbLine
 10
254.7480960061
 20
168.9550639892
 30
0.0
 11
255.9275879304
 21
168.2740840092
 31
0.0
  0
LINE
  5
6E5
330
1F
100
AcDbEntity
  8
0
  6
Continuous
 62
     7
370
    25
100
AcDbLine
 10
253.0160451986
 20
177.4191656044
 30
0.0
 11
254.7480960061
 21
178.4191656044
 31
0.0
  0
LINE
  5
6E6
330
1F
100
AcDbEntity
  8
0
  6
Continuous
 62
     7
370
    25
100
AcDbLine
 10
253.0160451986
 20
175.4191656044
 30
0.0
 11
253.0160451986
 21
177.4191656044
 31
0.0
  0
LINE
  5
6E7
330
1F
100
AcDbEntity
  8
0
  6
Continuous
 62
     7
370
    25
100
AcDbLine
 10
254.7480960061
 20
174.4191656044
 30
0.0
 11
253.0160451986
 21
175.4191656044
 31
0.0
  0
LINE
  5
6E8
330
1F
100
AcDbEntity
  8
0
  6
Continuous
 62
     7
370
    25
100
AcDbLine
 10
255.9275879304
 20
175.1001455844
 30
0.0
 11
254.7480960061
 21
174.4191656044
 31
0.0
  0
LINE
  5
6E9
330
1F
100
AcDbEntity
  8
0
  6
Continuous
 62
     7
370
    25
100
AcDbLine
 10
255.9275879304
 20
177.7381856244
 30
0.0
 11
255.9275879304
 21
175.1001455844
 31
0.0
  0
LINE
  5
6EA
330
1F
100
AcDbEntity
  8
0
  6
Continuous
 62
     7
370
    25
100
AcDbLine
 10
254.7480960061
 20
178.4191656044
 30
0.0
 11
255.9275879304
 21
177.7381856244
 31
0.0
  0
LINE
  5
6EB
330
1F
100
AcDbEntity
  8
0
  6
Continuous
 62
     7
370
    25
100
AcDbLine
 10
250.283994391
 20
182.1512164119
 30
0.0
 11
252.0160451986
 21
183.1512164119
 31
0.0
  0
LINE
  5
6EC
330
1F
100
AcDbEntity
  8
0
  6
Continuous
 62
     7
370
    25
100
AcDbLine
 10
250.283994391
 20
180.1512164119
 30
0.0
 11
250.283994391
 21
182.1512164119
 31
0.0
  0
LINE
  5
6ED
330
1F
100
AcDbEntity
  8
0
  6
Continuous
 62
     7
370
    25
100
AcDbLine
 10
252.0160451986
 20
179.1512164119
 30
0.0
 11
250.283994391
 21
180.1512164119
 31
0.0
  0
LINE
  5
6EE
330
1F
100
AcDbEntity
  8
0
  6
Continuous
 62
     7
370
    25
100
AcDbLine
 10
253.7480960061
 20
180.1512164119
 30
0.0
 11
252.0160451986
 21
179.1512164119
 31
0.0
  0
LINE
  5
6EF
330
1F
100
AcDbEntity
  8
0
  6
Continuous
 62
     7
370
    25
100
AcDbLine
 10
253.7480960061
 20
182.1512164119
 30
0.0
 11
253.7480960061
 21
180.1512164119
 31
0.0
  0
LINE
  5
6F0
330
1F
100
AcDbEntity
  8
0
  6
Continuous
 62
     7
370
    25
100
AcDbLine
 10
252.0160451986
 20
183.1512164119
 30
0.0
 11
253.7480960061
 21
182.1512164119
 31
0.0
  0
LINE
  5
6F1
330
1F
100
AcDbEntity
  8
0
  6
Continuous
 62
     7
370
    25
100
AcDbLine
 10
247.5519435834
 20
186.8832672195
 30
0.0
 11
249.283994391
 21
187.8832672195
 31
0.0
  0
LINE
  5
6F2
330
1F
100
AcDbEntity
  8
0
  6
Continuous
 62
     7
370
    25
100
AcDbLine
 10
247.5519435834
 20
184.8832672195
 30
0.0
 11
247.5519435834
 21
186.8832672195
 31
0.0
  0
LINE
  5
6F3
330
1F
100
AcDbEntity
  8
0
  6
Continuous
 62
     7
370
    25
100
AcDbLine
 10
249.283994391
 20
183.8832672195
 30
0.0
 11
247.5519435834
 21
184.8832672195
 31
0.0
  0
LINE
  5
6F4
330
1F
100
AcDbEntity
  8
0
  6
Continuous
 62
     7
370
    25
100
AcDbLine
 10
251.0160451986
 20
184.8832672195
 30
0.0
 11
249.283994391
 21
183.8832672195
 31
0.0
  0
LINE
  5
6F5
330
1F
100
AcDbEntity
  8
0
  6
Continuous
 62
     7
370
    25
100
AcDbLine
 10
251.0160451986
 20
186.8832672195
 30
0.0
 11
251.0160451986
 21
184.8832672195
 31
0.0
  0
LINE
  5
6F6
330
1F
100
AcDbEntity
  8
0
  6
Continuous
 62
     7
370
    25
100
AcDbLine
 10
249.283994391
 20
187.8832672195
 30
0.0
 11
251.0160451986
 21
186.8832672195
 31
0.0
  0
LINE
  5
6F7
330
1F
100
AcDbEntity
  8
0
  6
Continuous
 62
     7
370
    25
100
AcDbLine
 10
247.5519435834
 20
177.4191656044
 30
0.0
 11
249.283994391
 21
178.4191656044
 31
0.0
  0
LINE
  5
6F8
330
1F
100
AcDbEntity
  8
0
  6
Continuous
 62
     7
370
    25
100
AcDbLine
 10
247.5519435834
 20
175.4191656044
 30
0.0
 11
247.5519435834
 21
177.4191656044
 31
0.0
  0
LINE
  5
6F9
330
1F
100
AcDbEntity
  8
0
  6
Continuous
 62
     7
370
    25
100
AcDbLine
 10
249.283994391
 20
174.4191656044
 30
0.0
 11
247.5519435834
 21
175.4191656044
 31
0.0
  0
LINE
  5
6FA
330
1F
100
AcDbEntity
  8
0
  6
Continuous
 62
     7
370
    25
100
AcDbLine
 10
251.0160451986
 20
175.4191656044
 30
0.0
 11
249.283994391
 21
174.4191656044
 31
0.0
  0
LINE
  5
6FB
330
1F
100
AcDbEntity
  8
0
  6
Continuous
 62
     7
370
    25
100
AcDbLine
 10
251.0160451986
 20
177.4191656044
 30
0.0
 11
251.0160451986
 21
175.4191656044
 31
0.0
  0
LINE
  5
6FC
330
1F
100
AcDbEntity
  8
0
  6
Continuous
 62
     7
370
    25
100
AcDbLine
 10
249.283994391
 20
178.4191656044
 30
0.0
 11
251.0160451986
 21
177.4191656044
 31
0.0
  0
LINE
  5
6FD
330
1F
100
AcDbEntity
  8
0
  6
Continuous
 62
     7
370
    25
100
AcDbLine
 10
244.8198927759
 20
182.1512164119
 30
0.0
 11
246.5519435834
 21
183.1512164119
 31
0.0
  0
LINE
  5
6FE
330
1F
100
AcDbEntity
  8
0
  6
Continuous
 62
     7
370
    25
100
AcDbLine
 10
244.8198927759
 20
180.1512164119
 30
0.0
 11
244.8198927759
 21
182.1512164119
 31
0.0
  0
LINE
  5
6FF
330
1F
100
AcDbEntity
  8
0
  6
Continuous
 62
     7
370
    25
100
AcDbLine
 10
246.5519435834
 20
179.1512164119
 30
0.0
 11
244.8198927759
 21
180.1512164119
 31
0.0
  0
LINE
  5
700
330
1F
100
AcDbEntity
  8
0
  6
Continuous
 62
     7
370
    25
100
AcDbLine
 10
248.283994391
 20
180.1512164119
 30
0.0
 11
246.5519435834
 21
179.1512164119
 31
0.0
  0
LINE
  5
701
330
1F
100
AcDbEntity
  8
0
  6
Continuous
 62
     7
370
    25
100
AcDbLine
 10
248.283994391
 20
182.1512164119
 30
0.0
 11
248.283994391
 21
180.1512164119
 31
0.0
  0
LINE
  5
702
330
1F
100
AcDbEntity
  8
0
  6
Continuous
 62
     7
370
    25
100
AcDbLine
 10
246.5519435834
 20
183.1512164119
 30
0.0
 11
248.283994391
 21
182.1512164119
 31
0.0
  0
LINE
  5
703
330
1F
100
AcDbEntity
  8
0
  6
Continuous
 62
     7
370
    25
100
AcDbLine
 10
253.0160451986
 20
186.8832672195
 30
0.0
 11
254.7480960061
 21
187.8832672195
 31
0.0
  0
LINE
  5
704
330
1F
100
AcDbEntity
  8
0
  6
Continuous
 62
     7
370
    25
100
AcDbLine
 10
253.0160451986
 20
184.8832672195
 30
0.0
 11
253.0160451986
 21
186.8832672195
 31
0.0
  0
LINE
  5
705
330
1F
100
AcDbEntity
  8
0
  6
Continuous
 62
     7
370
    25
100
AcDbLine
 10
254.7480960061
 20
183.8832672195
 30
0.0
 11
253.0160451986
 21
184.8832672195
 31
0.0
  0
LINE
  5
706
330
1F
100
AcDbEntity
  8
0
  6
Continuous
 62
     7
370
    25
100
AcDbLine
 10
255.9275879304
 20
184.5642471995
 30
0.0
 11
254.7480960061
 21
183.8832672195
 31
0.0
  0
LINE
  5
707
330
1F
100
AcDbEntity
  8
0
  6
Continuous
 62
     7
370
    25
100
AcDbLine
 10
255.9275879304
 20
187.2022872395
 30
0.0
 11
255.9275879304
 21
184.5642471995
 31
0.0
  0
LINE
  5
708
330
1F
100
AcDbEntity
  8
0
  6
Continuous
 62
     7
370
    25
100
AcDbLine
 10
254.7480960061
 20
187.8832672195
 30
0.0
 11
255.9275879304
 21
187.2022872395
 31
0.0
  0
LINE
  5
709
330
1F
100
AcDbEntity
  8
0
  6
Continuous
 62
     7
370
    25
100
AcDbLine
 10
217.4993847002
 20
210.5435212574
 30
0.0
 11
217.9791745424
 21
210.8205280519
 31
0.0
  0
LINE
  5
70A
330
1F
100
AcDbEntity
  8
0
  6
Continuous
 62
     7
370
    25
100
AcDbLine
 10
217.4993847002
 20
208.5435212574
 30
0.0
 11
217.4993847002
 21
210.5435212574
 31
0.0
  0
LINE
  5
70B
330
1F
100
AcDbEntity
  8
0
  6
Continuous
 62
     7
370
    25
100
AcDbLine
 10
219.2314355077
 20
207.5435212574
 30
0.0
 11
217.4993847002
 21
208.5435212574
 31
0.0
  0
LINE
  5
70C
330
1F
100
AcDbEntity
  8
0
  6
Continuous
 62
     7
370
    25
100
AcDbLine
 10
220.9634863153
 20
208.5435212574
 30
0.0
 11
219.2314355077
 21
207.5435212574
 31
0.0
  0
LINE
  5
70D
330
1F
100
AcDbEntity
  8
0
  6
Continuous
 62
     7
370
    25
100
AcDbLine
 10
220.9634863153
 20
209.3420791603
 30
0.0
 11
220.9634863153
 21
208.5435212574
 31
0.0
  0
ARC
  5
70E
330
1F
100
AcDbEntity
  8
0
  6
Continuous
 62
     7
370
    25
100
AcDbCircle
 10
227.4275879304
 20
226.1413467131
 30
0.0
 40
18.00000000000001
100
AcDbArc
 50
238.3376904418
 51
248.9540370787
  0
LINE
  5
70F
330
1F
100
AcDbEntity
  8
0
  6
Continuous
 62
     7
370
    25
100
AcDbLine
 10
247.5519435834
 20
205.8114704498
 30
0.0
 11
249.283994391
 21
206.8114704498
 31
0.0
  0
LINE
  5
710
330
1F
100
AcDbEntity
  8
0
  6
Continuous
 62
     7
370
    25
100
AcDbLine
 10
247.5519435834
 20
203.8114704498
 30
0.0
 11
247.5519435834
 21
205.8114704498
 31
0.0
  0
LINE
  5
711
330
1F
100
AcDbEntity
  8
0
  6
Continuous
 62
     7
370
    25
100
AcDbLine
 10
249.283994391
 20
202.8114704498
 30
0.0
 11
247.5519435834
 21
203.8114704498
 31
0.0
  0
LINE
  5
712
330
1F
100
AcDbEntity
  8
0
  6
Continuous
 62
     7
370
    25
100
AcDbLine
 10
251.0160451986
 20
203.8114704498
 30
0.0
 11
249.283994391
 21
202.8114704498
 31
0.0
  0
LINE
  5
713
330
1F
100
AcDbEntity
  8
0
  6
Continuous
 62
     7
370
    25
100
AcDbLine
 10
251.0160451986
 20
205.8114704498
 30
0.0
 11
251.0160451986
 21
203.8114704498
 31
0.0
  0
LINE
  5
714
330
1F
100
AcDbEntity
  8
0
  6
Continuous
 62
     7
370
    25
100
AcDbLine
 10
249.283994391
 20
206.8114704498
 30
0.0
 11
251.0160451986
 21
205.8114704498
 31
0.0
  0
LINE
  5
715
330
1F
100
AcDbEntity
  8
0
  6
Continuous
 62
     7
370
    25
100
AcDbLine
 10
242.0878419683
 20
205.8114704498
 30
0.0
 11
243.8198927759
 21
206.8114704498
 31
0.0
  0
LINE
  5
716
330
1F
100
AcDbEntity
  8
0
  6
Continuous
 62
     7
370
    25
100
AcDbLine
 10
242.0878419683
 20
203.8114704498
 30
0.0
 11
242.0878419683
 21
205.8114704498
 31
0.0
  0
LINE
  5
717
330
1F
100
AcDbEntity
  8
0
  6
Continuous
 62
     7
370
    25
100
AcDbLine
 10
243.8198927759
 20
202.8114704498
 30
0.0
 11
242.0878419683
 21
203.8114704498
 31
0.0
  0
LINE
  5
718
330
1F
100
AcDbEntity
  8
0
  6
Continuous
 62
     7
370
    25
100
AcDbLine
 10
245.5519435834
 20
203.8114704498
 30
0.0
 11
243.8198927759
 21
202.8114704498
 31
0.0
  0
LINE
  5
719
330
1F
100
AcDbEntity
  8
0
  6
Continuous
 62
     7
370
    25
100
AcDbLine
 10
245.5519435834
 20
205.8114704498
 30
0.0
 11
245.5519435834
 21
203.8114704498
 31
0.0
  0
LINE
  5
71A
330
1F
100
AcDbEntity
  8
0
  6
Continuous
 62
     7
370
    25
100
AcDbLine
 10
243.8198927759
 20
206.8114704498
 30
0.0
 11
245.5519435834
 21
205.8114704498
 31
0.0
  0
LINE
  5
71B
330
1F
100
AcDbEntity
  8
0
  6
Continuous
 62
     7
370
    25
100
AcDbLine
 10
236.6237403531
 20
205.8114704498
 30
0.0
 11
238.3557911607
 21
206.8114704498
 31
0.0
  0
LINE
  5
71C
330
1F
100
AcDbEntity
  8
0
  6
Continuous
 62
     7
370
    25
100
AcDbLine
 10
236.6237403531
 20
203.8114704498
 30
0.0
 11
236.6237403531
 21
205.8114704498
 31
0.0
  0
LINE
  5
71D
330
1F
100
AcDbEntity
  8
0
  6
Continuous
 62
     7
370
    25
100
AcDbLine
 10
238.3557911607
 20
202.8114704498
 30
0.0
 11
236.6237403531
 21
203.8114704498
 31
0.0
  0
LINE
  5
71E
330
1F
100
AcDbEntity
  8
0
  6
Continuous
 62
     7
370
    25
100
AcDbLine
 10
240.0878419683
 20
203.8114704498
 30
0.0
 11
238.3557911607
 21
202.8114704498
 31
0.0
  0
LINE
  5
71F
330
1F
100
AcDbEntity
  8
0
  6
Continuous
 62
     7
370
    25
100
AcDbLine
 10
240.0878419683
 20
205.8114704498
 30
0.0
 11
240.0878419683
 21
203.8114704498
 31
0.0
  0
LINE
  5
720
330
1F
100
AcDbEntity
  8
0
  6
Continuous
 62
     7
370
    25
100
AcDbLine
 10
238.3557911607
 20
206.8114704498
 30
0.0
 11
240.0878419683
 21
205.8114704498
 31
0.0
  0
LINE
  5
721
330
1F
100
AcDbEntity
  8
0
  6
Continuous
 62
     7
370
    25
100
AcDbLine
 10
239.3557911607
 20
210.5435212574
 30
0.0
 11
241.0878419683
 21
211.5435212574
 31
0.0
  0
LINE
  5
722
330
1F
100
AcDbEntity
  8
0
  6
Continuous
 62
     7
370
    25
100
AcDbLine
 10
239.3557911607
 20
208.5435212574
 30
0.0
 11
239.3557911607
 21
210.5435212574
 31
0.0
  0
LINE
  5
723
330
1F
100
AcDbEntity
  8
0
  6
Continuous
 62
     7
370
    25
100
AcDbLine
 10
241.0878419683
 20
207.5435212574
 30
0.0
 11
239.3557911607
 21
208.5435212574
 31
0.0
  0
LINE
  5
724
330
1F
100
AcDbEntity
  8
0
  6
Continuous
 62
     7
370
    25
100
AcDbLine
 10
242.8198927759
 20
208.5435212574
 30
0.0
 11
241.0878419683
 21
207.5435212574
 31
0.0
  0
LINE
  5
725
330
1F
100
AcDbEntity
  8
0
  6
Continuous
 62
     7
370
    25
100
AcDbLine
 10
242.8198927759
 20
210.5435212574
 30
0.0
 11
242.8198927759
 21
208.5435212574
 31
0.0
  0
LINE
  5
726
330
1F
100
AcDbEntity
  8
0
  6
Continuous
 62
     7
370
    25
100
AcDbLine
 10
241.0878419683
 20
211.5435212574
 30
0.0
 11
242.8198927759
 21
210.5435212574
 31
0.0
  0
LINE
  5
727
330
1F
100
AcDbEntity
  8
0
  6
Continuous
 62
     7
370
    25
100
AcDbLine
 10
228.4275879304
 20
201.0794196422
 30
0.0
 11
230.159638738
 21
202.0794196422
 31
0.0
  0
LINE
  5
728
330
1F
100
AcDbEntity
  8
0
  6
Continuous
 62
     7
370
    25
100
AcDbLine
 10
228.4275879304
 20
199.0794196422
 30
0.0
 11
228.4275879304
 21
201.0794196422
 31
0.0
  0
LINE
  5
729
330
1F
100
AcDbEntity
  8
0
  6
Continuous
 62
     7
370
    25
100
AcDbLine
 10
230.159638738
 20
198.0794196422
 30
0.0
 11
228.4275879304
 21
199.0794196422
 31
0.0
  0
LINE
  5
72A
330
1F
100
AcDbEntity
  8
0
  6
Continuous
 62
     7
370
    25
100
AcDbLine
 10
231.8916895456
 20
199.0794196422
 30
0.0
 11
230.159638738
 21
198.0794196422
 31
0.0
  0
LINE
  5
72B
330
1F
100
AcDbEntity
  8
0
  6
Continuous
 62
     7
370
    25
100
AcDbLine
 10
231.8916895456
 20
201.0794196422
 30
0.0
 11
231.8916895456
 21
199.0794196422
 31
0.0
  0
LINE
  5
72C
330
1F
100
AcDbEntity
  8
0
  6
Continuous
 62
     7
370
    25
100
AcDbLine
 10
230.159638738
 20
202.0794196422
 30
0.0
 11
231.8916895456
 21
201.0794196422
 31
0.0
  0
LINE
  5
72D
330
1F
100
AcDbEntity
  8
0
  6
Continuous
 62
     7
370
    25
100
AcDbLine
 10
233.8916895456
 20
201.0794196422
 30
0.0
 11
235.6237403531
 21
202.0794196422
 31
0.0
  0
LINE
  5
72E
330
1F
100
AcDbEntity
  8
0
  6
Continuous
 62
     7
370
    25
100
AcDbLine
 10
233.8916895456
 20
199.0794196422
 30
0.0
 11
233.8916895456
 21
201.0794196422
 31
0.0
  0
LINE
  5
72F
330
1F
100
AcDbEntity
  8
0
  6
Continuous
 62
     7
370
    25
100
AcDbLine
 10
235.6237403531
 20
198.0794196422
 30
0.0
 11
233.8916895456
 21
199.0794196422
 31
0.0
  0
LINE
  5
730
330
1F
100
AcDbEntity
  8
0
  6
Continuous
 62
     7
370
    25
100
AcDbLine
 10
237.3557911607
 20
199.0794196422
 30
0.0
 11
235.6237403531
 21
198.0794196422
 31
0.0
  0
LINE
  5
731
330
1F
100
AcDbEntity
  8
0
  6
Continuous
 62
     7
370
    25
100
AcDbLine
 10
237.3557911607
 20
201.0794196422
 30
0.0
 11
237.3557911607
 21
199.0794196422
 31
0.0
  0
LINE
  5
732
330
1F
100
AcDbEntity
  8
0
  6
Continuous
 62
     7
370
    25
100
AcDbLine
 10
235.6237403531
 20
202.0794196422
 30
0.0
 11
237.3557911607
 21
201.0794196422
 31
0.0
  0
LINE
  5
733
330
1F
100
AcDbEntity
  8
0
  6
Continuous
 62
     7
370
    25
100
AcDbLine
 10
239.3557911607
 20
201.0794196422
 30
0.0
 11
241.0878419683
 21
202.0794196422
 31
0.0
  0
LINE
  5
734
330
1F
100
AcDbEntity
  8
0
  6
Continuous
 62
     7
370
    25
100
AcDbLine
 10
239.3557911607
 20
199.0794196422
 30
0.0
 11
239.3557911607
 21
201.0794196422
 31
0.0
  0
LINE
  5
735
330
1F
100
AcDbEntity
  8
0
  6
Continuous
 62
     7
370
    25
100
AcDbLine
 10
241.0878419683
 20
198.0794196422
 30
0.0
 11
239.3557911607
 21
199.0794196422
 31
0.0
  0
LINE
  5
736
330
1F
100
AcDbEntity
  8
0
  6
Continuous
 62
     7
370
    25
100
AcDbLine
 10
242.8198927759
 20
199.0794196422
 30
0.0
 11
241.0878419683
 21
198.0794196422
 31
0.0
  0
LINE
  5
737
330
1F
100
AcDbEntity
  8
0
  6
Continuous
 62
     7
370
    25
100
AcDbLine
 10
242.8198927759
 20
201.0794196422
 30
0.0
 11
242.8198927759
 21
199.0794196422
 31
0.0
  0
LINE
  5
738
330
1F
100
AcDbEntity
  8
0
  6
Continuous
 62
     7
370
    25
100
AcDbLine
 10
241.0878419683
 20
202.0794196422
 30
0.0
 11
242.8198927759
 21
201.0794196422
 31
0.0
  0
LINE
  5
739
330
1F
100
AcDbEntity
  8
0
  6
Continuous
 62
     7
370
    25
100
AcDbLine
 10
244.8198927759
 20
201.0794196422
 30
0.0
 11
246.5519435834
 21
202.0794196422
 31
0.0
  0
LINE
  5
73A
330
1F
100
AcDbEntity
  8
0
  6
Continuous
 62
     7
370
    25
100
AcDbLine
 10
244.8198927759
 20
199.0794196422
 30
0.0
 11
244.8198927759
 21
201.0794196422
 31
0.0
  0
LINE
  5
73B
330
1F
100
AcDbEntity
  8
0
  6
Continuous
 62
     7
370
    25
100
AcDbLine
 10
246.5519435834
 20
198.0794196422
 30
0.0
 11
244.8198927759
 21
199.0794196422
 31
0.0
  0
LINE
  5
73C
330
1F
100
AcDbEntity
  8
0
  6
Continuous
 62
     7
370
    25
100
AcDbLine
 10
248.283994391
 20
199.0794196422
 30
0.0
 11
246.5519435834
 21
198.0794196422
 31
0.0
  0
LINE
  5
73D
330
1F
100
AcDbEntity
  8
0
  6
Continuous
 62
     7
370
    25
100
AcDbLine
 10
248.283994391
 20
201.0794196422
 30
0.0
 11
248.283994391
 21
199.0794196422
 31
0.0
  0
LINE
  5
73E
330
1F
100
AcDbEntity
  8
0
  6
Continuous
 62
     7
370
    25
100
AcDbLine
 10
246.5519435834
 20
202.0794196422
 30
0.0
 11
248.283994391
 21
201.0794196422
 31
0.0
  0
LINE
  5
73F
330
1F
100
AcDbEntity
  8
0
  6
Continuous
 62
     7
370
    25
100
AcDbLine
 10
250.283994391
 20
201.0794196422
 30
0.0
 11
252.0160451986
 21
202.0794196422
 31
0.0
  0
LINE
  5
740
330
1F
100
AcDbEntity
  8
0
  6
Continuous
 62
     7
370
    25
100
AcDbLine
 10
250.283994391
 20
199.0794196422
 30
0.0
 11
250.283994391
 21
201.0794196422
 31
0.0
  0
LINE
  5
741
330
1F
100
AcDbEntity
  8
0
  6
Continuous
 62
     7
370
    25
100
AcDbLine
 10
252.0160451986
 20
198.0794196422
 30
0.0
 11
250.283994391
 21
199.0794196422
 31
0.0
  0
LINE
  5
742
330
1F
100
AcDbEntity
  8
0
  6
Continuous
 62
     7
370
    25
100
AcDbLine
 10
253.7480960061
 20
199.0794196422
 30
0.0
 11
252.0160451986
 21
198.0794196422
 31
0.0
  0
LINE
  5
743
330
1F
100
AcDbEntity
  8
0
  6
Continuous
 62
     7
370
    25
100
AcDbLine
 10
253.7480960061
 20
201.0794196422
 30
0.0
 11
253.7480960061
 21
199.0794196422
 31
0.0
  0
LINE
  5
744
330
1F
100
AcDbEntity
  8
0
  6
Continuous
 62
     7
370
    25
100
AcDbLine
 10
252.0160451986
 20
202.0794196422
 30
0.0
 11
253.7480960061
 21
201.0794196422
 31
0.0
  0
LINE
  5
745
330
1F
100
AcDbEntity
  8
0
  6
Continuous
 62
     7
370
    25
100
AcDbLine
 10
253.0160451986
 20
205.8114704498
 30
0.0
 11
254.7480960061
 21
206.8114704498
 31
0.0
  0
LINE
  5
746
330
1F
100
AcDbEntity
  8
0
  6
Continuous
 62
     7
370
    25
100
AcDbLine
 10
253.0160451986
 20
203.8114704498
 30
0.0
 11
253.0160451986
 21
205.8114704498
 31
0.0
  0
LINE
  5
747
330
1F
100
AcDbEntity
  8
0
  6
Continuous
 62
     7
370
    25
100
AcDbLine
 10
254.7480960061
 20
202.8114704498
 30
0.0
 11
253.0160451986
 21
203.8114704498
 31
0.0
  0
LINE
  5
748
330
1F
100
AcDbEntity
  8
0
  6
Continuous
 62
     7
370
    25
100
AcDbLine
 10
255.9275879304
 20
203.4924504298
 30
0.0
 11
254.7480960061
 21
202.8114704498
 31
0.0
  0
LINE
  5
749
330
1F
100
AcDbEntity
  8
0
  6
Continuous
 62
     7
370
    25
100
AcDbLine
 10
255.9275879304
 20
206.1304904698
 30
0.0
 11
255.9275879304
 21
203.4924504298
 31
0.0
  0
LINE
  5
74A
330
1F
100
AcDbEntity
  8
0
  6
Continuous
 62
     7
370
    25
100
AcDbLine
 10
254.7480960061
 20
206.8114704498
 30
0.0
 11
255.9275879304
 21
206.1304904698
 31
0.0
  0
LINE
  5
74B
330
1F
100
AcDbEntity
  8
0
  6
Continuous
 62
     7
370
    25
100
AcDbLine
 10
250.283994391
 20
210.5435212574
 30
0.0
 11
252.0160451986
 21
211.5435212574
 31
0.0
  0
LINE
  5
74C
330
1F
100
AcDbEntity
  8
0
  6
Continuous
 62
     7
370
    25
100
AcDbLine
 10
250.283994391
 20
208.5435212574
 30
0.0
 11
250.283994391
 21
210.5435212574
 31
0.0
  0
LINE
  5
74D
330
1F
100
AcDbEntity
  8
0
  6
Continuous
 62
     7
370
    25
100
AcDbLine
 10
252.0160451986
 20
207.5435212574
 30
0.0
 11
250.283994391
 21
208.5435212574
 31
0.0
  0
LINE
  5
74E
330
1F
100
AcDbEntity
  8
0
  6
Continuous
 62
     7
370
    25
100
AcDbLine
 10
253.7480960061
 20
208.5435212574
 30
0.0
 11
252.0160451986
 21
207.5435212574
 31
0.0
  0
LINE
  5
74F
330
1F
100
AcDbEntity
  8
0
  6
Continuous
 62
     7
370
    25
100
AcDbLine
 10
253.7480960061
 20
210.5435212574
 30
0.0
 11
253.7480960061
 21
208.5435212574
 31
0.0
  0
LINE
  5
750
330
1F
100
AcDbEntity
  8
0
  6
Continuous
 62
     7
370
    25
100
AcDbLine
 10
252.0160451986
 20
211.5435212574
 30
0.0
 11
253.7480960061
 21
210.5435212574
 31
0.0
  0
LINE
  5
751
330
1F
100
AcDbEntity
  8
0
  6
Continuous
 62
     7
370
    25
100
AcDbLine
 10
253.0160451986
 20
215.2755720649
 30
0.0
 11
254.7480960061
 21
216.2755720649
 31
0.0
  0
LINE
  5
752
330
1F
100
AcDbEntity
  8
0
  6
Continuous
 62
     7
370
    25
100
AcDbLine
 10
253.0160451986
 20
213.2755720649
 30
0.0
 11
253.0160451986
 21
215.2755720649
 31
0.0
  0
LINE
  5
753
330
1F
100
AcDbEntity
  8
0
  6
Continuous
 62
     7
370
    25
100
AcDbLine
 10
254.7480960061
 20
212.2755720649
 30
0.0
 11
253.0160451986
 21
213.2755720649
 31
0.0
  0
LINE
  5
754
330
1F
100
AcDbEntity
  8
0
  6
Continuous
 62
     7
370
    25
100
AcDbLine
 10
255.9275879304
 20
212.9565520449
 30
0.0
 11
254.7480960061
 21
212.2755720649
 31
0.0
  0
LINE
  5
755
330
1F
100
AcDbEntity
  8
0
  6
Continuous
 62
     7
370
    25
100
AcDbLine
 10
255.9275879304
 20
215.5945920849
 30
0.0
 11
255.9275879304
 21
212.9565520449
 31
0.0
  0
LINE
  5
756
330
1F
100
AcDbEntity
  8
0
  6
Continuous
 62
     7
370
    25
100
AcDbLine
 10
254.7480960061
 20
216.2755720649
 30
0.0
 11
255.9275879304
 21
215.5945920849
 31
0.0
  0
LINE
  5
757
330
1F
100
AcDbEntity
  8
0
  6
Continuous
 62
     7
370
    25
100
AcDbLine
 10
211.035283085
 20
216.2755720649
 30
0.0
 11
211.5060402596
 21
216.0037802835
 31
0.0
  0
LINE
  5
758
330
1F
100
AcDbEntity
  8
0
  6
Continuous
 62
     7
370
    25
100
AcDbLine
 10
209.3032322775
 20
215.2755720649
 30
0.0
 11
211.035283085
 21
216.2755720649
 31
0.0
  0
LINE
  5
759
330
1F
100
AcDbEntity
  8
0
  6
Continuous
 62
     7
370
    25
100
AcDbLine
 10
209.3032322775
 20
213.2755720649
 30
0.0
 11
209.3032322775
 21
215.2755720649
 31
0.0
  0
LINE
  5
75A
330
1F
100
AcDbEntity
  8
0
  6
Continuous
 62
     7
370
    25
100
AcDbLine
 10
211.035283085
 20
212.2755720649
 30
0.0
 11
209.3032322775
 21
213.2755720649
 31
0.0
  0
LINE
  5
75B
330
1F
100
AcDbEntity
  8
0
  6
Continuous
 62
     7
370
    25
100
AcDbLine
 10
212.7673338926
 20
213.2755720649
 30
0.0
 11
211.035283085
 21
212.2755720649
 31
0.0
  0
LINE
  5
75C
330
1F
100
AcDbEntity
  8
0
  6
Continuous
 62
     7
370
    25
100
AcDbLine
 10
212.7673338926
 20
214.9454292612
 30
0.0
 11
212.7673338926
 21
213.2755720649
 31
0.0
  0
LINE
  5
75D
330
1F
100
AcDbEntity
  8
0
  6
Continuous
 62
     7
370
    25
100
AcDbLine
 10
211.5060402596
 20
216.0037802835
 30
0.0
 11
212.7673338926
 21
214.9454292612
 31
0.0
  0
LINE
  5
75E
330
1F
100
AcDbEntity
  8
0
  6
Continuous
 62
     7
370
    25
100
AcDbLine
 10
206.5711814699
 20
218.0076228725
 30
0.0
 11
206.5711814699
 21
220.0076228725
 31
0.0
  0
LINE
  5
75F
330
1F
100
AcDbEntity
  8
0
  6
Continuous
 62
     7
370
    25
100
AcDbLine
 10
208.3032322775
 20
217.0076228725
 30
0.0
 11
206.5711814699
 21
218.0076228725
 31
0.0
  0
LINE
  5
760
330
1F
100
AcDbEntity
  8
0
  6
Continuous
 62
     7
370
    25
100
AcDbLine
 10
209.4918605566
 20
217.6938777294
 30
0.0
 11
208.3032322775
 21
217.0076228725
 31
0.0
  0
LINE
  5
761
330
1F
100
AcDbEntity
  8
0
  6
Continuous
 62
     7
370
    25
100
AcDbLine
 10
206.6678990462
 20
220.0634627912
 30
0.0
 11
209.4918605566
 21
217.6938777294
 31
0.0
  0
LINE
  5
762
330
1F
100
AcDbEntity
  8
0
  6
Continuous
 62
     7
370
    25
100
AcDbLine
 10
206.5711814699
 20
220.0076228725
 30
0.0
 11
206.6678990462
 21
220.0634627912
 31
0.0
  0
LINE
  5
763
330
1F
100
AcDbEntity
  8
0
  6
Continuous
 62
     7
370
    25
100
AcDbLine
 10
244.8198927759
 20
210.5435212574
 30
0.0
 11
246.5519435834
 21
211.5435212574
 31
0.0
  0
LINE
  5
764
330
1F
100
AcDbEntity
  8
0
  6
Continuous
 62
     7
370
    25
100
AcDbLine
 10
244.8198927759
 20
208.5435212574
 30
0.0
 11
244.8198927759
 21
210.5435212574
 31
0.0
  0
LINE
  5
765
330
1F
100
AcDbEntity
  8
0
  6
Continuous
 62
     7
370
    25
100
AcDbLine
 10
246.5519435834
 20
207.5435212574
 30
0.0
 11
244.8198927759
 21
208.5435212574
 31
0.0
  0
LINE
  5
766
330
1F
100
AcDbEntity
  8
0
  6
Continuous
 62
     7
370
    25
100
AcDbLine
 10
248.283994391
 20
208.5435212574
 30
0.0
 11
246.5519435834
 21
207.5435212574
 31
0.0
  0
LINE
  5
767
330
1F
100
AcDbEntity
  8
0
  6
Continuous
 62
     7
370
    25
100
AcDbLine
 10
248.283994391
 20
210.5435212574
 30
0.0
 11
248.283994391
 21
208.5435212574
 31
0.0
  0
LINE
  5
768
330
1F
100
AcDbEntity
  8
0
  6
Continuous
 62
     7
370
    25
100
AcDbLine
 10
246.5519435834
 20
211.5435212574
 30
0.0
 11
248.283994391
 21
210.5435212574
 31
0.0
  0
LINE
  5
769
330
1F
100
AcDbEntity
  8
0
  6
Continuous
 62
     7
370
    25
100
AcDbLine
 10
243.3491356013
 20
216.0037802835
 30
0.0
 11
243.8198927759
 21
216.2755720649
 31
0.0
  0
LINE
  5
76A
330
1F
100
AcDbEntity
  8
0
  6
Continuous
 62
     7
370
    25
100
AcDbLine
 10
242.0878419683
 20
214.9454292612
 30
0.0
 11
243.3491356013
 21
216.0037802835
 31
0.0
  0
LINE
  5
76B
330
1F
100
AcDbEntity
  8
0
  6
Continuous
 62
     7
370
    25
100
AcDbLine
 10
242.0878419683
 20
213.2755720649
 30
0.0
 11
242.0878419683
 21
214.9454292612
 31
0.0
  0
LINE
  5
76C
330
1F
100
AcDbEntity
  8
0
  6
Continuous
 62
     7
370
    25
100
AcDbLine
 10
243.8198927759
 20
212.2755720649
 30
0.0
 11
242.0878419683
 21
213.2755720649
 31
0.0
  0
LINE
  5
76D
330
1F
100
AcDbEntity
  8
0
  6
Continuous
 62
     7
370
    25
100
AcDbLine
 10
245.5519435834
 20
213.2755720649
 30
0.0
 11
243.8198927759
 21
212.2755720649
 31
0.0
  0
LINE
  5
76E
330
1F
100
AcDbEntity
  8
0
  6
Continuous
 62
     7
370
    25
100
AcDbLine
 10
245.5519435834
 20
215.2755720649
 30
0.0
 11
245.5519435834
 21
213.2755720649
 31
0.0
  0
LINE
  5
76F
330
1F
100
AcDbEntity
  8
0
  6
Continuous
 62
     7
370
    25
100
AcDbLine
 10
243.8198927759
 20
216.2755720649
 30
0.0
 11
245.5519435834
 21
215.2755720649
 31
0.0
  0
LINE
  5
770
330
1F
100
AcDbEntity
  8
0
  6
Continuous
 62
     7
370
    25
100
AcDbLine
 10
250.283994391
 20
220.0076228725
 30
0.0
 11
252.0160451986
 21
221.0076228725
 31
0.0
  0
LINE
  5
771
330
1F
100
AcDbEntity
  8
0
  6
Continuous
 62
     7
370
    25
100
AcDbLine
 10
250.283994391
 20
218.0076228725
 30
0.0
 11
250.283994391
 21
220.0076228725
 31
0.0
  0
LINE
  5
772
330
1F
100
AcDbEntity
  8
0
  6
Continuous
 62
     7
370
    25
100
AcDbLine
 10
252.0160451986
 20
217.0076228725
 30
0.0
 11
250.283994391
 21
218.0076228725
 31
0.0
  0
LINE
  5
773
330
1F
100
AcDbEntity
  8
0
  6
Continuous
 62
     7
370
    25
100
AcDbLine
 10
253.7480960061
 20
218.0076228725
 30
0.0
 11
252.0160451986
 21
217.0076228725
 31
0.0
  0
LINE
  5
774
330
1F
100
AcDbEntity
  8
0
  6
Continuous
 62
     7
370
    25
100
AcDbLine
 10
253.7480960061
 20
220.0076228725
 30
0.0
 11
253.7480960061
 21
218.0076228725
 31
0.0
  0
LINE
  5
775
330
1F
100
AcDbEntity
  8
0
  6
Continuous
 62
     7
370
    25
100
AcDbLine
 10
252.0160451986
 20
221.0076228725
 30
0.0
 11
253.7480960061
 21
220.0076228725
 31
0.0
  0
CIRCLE
  5
776
330
1F
100
AcDbEntity
  8
0
  6
Continuous
 62
     7
370
    25
100
AcDbCircle
 10
257.9275879304
 20
159.8473688347
 30
0.0
 40
2.0
  0
CIRCLE
  5
777
330
1F
100
AcDbEntity
  8
0
  6
Continuous
 62
     7
370
    25
100
AcDbCircle
 10
196.9275879304
 20
159.8473688347
 30
0.0
 40
2.0
  0
CIRCLE
  5
778
330
1F
100
AcDbEntity
  8
0
  6
Continuous
 62
     7
370
    25
100
AcDbCircle
 10
196.9275879304
 20
230.8473688347
 30
0.0
 40
2.0
  0
CIRCLE
  5
779
330
1F
100
AcDbEntity
  8
0
  6
Continuous
 62
     7
370
    25
100
AcDbCircle
 10
257.9275879304
 20
230.8473688347
 30
0.0
 40
2.0
  0
ARC
  5
77A
330
1F
100
AcDbEntity
  8
0
  6
Continuous
 62
     7
370
    25
100
AcDbCircle
 10
257.9275879304
 20
159.8473688347
 30
0.0
 40
5.999999999999999
100
AcDbArc
 50
230.0
 51
270.0
  0
LINE
  5
77B
330
1F
100
AcDbEntity
  8
0
  6
Continuous
 62
     7
370
    25
100
AcDbLine
 10
254.0708622723
 20
155.2511021759
 30
0.0
 11
233.8554640273
 21
172.2138353874
 31
0.0
  0
ARC
  5
77C
330
1F
100
AcDbEntity
  8
0
  6
Continuous
 62
     7
370
    25
100
AcDbCircle
 10
227.4275879304
 20
164.5533909562
 30
0.0
 40
9.999999999999993
100
AcDbArc
 50
50.0
 51
130.0
  0
LINE
  5
77D
330
1F
100
AcDbEntity
  8
0
  6
Continuous
 62
     7
370
    25
100
AcDbLine
 10
200.7843135886
 20
155.2511021759
 30
0.0
 11
220.9997118336
 21
172.2138353874
 31
0.0
  0
ARC
  5
77E
330
1F
100
AcDbEntity
  8
0
  6
Continuous
 62
     7
370
    25
100
AcDbCircle
 10
196.9275879304
 20
159.8473688347
 30
0.0
 40
6.0
100
AcDbArc
 50
270.0
 51
310.0
  0
LINE
  5
77F
330
1F
100
AcDbEntity
  8
0
  6
Continuous
 62
     7
370
    25
100
AcDbLine
 10
196.9275879304
 20
153.8473688347
 30
0.0
 11
192.9275879304
 21
153.8473688347
 31
0.0
  0
ARC
  5
780
330
1F
100
AcDbEntity
  8
0
  6
Continuous
 62
     7
370
    25
100
AcDbCircle
 10
192.9275879304
 20
155.8473688347
 30
0.0
 40
2.0
100
AcDbArc
 50
180.0
 51
270.0
  0
LINE
  5
781
330
1F
100
AcDbEntity
  8
0
  6
Continuous
 62
     7
370
    25
100
AcDbLine
 10
190.9275879304
 20
155.8473688347
 30
0.0
 11
190.9275879304
 21
263.3832672195
 31
0.0
  0
LINE
  5
782
330
1F
100
AcDbEntity
  8
0
  6
Continuous
 62
     7
370
    25
100
AcDbLine
 10
196.9275879304
 20
266.8473688347
 30
0.0
 11
190.9275879304
 21
263.3832672195
 31
0.0
  0
LINE
  5
783
330
1F
100
AcDbEntity
  8
0
  6
Continuous
 62
     7
370
    25
100
AcDbLine
 10
202.9275879304
 20
263.3832672195
 30
0.0
 11
196.9275879304
 21
266.8473688347
 31
0.0
  0
LINE
  5
784
330
1F
100
AcDbEntity
  8
0
  6
Continuous
 62
     7
370
    25
100
AcDbLine
 10
202.9275879304
 20
238.3082913651
 30
0.0
 11
202.9275879304
 21
263.3832672195
 31
0.0
  0
ARC
  5
785
330
1F
100
AcDbEntity
  8
0
  6
Continuous
 62
     7
370
    25
100
AcDbCircle
 10
212.9275879304
 20
238.3082913651
 30
0.0
 40
10.00000000000003
100
AcDbArc
 50
180.0
 51
230.0
  0
LINE
  5
786
330
1F
100
AcDbEntity
  8
0
  6
Continuous
 62
     7
370
    25
100
AcDbLine
 10
206.4997118336
 20
230.6478469339
 30
0.0
 11
220.9997118336
 21
218.4809022819
 31
0.0
  0
ARC
  5
787
330
1F
100
AcDbEntity
  8
0
  6
Continuous
 62
     7
370
    25
100
AcDbCircle
 10
227.4275879304
 20
226.1413467131
 30
0.0
 40
10.00000000000001
100
AcDbArc
 50
230.0
 51
310.0
  0
LINE
  5
788
330
1F
100
AcDbEntity
  8
0
  6
Continuous
 62
     7
370
    25
100
AcDbLine
 10
248.3554640273
 20
230.6478469339
 30
0.0
 11
233.8554640273
 21
218.4809022819
 31
0.0
  0
ARC
  5
789
330
1F
100
AcDbEntity
  8
0
  6
Continuous
 62
     7
370
    25
100
AcDbCircle
 10
241.9275879304
 20
238.3082913651
 30
0.0
 40
10.0
100
AcDbArc
 50
310.0
 51
0.0
  0
LINE
  5
78A
330
1F
100
AcDbEntity
  8
0
  6
Continuous
 62
     7
370
    25
100
AcDbLine
 10
251.9275879304
 20
238.3082913651
 30
0.0
 11
251.9275879304
 21
263.3832672195
 31
0.0
  0
LINE
  5
78B
330
1F
100
AcDbEntity
  8
0
  6
Continuous
 62
     7
370
    25
100
AcDbLine
 10
257.9275879304
 20
266.8473688347
 30
0.0
 11
251.9275879304
 21
263.3832672195
 31
0.0
  0
LINE
  5
78C
330
1F
100
AcDbEntity
  8
0
  6
Continuous
 62
     7
370
    25
100
AcDbLine
 10
263.9275879304
 20
263.3832672195
 30
0.0
 11
257.9275879304
 21
266.8473688347
 31
0.0
  0
LINE
  5
78D
330
1F
100
AcDbEntity
  8
0
  6
Continuous
 62
     7
370
    25
100
AcDbLine
 10
263.9275879304
 20
263.3832672195
 30
0.0
 11
263.9275879304
 21
155.8473688347
 31
0.0
  0
ARC
  5
78E
330
1F
100
AcDbEntity
  8
0
  6
Continuous
 62
     7
370
    25
100
AcDbCircle
 10
261.9275879304
 20
155.8473688347
 30
0.0
 40
2.0
100
AcDbArc
 50
270.0
 51
0.0
  0
LINE
  5
78F
330
1F
100
AcDbEntity
  8
0
  6
Continuous
 62
     7
370
    25
100
AcDbLine
 10
261.9275879304
 20
153.8473688347
 30
0.0
 11
257.9275879304
 21
153.8473688347
 31
0.0
  0
CIRCLE
  5
790
330
1F
100
AcDbEntity
  8
0
  6
Continuous
 62
     7
370
    25
100
AcDbCircle
 10
257.9275879304
 20
260.8473688347
 30
0.0
 40
2.0
  0
CIRCLE
  5
791
330
1F
100
AcDbEntity
  8
0
  6
Continuous
 62
     7
370
    25
100
AcDbCircle
 10
196.9275879304
 20
260.8473688347
 30
0.0
 40
2.0
  0
LINE
  5
792
330
1F
100
AcDbEntity
  8
0
  6
Continuous
 62
     7
370
    25
100
AcDbLine
 10
198.9275879304
 20
165.6360439692
 30
0.0
 11
198.9275879304
 21
168.2740840092
 31
0.0
  0
LINE
  5
793
330
1F
100
AcDbEntity
  8
0
  6
Continuous
 62
     7
370
    25
100
AcDbLine
 10
199.9863343733
 20
165.0247764254
 30
0.0
 11
198.9275879304
 21
165.6360439692
 31
0.0
  0
LINE
  5
794
330
1F
100
AcDbEntity
  8
0
  6
Continuous
 62
     7
370
    25
100
AcDbLine
 10
201.8391306623
 20
166.5794571081
 30
0.0
 11
199.9863343733
 21
165.0247764254
 31
0.0
  0
LINE
  5
795
330
1F
100
AcDbEntity
  8
0
  6
Continuous
 62
     7
370
    25
100
AcDbLine
 10
201.8391306623
 20
167.9550639892
 30
0.0
 11
201.8391306623
 21
166.5794571081
 31
0.0
  0
LINE
  5
796
330
1F
100
AcDbEntity
  8
0
  6
Continuous
 62
     7
370
    25
100
AcDbLine
 10
200.1070798547
 20
168.9550639892
 30
0.0
 11
201.8391306623
 21
167.9550639892
 31
0.0
  0
LINE
  5
797
330
1F
100
AcDbEntity
  8
0
  6
Continuous
 62
     7
370
    25
100
AcDbLine
 10
198.9275879304
 20
168.2740840092
 30
0.0
 11
200.1070798547
 21
168.9550639892
 31
0.0
  0
LINE
  5
798
330
1F
100
AcDbEntity
  8
0
  6
Continuous
 62
     7
370
    25
100
AcDbLine
 10
245.3633153043
 20
217.6938777294
 30
0.0
 11
248.1872768147
 21
220.0634627912
 31
0.0
  0
LINE
  5
799
330
1F
100
AcDbEntity
  8
0
  6
Continuous
 62
     7
370
    25
100
AcDbLine
 10
246.5519435834
 20
217.0076228725
 30
0.0
 11
245.3633153043
 21
217.6938777294
 31
0.0
  0
LINE
  5
79A
330
1F
100
AcDbEntity
  8
0
  6
Continuous
 62
     7
370
    25
100
AcDbLine
 10
248.283994391
 20
218.0076228725
 30
0.0
 11
246.5519435834
 21
217.0076228725
 31
0.0
  0
LINE
  5
79B
330
1F
100
AcDbEntity
  8
0
  6
Continuous
 62
     7
370
    25
100
AcDbLine
 10
248.283994391
 20
220.0076228725
 30
0.0
 11
248.283994391
 21
218.0076228725
 31
0.0
  0
LINE
  5
79C
330
1F
100
AcDbEntity
  8
0
  6
Continuous
 62
     7
370
    25
100
AcDbLine
 10
248.1872768147
 20
220.0634627912
 30
0.0
 11
248.283994391
 21
220.0076228725
 31
0.0
  0
LINE
  5
79D
330
1F
100
AcDbEntity
  8
0
  6
Continuous
 62
     7
370
    25
100
AcDbLine
 10
247.5519435834
 20
215.2755720649
 30
0.0
 11
249.283994391
 21
216.2755720649
 31
0.0
  0
LINE
  5
79E
330
1F
100
AcDbEntity
  8
0
  6
Continuous
 62
     7
370
    25
100
AcDbLine
 10
247.5519435834
 20
213.2755720649
 30
0.0
 11
247.5519435834
 21
215.2755720649
 31
0.0
  0
LINE
  5
79F
330
1F
100
AcDbEntity
  8
0
  6
Continuous
 62
     7
370
    25
100
AcDbLine
 10
249.283994391
 20
212.2755720649
 30
0.0
 11
247.5519435834
 21
213.2755720649
 31
0.0
  0
LINE
  5
7A0
330
1F
100
AcDbEntity
  8
0
  6
Continuous
 62
     7
370
    25
100
AcDbLine
 10
251.0160451986
 20
213.2755720649
 30
0.0
 11
249.283994391
 21
212.2755720649
 31
0.0
  0
LINE
  5
7A1
330
1F
100
AcDbEntity
  8
0
  6
Continuous
 62
     7
370
    25
100
AcDbLine
 10
251.0160451986
 20
215.2755720649
 30
0.0
 11
251.0160451986
 21
213.2755720649
 31
0.0
  0
LINE
  5
7A2
330
1F
100
AcDbEntity
  8
0
  6
Continuous
 62
     7
370
    25
100
AcDbLine
 10
249.283994391
 20
216.2755720649
 30
0.0
 11
251.0160451986
 21
215.2755720649
 31
0.0
  0
LINE
  5
7A3
330
1F
100
AcDbEntity
  8
0
  6
Continuous
 62
     7
370
    25
100
AcDbLine
 10
253.0160451986
 20
224.1152805612
 30
0.0
 11
253.4977649048
 21
224.519491389
 31
0.0
  0
LINE
  5
7A4
330
1F
100
AcDbEntity
  8
0
  6
Continuous
 62
     7
370
    25
100
AcDbLine
 10
253.0160451986
 20
222.7396736801
 30
0.0
 11
253.0160451986
 21
224.1152805612
 31
0.0
  0
LINE
  5
7A5
330
1F
100
AcDbEntity
  8
0
  6
Continuous
 62
     7
370
    25
100
AcDbLine
 10
254.7480960061
 20
221.7396736801
 30
0.0
 11
253.0160451986
 21
222.7396736801
 31
0.0
  0
LINE
  5
7A6
330
1F
100
AcDbEntity
  8
0
  6
Continuous
 62
     7
370
    25
100
AcDbLine
 10
255.9275879304
 20
222.4206536601
 30
0.0
 11
254.7480960061
 21
221.7396736801
 31
0.0
  0
LINE
  5
7A7
330
1F
100
AcDbEntity
  8
0
  6
Continuous
 62
     7
370
    25
100
AcDbLine
 10
255.9275879304
 20
225.0586937001
 30
0.0
 11
255.9275879304
 21
222.4206536601
 31
0.0
  0
LINE
  5
7A8
330
1F
100
AcDbEntity
  8
0
  6
Continuous
 62
     7
370
    25
100
AcDbLine
 10
254.7894900716
 20
225.7157748052
 30
0.0
 11
255.9275879304
 21
225.0586937001
 31
0.0
  0
ARC
  5
7A9
330
1F
100
AcDbEntity
  8
0
  6
Continuous
 62
     7
370
    25
100
AcDbCircle
 10
241.9275879304
 20
238.3082913651
 30
0.0
 40
17.99999999999998
100
AcDbArc
 50
310.0
 51
315.6063419029
  0
LINE
  5
7AA
330
1F
100
AcDbEntity
  8
0
  6
Continuous
 62
     7
370
    25
100
AcDbLine
 10
214.7673338926
 20
205.8114704498
 30
0.0
 11
216.4993847002
 21
206.8114704498
 31
0.0
  0
LINE
  5
7AB
330
1F
100
AcDbEntity
  8
0
  6
Continuous
 62
     7
370
    25
100
AcDbLine
 10
214.7673338926
 20
203.8114704498
 30
0.0
 11
214.7673338926
 21
205.8114704498
 31
0.0
  0
LINE
  5
7AC
330
1F
100
AcDbEntity
  8
0
  6
Continuous
 62
     7
370
    25
100
AcDbLine
 10
216.4993847002
 20
202.8114704498
 30
0.0
 11
214.7673338926
 21
203.8114704498
 31
0.0
  0
LINE
  5
7AD
330
1F
100
AcDbEntity
  8
0
  6
Continuous
 62
     7
370
    25
100
AcDbLine
 10
218.2314355077
 20
203.8114704498
 30
0.0
 11
216.4993847002
 21
202.8114704498
 31
0.0
  0
LINE
  5
7AE
330
1F
100
AcDbEntity
  8
0
  6
Continuous
 62
     7
370
    25
100
AcDbLine
 10
218.2314355077
 20
205.8114704498
 30
0.0
 11
218.2314355077
 21
203.8114704498
 31
0.0
  0
LINE
  5
7AF
330
1F
100
AcDbEntity
  8
0
  6
Continuous
 62
     7
370
    25
100
AcDbLine
 10
216.4993847002
 20
206.8114704498
 30
0.0
 11
218.2314355077
 21
205.8114704498
 31
0.0
  0
LINE
  5
7B0
330
1F
100
AcDbEntity
  8
0
  6
Continuous
 62
     7
370
    25
100
AcDbLine
 10
209.3032322775
 20
205.8114704498
 30
0.0
 11
211.035283085
 21
206.8114704498
 31
0.0
  0
LINE
  5
7B1
330
1F
100
AcDbEntity
  8
0
  6
Continuous
 62
     7
370
    25
100
AcDbLine
 10
209.3032322775
 20
203.8114704498
 30
0.0
 11
209.3032322775
 21
205.8114704498
 31
0.0
  0
LINE
  5
7B2
330
1F
100
AcDbEntity
  8
0
  6
Continuous
 62
     7
370
    25
100
AcDbLine
 10
211.035283085
 20
202.8114704498
 30
0.0
 11
209.3032322775
 21
203.8114704498
 31
0.0
  0
LINE
  5
7B3
330
1F
100
AcDbEntity
  8
0
  6
Continuous
 62
     7
370
    25
100
AcDbLine
 10
212.7673338926
 20
203.8114704498
 30
0.0
 11
211.035283085
 21
202.8114704498
 31
0.0
  0
LINE
  5
7B4
330
1F
100
AcDbEntity
  8
0
  6
Continuous
 62
     7
370
    25
100
AcDbLine
 10
212.7673338926
 20
205.8114704498
 30
0.0
 11
212.7673338926
 21
203.8114704498
 31
0.0
  0
LINE
  5
7B5
330
1F
100
AcDbEntity
  8
0
  6
Continuous
 62
     7
370
    25
100
AcDbLine
 10
211.035283085
 20
206.8114704498
 30
0.0
 11
212.7673338926
 21
205.8114704498
 31
0.0
  0
LINE
  5
7B6
330
1F
100
AcDbEntity
  8
0
  6
Continuous
 62
     7
370
    25
100
AcDbLine
 10
212.035283085
 20
210.5435212574
 30
0.0
 11
213.7673338926
 21
211.5435212574
 31
0.0
  0
LINE
  5
7B7
330
1F
100
AcDbEntity
  8
0
  6
Continuous
 62
     7
370
    25
100
AcDbLine
 10
212.035283085
 20
208.5435212574
 30
0.0
 11
212.035283085
 21
210.5435212574
 31
0.0
  0
LINE
  5
7B8
330
1F
100
AcDbEntity
  8
0
  6
Continuous
 62
     7
370
    25
100
AcDbLine
 10
213.7673338926
 20
207.5435212574
 30
0.0
 11
212.035283085
 21
208.5435212574
 31
0.0
  0
LINE
  5
7B9
330
1F
100
AcDbEntity
  8
0
  6
Continuous
 62
     7
370
    25
100
AcDbLine
 10
215.4993847002
 20
208.5435212574
 30
0.0
 11
213.7673338926
 21
207.5435212574
 31
0.0
  0
LINE
  5
7BA
330
1F
100
AcDbEntity
  8
0
  6
Continuous
 62
     7
370
    25
100
AcDbLine
 10
215.4993847002
 20
210.5435212574
 30
0.0
 11
215.4993847002
 21
208.5435212574
 31
0.0
  0
LINE
  5
7BB
330
1F
100
AcDbEntity
  8
0
  6
Continuous
 62
     7
370
    25
100
AcDbLine
 10
213.7673338926
 20
211.5435212574
 30
0.0
 11
215.4993847002
 21
210.5435212574
 31
0.0
  0
LINE
  5
7BC
330
1F
100
AcDbEntity
  8
0
  6
Continuous
 62
     7
370
    25
100
AcDbLine
 10
220.2314355077
 20
205.8114704498
 30
0.0
 11
221.9634863153
 21
206.8114704498
 31
0.0
  0
LINE
  5
7BD
330
1F
100
AcDbEntity
  8
0
  6
Continuous
 62
     7
370
    25
100
AcDbLine
 10
220.2314355077
 20
203.8114704498
 30
0.0
 11
220.2314355077
 21
205.8114704498
 31
0.0
  0
LINE
  5
7BE
330
1F
100
AcDbEntity
  8
0
  6
Continuous
 62
     7
370
    25
100
AcDbLine
 10
221.9634863153
 20
202.8114704498
 30
0.0
 11
220.2314355077
 21
203.8114704498
 31
0.0
  0
LINE
  5
7BF
330
1F
100
AcDbEntity
  8
0
  6
Continuous
 62
     7
370
    25
100
AcDbLine
 10
223.6955371229
 20
203.8114704498
 30
0.0
 11
221.9634863153
 21
202.8114704498
 31
0.0
  0
LINE
  5
7C0
330
1F
100
AcDbEntity
  8
0
  6
Continuous
 62
     7
370
    25
100
AcDbLine
 10
223.6955371229
 20
205.8114704498
 30
0.0
 11
223.6955371229
 21
203.8114704498
 31
0.0
  0
LINE
  5
7C1
330
1F
100
AcDbEntity
  8
0
  6
Continuous
 62
     7
370
    25
100
AcDbLine
 10
221.9634863153
 20
206.8114704498
 30
0.0
 11
223.6955371229
 21
205.8114704498
 31
0.0
  0
LINE
  5
7C2
330
1F
100
AcDbEntity
  8
0
  6
Continuous
 62
     7
370
    25
100
AcDbLine
 10
225.6955371229
 20
205.8114704498
 30
0.0
 11
227.4275879304
 21
206.8114704498
 31
0.0
  0
LINE
  5
7C3
330
1F
100
AcDbEntity
  8
0
  6
Continuous
 62
     7
370
    25
100
AcDbLine
 10
225.6955371229
 20
203.8114704498
 30
0.0
 11
225.6955371229
 21
205.8114704498
 31
0.0
  0
LINE
  5
7C4
330
1F
100
AcDbEntity
  8
0
  6
Continuous
 62
     7
370
    25
100
AcDbLine
 10
227.4275879304
 20
202.8114704498
 30
0.0
 11
225.6955371229
 21
203.8114704498
 31
0.0
  0
LINE
  5
7C5
330
1F
100
AcDbEntity
  8
0
  6
Continuous
 62
     7
370
    25
100
AcDbLine
 10
229.159638738
 20
203.8114704498
 30
0.0
 11
227.4275879304
 21
202.8114704498
 31
0.0
  0
LINE
  5
7C6
330
1F
100
AcDbEntity
  8
0
  6
Continuous
 62
     7
370
    25
100
AcDbLine
 10
229.159638738
 20
205.8114704498
 30
0.0
 11
229.159638738
 21
203.8114704498
 31
0.0
  0
LINE
  5
7C7
330
1F
100
AcDbEntity
  8
0
  6
Continuous
 62
     7
370
    25
100
AcDbLine
 10
227.4275879304
 20
206.8114704498
 30
0.0
 11
229.159638738
 21
205.8114704498
 31
0.0
  0
LINE
  5
7C8
330
1F
100
AcDbEntity
  8
0
  6
Continuous
 62
     7
370
    25
100
AcDbLine
 10
231.159638738
 20
205.8114704498
 30
0.0
 11
232.8916895456
 21
206.8114704498
 31
0.0
  0
LINE
  5
7C9
330
1F
100
AcDbEntity
  8
0
  6
Continuous
 62
     7
370
    25
100
AcDbLine
 10
231.159638738
 20
203.8114704498
 30
0.0
 11
231.159638738
 21
205.8114704498
 31
0.0
  0
LINE
  5
7CA
330
1F
100
AcDbEntity
  8
0
  6
Continuous
 62
     7
370
    25
100
AcDbLine
 10
232.8916895456
 20
202.8114704498
 30
0.0
 11
231.159638738
 21
203.8114704498
 31
0.0
  0
LINE
  5
7CB
330
1F
100
AcDbEntity
  8
0
  6
Continuous
 62
     7
370
    25
100
AcDbLine
 10
234.6237403531
 20
203.8114704498
 30
0.0
 11
232.8916895456
 21
202.8114704498
 31
0.0
  0
LINE
  5
7CC
330
1F
100
AcDbEntity
  8
0
  6
Continuous
 62
     7
370
    25
100
AcDbLine
 10
234.6237403531
 20
205.8114704498
 30
0.0
 11
234.6237403531
 21
203.8114704498
 31
0.0
  0
LINE
  5
7CD
330
1F
100
AcDbEntity
  8
0
  6
Continuous
 62
     7
370
    25
100
AcDbLine
 10
232.8916895456
 20
206.8114704498
 30
0.0
 11
234.6237403531
 21
205.8114704498
 31
0.0
  0
LINE
  5
7CE
330
1F
100
AcDbEntity
  8
0
  6
Continuous
 62
     7
370
    25
100
AcDbLine
 10
233.8916895456
 20
208.5435212574
 30
0.0
 11
233.8916895456
 21
209.3420791603
 31
0.0
  0
LINE
  5
7CF
330
1F
100
AcDbEntity
  8
0
  6
Continuous
 62
     7
370
    25
100
AcDbLine
 10
235.6237403531
 20
207.5435212574
 30
0.0
 11
233.8916895456
 21
208.5435212574
 31
0.0
  0
LINE
  5
7D0
330
1F
100
AcDbEntity
  8
0
  6
Continuous
 62
     7
370
    25
100
AcDbLine
 10
237.3557911607
 20
208.5435212574
 30
0.0
 11
235.6237403531
 21
207.5435212574
 31
0.0
  0
LINE
  5
7D1
330
1F
100
AcDbEntity
  8
0
  6
Continuous
 62
     7
370
    25
100
AcDbLine
 10
237.3557911607
 20
210.5435212574
 30
0.0
 11
237.3557911607
 21
208.5435212574
 31
0.0
  0
LINE
  5
7D2
330
1F
100
AcDbEntity
  8
0
  6
Continuous
 62
     7
370
    25
100
AcDbLine
 10
236.8760013185
 20
210.8205280519
 30
0.0
 11
237.3557911607
 21
210.5435212574
 31
0.0
  0
ARC
  5
7D3
330
1F
100
AcDbEntity
  8
0
  6
Continuous
 62
     7
370
    25
100
AcDbCircle
 10
227.4275879304
 20
226.1413467131
 30
0.0
 40
18.00000000000001
100
AcDbArc
 50
291.0459629213
 51
301.6623095582
  0
LINE
  5
7D4
330
1F
100
AcDbEntity
  8
0
  6
Continuous
 62
     7
370
    25
100
AcDbLine
 10
237.3557911607
 20
180.1512164119
 30
0.0
 11
236.8760013185
 21
179.8742096174
 31
0.0
  0
LINE
  5
7D5
330
1F
100
AcDbEntity
  8
0
  6
Continuous
 62
     7
370
    25
100
AcDbLine
 10
237.3557911607
 20
182.1512164119
 30
0.0
 11
237.3557911607
 21
180.1512164119
 31
0.0
  0
LINE
  5
7D6
330
1F
100
AcDbEntity
  8
0
  6
Continuous
 62
     7
370
    25
100
AcDbLine
 10
235.6237403531
 20
183.1512164119
 30
0.0
 11
237.3557911607
 21
182.1512164119
 31
0.0
  0
LINE
  5
7D7
330
1F
100
AcDbEntity
  8
0
  6
Continuous
 62
     7
370
    25
100
AcDbLine
 10
233.8916895456
 20
182.1512164119
 30
0.0
 11
235.6237403531
 21
183.1512164119
 31
0.0
  0
LINE
  5
7D8
330
1F
100
AcDbEntity
  8
0
  6
Continuous
 62
     7
370
    25
100
AcDbLine
 10
233.8916895456
 20
181.352658509
 30
0.0
 11
233.8916895456
 21
182.1512164119
 31
0.0
  0
ARC
  5
7D9
330
1F
100
AcDbEntity
  8
0
  6
Continuous
 62
     7
370
    25
100
AcDbCircle
 10
227.4275879304
 20
164.5533909562
 30
0.0
 40
18.0
100
AcDbArc
 50
58.3376904418
 51
68.9540370787
  0
LINE
  5
7DA
330
1F
100
AcDbEntity
  8
0
  6
Continuous
 62
     7
370
    25
100
AcDbLine
 10
203.8391306623
 20
215.2755720649
 30
0.0
 11
205.5711814699
 21
216.2755720649
 31
0.0
  0
LINE
  5
7DB
330
1F
100
AcDbEntity
  8
0
  6
Continuous
 62
     7
370
    25
100
AcDbLine
 10
203.8391306623
 20
213.2755720649
 30
0.0
 11
203.8391306623
 21
215.2755720649
 31
0.0
  0
LINE
  5
7DC
330
1F
100
AcDbEntity
  8
0
  6
Continuous
 62
     7
370
    25
100
AcDbLine
 10
205.5711814699
 20
212.2755720649
 30
0.0
 11
203.8391306623
 21
213.2755720649
 31
0.0
  0
LINE
  5
7DD
330
1F
100
AcDbEntity
  8
0
  6
Continuous
 62
     7
370
    25
100
AcDbLine
 10
207.3032322775
 20
213.2755720649
 30
0.0
 11
205.5711814699
 21
212.2755720649
 31
0.0
  0
LINE
  5
7DE
330
1F
100
AcDbEntity
  8
0
  6
Continuous
 62
     7
370
    25
100
AcDbLine
 10
207.3032322775
 20
215.2755720649
 30
0.0
 11
207.3032322775
 21
213.2755720649
 31
0.0
  0
LINE
  5
7DF
330
1F
100
AcDbEntity
  8
0
  6
Continuous
 62
     7
370
    25
100
AcDbLine
 10
205.5711814699
 20
216.2755720649
 30
0.0
 11
207.3032322775
 21
215.2755720649
 31
0.0
  0
LINE
  5
7E0
330
1F
100
AcDbEntity
  8
0
  6
Continuous
 62
     7
370
    25
100
AcDbLine
 10
206.5711814699
 20
210.5435212574
 30
0.0
 11
208.3032322775
 21
211.5435212574
 31
0.0
  0
LINE
  5
7E1
330
1F
100
AcDbEntity
  8
0
  6
Continuous
 62
     7
370
    25
100
AcDbLine
 10
206.5711814699
 20
208.5435212574
 30
0.0
 11
206.5711814699
 21
210.5435212574
 31
0.0
  0
LINE
  5
7E2
330
1F
100
AcDbEntity
  8
0
  6
Continuous
 62
     7
370
    25
100
AcDbLine
 10
208.3032322775
 20
207.5435212574
 30
0.0
 11
206.5711814699
 21
208.5435212574
 31
0.0
  0
LINE
  5
7E3
330
1F
100
AcDbEntity
  8
0
  6
Continuous
 62
     7
370
    25
100
AcDbLine
 10
210.035283085
 20
208.5435212574
 30
0.0
 11
208.3032322775
 21
207.5435212574
 31
0.0
  0
LINE
  5
7E4
330
1F
100
AcDbEntity
  8
0
  6
Continuous
 62
     7
370
    25
100
AcDbLine
 10
210.035283085
 20
210.5435212574
 30
0.0
 11
210.035283085
 21
208.5435212574
 31
0.0
  0
LINE
  5
7E5
330
1F
100
AcDbEntity
  8
0
  6
Continuous
 62
     7
370
    25
100
AcDbLine
 10
208.3032322775
 20
211.5435212574
 30
0.0
 11
210.035283085
 21
210.5435212574
 31
0.0
  0
LINE
  5
7E6
330
1F
100
AcDbEntity
  8
0
  6
Continuous
 62
     7
370
    25
100
AcDbLine
 10
203.8391306623
 20
205.8114704498
 30
0.0
 11
205.5711814699
 21
206.8114704498
 31
0.0
  0
LINE
  5
7E7
330
1F
100
AcDbEntity
  8
0
  6
Continuous
 62
     7
370
    25
100
AcDbLine
 10
203.8391306623
 20
203.8114704498
 30
0.0
 11
203.8391306623
 21
205.8114704498
 31
0.0
  0
LINE
  5
7E8
330
1F
100
AcDbEntity
  8
0
  6
Continuous
 62
     7
370
    25
100
AcDbLine
 10
205.5711814699
 20
202.8114704498
 30
0.0
 11
203.8391306623
 21
203.8114704498
 31
0.0
  0
LINE
  5
7E9
330
1F
100
AcDbEntity
  8
0
  6
Continuous
 62
     7
370
    25
100
AcDbLine
 10
207.3032322775
 20
203.8114704498
 30
0.0
 11
205.5711814699
 21
202.8114704498
 31
0.0
  0
LINE
  5
7EA
330
1F
100
AcDbEntity
  8
0
  6
Continuous
 62
     7
370
    25
100
AcDbLine
 10
207.3032322775
 20
205.8114704498
 30
0.0
 11
207.3032322775
 21
203.8114704498
 31
0.0
  0
LINE
  5
7EB
330
1F
100
AcDbEntity
  8
0
  6
Continuous
 62
     7
370
    25
100
AcDbLine
 10
205.5711814699
 20
206.8114704498
 30
0.0
 11
207.3032322775
 21
205.8114704498
 31
0.0
  0
LINE
  5
7EC
330
1F
100
AcDbEntity
  8
0
  6
Continuous
 62
     7
370
    25
100
AcDbLine
 10
206.5711814699
 20
201.0794196422
 30
0.0
 11
208.3032322775
 21
202.0794196422
 31
0.0
  0
LINE
  5
7ED
330
1F
100
AcDbEntity
  8
0
  6
Continuous
 62
     7
370
    25
100
AcDbLine
 10
206.5711814699
 20
199.0794196422
 30
0.0
 11
206.5711814699
 21
201.0794196422
 31
0.0
  0
LINE
  5
7EE
330
1F
100
AcDbEntity
  8
0
  6
Continuous
 62
     7
370
    25
100
AcDbLine
 10
208.3032322775
 20
198.0794196422
 30
0.0
 11
206.5711814699
 21
199.0794196422
 31
0.0
  0
LINE
  5
7EF
330
1F
100
AcDbEntity
  8
0
  6
Continuous
 62
     7
370
    25
100
AcDbLine
 10
210.035283085
 20
199.0794196422
 30
0.0
 11
208.3032322775
 21
198.0794196422
 31
0.0
  0
LINE
  5
7F0
330
1F
100
AcDbEntity
  8
0
  6
Continuous
 62
     7
370
    25
100
AcDbLine
 10
210.035283085
 20
201.0794196422
 30
0.0
 11
210.035283085
 21
199.0794196422
 31
0.0
  0
LINE
  5
7F1
330
1F
100
AcDbEntity
  8
0
  6
Continuous
 62
     7
370
    25
100
AcDbLine
 10
208.3032322775
 20
202.0794196422
 30
0.0
 11
210.035283085
 21
201.0794196422
 31
0.0
  0
LINE
  5
7F2
330
1F
100
AcDbEntity
  8
0
  6
Continuous
 62
     7
370
    25
100
AcDbLine
 10
212.035283085
 20
201.0794196422
 30
0.0
 11
213.7673338926
 21
202.0794196422
 31
0.0
  0
LINE
  5
7F3
330
1F
100
AcDbEntity
  8
0
  6
Continuous
 62
     7
370
    25
100
AcDbLine
 10
212.035283085
 20
199.0794196422
 30
0.0
 11
212.035283085
 21
201.0794196422
 31
0.0
  0
LINE
  5
7F4
330
1F
100
AcDbEntity
  8
0
  6
Continuous
 62
     7
370
    25
100
AcDbLine
 10
213.7673338926
 20
198.0794196422
 30
0.0
 11
212.035283085
 21
199.0794196422
 31
0.0
  0
LINE
  5
7F5
330
1F
100
AcDbEntity
  8
0
  6
Continuous
 62
     7
370
    25
100
AcDbLine
 10
215.4993847002
 20
199.0794196422
 30
0.0
 11
213.7673338926
 21
198.0794196422
 31
0.0
  0
LINE
  5
7F6
330
1F
100
AcDbEntity
  8
0
  6
Continuous
 62
     7
370
    25
100
AcDbLine
 10
215.4993847002
 20
201.0794196422
 30
0.0
 11
215.4993847002
 21
199.0794196422
 31
0.0
  0
LINE
  5
7F7
330
1F
100
AcDbEntity
  8
0
  6
Continuous
 62
     7
370
    25
100
AcDbLine
 10
213.7673338926
 20
202.0794196422
 30
0.0
 11
215.4993847002
 21
201.0794196422
 31
0.0
  0
LINE
  5
7F8
330
1F
100
AcDbEntity
  8
0
  6
Continuous
 62
     7
370
    25
100
AcDbLine
 10
217.4993847002
 20
201.0794196422
 30
0.0
 11
219.2314355077
 21
202.0794196422
 31
0.0
  0
LINE
  5
7F9
330
1F
100
AcDbEntity
  8
0
  6
Continuous
 62
     7
370
    25
100
AcDbLine
 10
217.4993847002
 20
199.0794196422
 30
0.0
 11
217.4993847002
 21
201.0794196422
 31
0.0
  0
LINE
  5
7FA
330
1F
100
AcDbEntity
  8
0
  6
Continuous
 62
     7
370
    25
100
AcDbLine
 10
219.2314355077
 20
198.0794196422
 30
0.0
 11
217.4993847002
 21
199.0794196422
 31
0.0
  0
LINE
  5
7FB
330
1F
100
AcDbEntity
  8
0
  6
Continuous
 62
     7
370
    25
100
AcDbLine
 10
220.9634863153
 20
199.0794196422
 30
0.0
 11
219.2314355077
 21
198.0794196422
 31
0.0
  0
LINE
  5
7FC
330
1F
100
AcDbEntity
  8
0
  6
Continuous
 62
     7
370
    25
100
AcDbLine
 10
220.9634863153
 20
201.0794196422
 30
0.0
 11
220.9634863153
 21
199.0794196422
 31
0.0
  0
LINE
  5
7FD
330
1F
100
AcDbEntity
  8
0
  6
Continuous
 62
     7
370
    25
100
AcDbLine
 10
219.2314355077
 20
202.0794196422
 30
0.0
 11
220.9634863153
 21
201.0794196422
 31
0.0
  0
LINE
  5
7FE
330
1F
100
AcDbEntity
  8
0
  6
Continuous
 62
     7
370
    25
100
AcDbLine
 10
222.9634863153
 20
201.0794196422
 30
0.0
 11
224.6955371229
 21
202.0794196422
 31
0.0
  0
LINE
  5
7FF
330
1F
100
AcDbEntity
  8
0
  6
Continuous
 62
     7
370
    25
100
AcDbLine
 10
222.9634863153
 20
199.0794196422
 30
0.0
 11
222.9634863153
 21
201.0794196422
 31
0.0
  0
LINE
  5
800
330
1F
100
AcDbEntity
  8
0
  6
Continuous
 62
     7
370
    25
100
AcDbLine
 10
224.6955371229
 20
198.0794196422
 30
0.0
 11
222.9634863153
 21
199.0794196422
 31
0.0
  0
LINE
  5
801
330
1F
100
AcDbEntity
  8
0
  6
Continuous
 62
     7
370
    25
100
AcDbLine
 10
226.4275879304
 20
199.0794196422
 30
0.0
 11
224.6955371229
 21
198.0794196422
 31
0.0
  0
LINE
  5
802
330
1F
100
AcDbEntity
  8
0
  6
Continuous
 62
     7
370
    25
100
AcDbLine
 10
226.4275879304
 20
201.0794196422
 30
0.0
 11
226.4275879304
 21
199.0794196422
 31
0.0
  0
LINE
  5
803
330
1F
100
AcDbEntity
  8
0
  6
Continuous
 62
     7
370
    25
100
AcDbLine
 10
224.6955371229
 20
202.0794196422
 30
0.0
 11
226.4275879304
 21
201.0794196422
 31
0.0
  0
LINE
  5
804
330
1F
100
AcDbEntity
  8
0
  6
Continuous
 62
     7
370
    25
100
AcDbLine
 10
225.6955371229
 20
186.8832672195
 30
0.0
 11
227.4275879304
 21
187.8832672195
 31
0.0
  0
LINE
  5
805
330
1F
100
AcDbEntity
  8
0
  6
Continuous
 62
     7
370
    25
100
AcDbLine
 10
225.6955371229
 20
184.8832672195
 30
0.0
 11
225.6955371229
 21
186.8832672195
 31
0.0
  0
LINE
  5
806
330
1F
100
AcDbEntity
  8
0
  6
Continuous
 62
     7
370
    25
100
AcDbLine
 10
227.4275879304
 20
183.8832672195
 30
0.0
 11
225.6955371229
 21
184.8832672195
 31
0.0
  0
LINE
  5
807
330
1F
100
AcDbEntity
  8
0
  6
Continuous
 62
     7
370
    25
100
AcDbLine
 10
229.159638738
 20
184.8832672195
 30
0.0
 11
227.4275879304
 21
183.8832672195
 31
0.0
  0
LINE
  5
808
330
1F
100
AcDbEntity
  8
0
  6
Continuous
 62
     7
370
    25
100
AcDbLine
 10
229.159638738
 20
186.8832672195
 30
0.0
 11
229.159638738
 21
184.8832672195
 31
0.0
  0
LINE
  5
809
330
1F
100
AcDbEntity
  8
0
  6
Continuous
 62
     7
370
    25
100
AcDbLine
 10
227.4275879304
 20
187.8832672195
 30
0.0
 11
229.159638738
 21
186.8832672195
 31
0.0
  0
LINE
  5
80A
330
1F
100
AcDbEntity
  8
0
  6
Continuous
 62
     7
370
    25
100
AcDbLine
 10
228.4275879304
 20
191.6153180271
 30
0.0
 11
230.159638738
 21
192.6153180271
 31
0.0
  0
LINE
  5
80B
330
1F
100
AcDbEntity
  8
0
  6
Continuous
 62
     7
370
    25
100
AcDbLine
 10
228.4275879304
 20
189.6153180271
 30
0.0
 11
228.4275879304
 21
191.6153180271
 31
0.0
  0
LINE
  5
80C
330
1F
100
AcDbEntity
  8
0
  6
Continuous
 62
     7
370
    25
100
AcDbLine
 10
230.159638738
 20
188.6153180271
 30
0.0
 11
228.4275879304
 21
189.6153180271
 31
0.0
  0
LINE
  5
80D
330
1F
100
AcDbEntity
  8
0
  6
Continuous
 62
     7
370
    25
100
AcDbLine
 10
231.8916895456
 20
189.6153180271
 30
0.0
 11
230.159638738
 21
188.6153180271
 31
0.0
  0
LINE
  5
80E
330
1F
100
AcDbEntity
  8
0
  6
Continuous
 62
     7
370
    25
100
AcDbLine
 10
231.8916895456
 20
191.6153180271
 30
0.0
 11
231.8916895456
 21
189.6153180271
 31
0.0
  0
LINE
  5
80F
330
1F
100
AcDbEntity
  8
0
  6
Continuous
 62
     7
370
    25
100
AcDbLine
 10
230.159638738
 20
192.6153180271
 30
0.0
 11
231.8916895456
 21
191.6153180271
 31
0.0
  0
LINE
  5
810
330
1F
100
AcDbEntity
  8
0
  6
Continuous
 62
     7
370
    25
100
AcDbLine
 10
231.159638738
 20
186.8832672195
 30
0.0
 11
232.8916895456
 21
187.8832672195
 31
0.0
  0
LINE
  5
811
330
1F
100
AcDbEntity
  8
0
  6
Continuous
 62
     7
370
    25
100
AcDbLine
 10
231.159638738
 20
184.8832672195
 30
0.0
 11
231.159638738
 21
186.8832672195
 31
0.0
  0
LINE
  5
812
330
1F
100
AcDbEntity
  8
0
  6
Continuous
 62
     7
370
    25
100
AcDbLine
 10
232.8916895456
 20
183.8832672195
 30
0.0
 11
231.159638738
 21
184.8832672195
 31
0.0
  0
LINE
  5
813
330
1F
100
AcDbEntity
  8
0
  6
Continuous
 62
     7
370
    25
100
AcDbLine
 10
234.6237403531
 20
184.8832672195
 30
0.0
 11
232.8916895456
 21
183.8832672195
 31
0.0
  0
LINE
  5
814
330
1F
100
AcDbEntity
  8
0
  6
Continuous
 62
     7
370
    25
100
AcDbLine
 10
234.6237403531
 20
186.8832672195
 30
0.0
 11
234.6237403531
 21
184.8832672195
 31
0.0
  0
LINE
  5
815
330
1F
100
AcDbEntity
  8
0
  6
Continuous
 62
     7
370
    25
100
AcDbLine
 10
232.8916895456
 20
187.8832672195
 30
0.0
 11
234.6237403531
 21
186.8832672195
 31
0.0
  0
LINE
  5
816
330
1F
100
AcDbEntity
  8
0
  6
Continuous
 62
     7
370
    25
100
AcDbLine
 10
236.6237403531
 20
186.8832672195
 30
0.0
 11
238.3557911607
 21
187.8832672195
 31
0.0
  0
LINE
  5
817
330
1F
100
AcDbEntity
  8
0
  6
Continuous
 62
     7
370
    25
100
AcDbLine
 10
236.6237403531
 20
184.8832672195
 30
0.0
 11
236.6237403531
 21
186.8832672195
 31
0.0
  0
LINE
  5
818
330
1F
100
AcDbEntity
  8
0
  6
Continuous
 62
     7
370
    25
100
AcDbLine
 10
238.3557911607
 20
183.8832672195
 30
0.0
 11
236.6237403531
 21
184.8832672195
 31
0.0
  0
LINE
  5
819
330
1F
100
AcDbEntity
  8
0
  6
Continuous
 62
     7
370
    25
100
AcDbLine
 10
240.0878419683
 20
184.8832672195
 30
0.0
 11
238.3557911607
 21
183.8832672195
 31
0.0
  0
LINE
  5
81A
330
1F
100
AcDbEntity
  8
0
  6
Continuous
 62
     7
370
    25
100
AcDbLine
 10
240.0878419683
 20
186.8832672195
 30
0.0
 11
240.0878419683
 21
184.8832672195
 31
0.0
  0
LINE
  5
81B
330
1F
100
AcDbEntity
  8
0
  6
Continuous
 62
     7
370
    25
100
AcDbLine
 10
238.3557911607
 20
187.8832672195
 30
0.0
 11
240.0878419683
 21
186.8832672195
 31
0.0
  0
LINE
  5
81C
330
1F
100
AcDbEntity
  8
0
  6
Continuous
 62
     7
370
    25
100
AcDbLine
 10
214.7673338926
 20
196.3473688347
 30
0.0
 11
216.4993847002
 21
197.3473688347
 31
0.0
  0
LINE
  5
81D
330
1F
100
AcDbEntity
  8
0
  6
Continuous
 62
     7
370
    25
100
AcDbLine
 10
214.7673338926
 20
194.3473688347
 30
0.0
 11
214.7673338926
 21
196.3473688347
 31
0.0
  0
LINE
  5
81E
330
1F
100
AcDbEntity
  8
0
  6
Continuous
 62
     7
370
    25
100
AcDbLine
 10
216.4993847002
 20
193.3473688347
 30
0.0
 11
214.7673338926
 21
194.3473688347
 31
0.0
  0
LINE
  5
81F
330
1F
100
AcDbEntity
  8
0
  6
Continuous
 62
     7
370
    25
100
AcDbLine
 10
218.2314355077
 20
194.3473688347
 30
0.0
 11
216.4993847002
 21
193.3473688347
 31
0.0
  0
LINE
  5
820
330
1F
100
AcDbEntity
  8
0
  6
Continuous
 62
     7
370
    25
100
AcDbLine
 10
218.2314355077
 20
196.3473688347
 30
0.0
 11
218.2314355077
 21
194.3473688347
 31
0.0
  0
LINE
  5
821
330
1F
100
AcDbEntity
  8
0
  6
Continuous
 62
     7
370
    25
100
AcDbLine
 10
216.4993847002
 20
197.3473688347
 30
0.0
 11
218.2314355077
 21
196.3473688347
 31
0.0
  0
LINE
  5
822
330
1F
100
AcDbEntity
  8
0
  6
Continuous
 62
     7
370
    25
100
AcDbLine
 10
217.4993847002
 20
191.6153180271
 30
0.0
 11
219.2314355077
 21
192.6153180271
 31
0.0
  0
LINE
  5
823
330
1F
100
AcDbEntity
  8
0
  6
Continuous
 62
     7
370
    25
100
AcDbLine
 10
217.4993847002
 20
189.6153180271
 30
0.0
 11
217.4993847002
 21
191.6153180271
 31
0.0
  0
LINE
  5
824
330
1F
100
AcDbEntity
  8
0
  6
Continuous
 62
     7
370
    25
100
AcDbLine
 10
219.2314355077
 20
188.6153180271
 30
0.0
 11
217.4993847002
 21
189.6153180271
 31
0.0
  0
LINE
  5
825
330
1F
100
AcDbEntity
  8
0
  6
Continuous
 62
     7
370
    25
100
AcDbLine
 10
220.9634863153
 20
189.6153180271
 30
0.0
 11
219.2314355077
 21
188.6153180271
 31
0.0
  0
LINE
  5
826
330
1F
100
AcDbEntity
  8
0
  6
Continuous
 62
     7
370
    25
100
AcDbLine
 10
220.9634863153
 20
191.6153180271
 30
0.0
 11
220.9634863153
 21
189.6153180271
 31
0.0
  0
LINE
  5
827
330
1F
100
AcDbEntity
  8
0
  6
Continuous
 62
     7
370
    25
100
AcDbLine
 10
219.2314355077
 20
192.6153180271
 30
0.0
 11
220.9634863153
 21
191.6153180271
 31
0.0
  0
LINE
  5
828
330
1F
100
AcDbEntity
  8
0
  6
Continuous
 62
     7
370
    25
100
AcDbLine
 10
220.2314355077
 20
186.8832672195
 30
0.0
 11
221.9634863153
 21
187.8832672195
 31
0.0
  0
LINE
  5
829
330
1F
100
AcDbEntity
  8
0
  6
Continuous
 62
     7
370
    25
100
AcDbLine
 10
220.2314355077
 20
184.8832672195
 30
0.0
 11
220.2314355077
 21
186.8832672195
 31
0.0
  0
LINE
  5
82A
330
1F
100
AcDbEntity
  8
0
  6
Continuous
 62
     7
370
    25
100
AcDbLine
 10
221.9634863153
 20
183.8832672195
 30
0.0
 11
220.2314355077
 21
184.8832672195
 31
0.0
  0
LINE
  5
82B
330
1F
100
AcDbEntity
  8
0
  6
Continuous
 62
     7
370
    25
100
AcDbLine
 10
223.6955371229
 20
184.8832672195
 30
0.0
 11
221.9634863153
 21
183.8832672195
 31
0.0
  0
LINE
  5
82C
330
1F
100
AcDbEntity
  8
0
  6
Continuous
 62
     7
370
    25
100
AcDbLine
 10
223.6955371229
 20
186.8832672195
 30
0.0
 11
223.6955371229
 21
184.8832672195
 31
0.0
  0
LINE
  5
82D
330
1F
100
AcDbEntity
  8
0
  6
Continuous
 62
     7
370
    25
100
AcDbLine
 10
221.9634863153
 20
187.8832672195
 30
0.0
 11
223.6955371229
 21
186.8832672195
 31
0.0
  0
LINE
  5
82E
330
1F
100
AcDbEntity
  8
0
  6
Continuous
 62
     7
370
    25
100
AcDbLine
 10
222.9634863153
 20
191.6153180271
 30
0.0
 11
224.6955371229
 21
192.6153180271
 31
0.0
  0
LINE
  5
82F
330
1F
100
AcDbEntity
  8
0
  6
Continuous
 62
     7
370
    25
100
AcDbLine
 10
222.9634863153
 20
189.6153180271
 30
0.0
 11
222.9634863153
 21
191.6153180271
 31
0.0
  0
LINE
  5
830
330
1F
100
AcDbEntity
  8
0
  6
Continuous
 62
     7
370
    25
100
AcDbLine
 10
224.6955371229
 20
188.6153180271
 30
0.0
 11
222.9634863153
 21
189.6153180271
 31
0.0
  0
LINE
  5
831
330
1F
100
AcDbEntity
  8
0
  6
Continuous
 62
     7
370
    25
100
AcDbLine
 10
226.4275879304
 20
189.6153180271
 30
0.0
 11
224.6955371229
 21
188.6153180271
 31
0.0
  0
LINE
  5
832
330
1F
100
AcDbEntity
  8
0
  6
Continuous
 62
     7
370
    25
100
AcDbLine
 10
226.4275879304
 20
191.6153180271
 30
0.0
 11
226.4275879304
 21
189.6153180271
 31
0.0
  0
LINE
  5
833
330
1F
100
AcDbEntity
  8
0
  6
Continuous
 62
     7
370
    25
100
AcDbLine
 10
224.6955371229
 20
192.6153180271
 30
0.0
 11
226.4275879304
 21
191.6153180271
 31
0.0
  0
LINE
  5
834
330
1F
100
AcDbEntity
  8
0
  6
Continuous
 62
     7
370
    25
100
AcDbLine
 10
233.8916895456
 20
191.6153180271
 30
0.0
 11
235.6237403531
 21
192.6153180271
 31
0.0
  0
LINE
  5
835
330
1F
100
AcDbEntity
  8
0
  6
Continuous
 62
     7
370
    25
100
AcDbLine
 10
233.8916895456
 20
189.6153180271
 30
0.0
 11
233.8916895456
 21
191.6153180271
 31
0.0
  0
LINE
  5
836
330
1F
100
AcDbEntity
  8
0
  6
Continuous
 62
     7
370
    25
100
AcDbLine
 10
235.6237403531
 20
188.6153180271
 30
0.0
 11
233.8916895456
 21
189.6153180271
 31
0.0
  0
LINE
  5
837
330
1F
100
AcDbEntity
  8
0
  6
Continuous
 62
     7
370
    25
100
AcDbLine
 10
237.3557911607
 20
189.6153180271
 30
0.0
 11
235.6237403531
 21
188.6153180271
 31
0.0
  0
LINE
  5
838
330
1F
100
AcDbEntity
  8
0
  6
Continuous
 62
     7
370
    25
100
AcDbLine
 10
237.3557911607
 20
191.6153180271
 30
0.0
 11
237.3557911607
 21
189.6153180271
 31
0.0
  0
LINE
  5
839
330
1F
100
AcDbEntity
  8
0
  6
Continuous
 62
     7
370
    25
100
AcDbLine
 10
235.6237403531
 20
192.6153180271
 30
0.0
 11
237.3557911607
 21
191.6153180271
 31
0.0
  0
LINE
  5
83A
330
1F
100
AcDbEntity
  8
0
  6
Continuous
 62
     7
370
    25
100
AcDbLine
 10
239.3557911607
 20
191.6153180271
 30
0.0
 11
241.0878419683
 21
192.6153180271
 31
0.0
  0
LINE
  5
83B
330
1F
100
AcDbEntity
  8
0
  6
Continuous
 62
     7
370
    25
100
AcDbLine
 10
239.3557911607
 20
189.6153180271
 30
0.0
 11
239.3557911607
 21
191.6153180271
 31
0.0
  0
LINE
  5
83C
330
1F
100
AcDbEntity
  8
0
  6
Continuous
 62
     7
370
    25
100
AcDbLine
 10
241.0878419683
 20
188.6153180271
 30
0.0
 11
239.3557911607
 21
189.6153180271
 31
0.0
  0
LINE
  5
83D
330
1F
100
AcDbEntity
  8
0
  6
Continuous
 62
     7
370
    25
100
AcDbLine
 10
242.8198927759
 20
189.6153180271
 30
0.0
 11
241.0878419683
 21
188.6153180271
 31
0.0
  0
LINE
  5
83E
330
1F
100
AcDbEntity
  8
0
  6
Continuous
 62
     7
370
    25
100
AcDbLine
 10
242.8198927759
 20
191.6153180271
 30
0.0
 11
242.8198927759
 21
189.6153180271
 31
0.0
  0
LINE
  5
83F
330
1F
100
AcDbEntity
  8
0
  6
Continuous
 62
     7
370
    25
100
AcDbLine
 10
241.0878419683
 20
192.6153180271
 30
0.0
 11
242.8198927759
 21
191.6153180271
 31
0.0
  0
LINE
  5
840
330
1F
100
AcDbEntity
  8
0
  6
Continuous
 62
     7
370
    25
100
AcDbLine
 10
244.8198927759
 20
191.6153180271
 30
0.0
 11
246.5519435834
 21
192.6153180271
 31
0.0
  0
LINE
  5
841
330
1F
100
AcDbEntity
  8
0
  6
Continuous
 62
     7
370
    25
100
AcDbLine
 10
244.8198927759
 20
189.6153180271
 30
0.0
 11
244.8198927759
 21
191.6153180271
 31
0.0
  0
LINE
  5
842
330
1F
100
AcDbEntity
  8
0
  6
Continuous
 62
     7
370
    25
100
AcDbLine
 10
246.5519435834
 20
188.6153180271
 30
0.0
 11
244.8198927759
 21
189.6153180271
 31
0.0
  0
LINE
  5
843
330
1F
100
AcDbEntity
  8
0
  6
Continuous
 62
     7
370
    25
100
AcDbLine
 10
248.283994391
 20
189.6153180271
 30
0.0
 11
246.5519435834
 21
188.6153180271
 31
0.0
  0
LINE
  5
844
330
1F
100
AcDbEntity
  8
0
  6
Continuous
 62
     7
370
    25
100
AcDbLine
 10
248.283994391
 20
191.6153180271
 30
0.0
 11
248.283994391
 21
189.6153180271
 31
0.0
  0
LINE
  5
845
330
1F
100
AcDbEntity
  8
0
  6
Continuous
 62
     7
370
    25
100
AcDbLine
 10
246.5519435834
 20
192.6153180271
 30
0.0
 11
248.283994391
 21
191.6153180271
 31
0.0
  0
LINE
  5
846
330
1F
100
AcDbEntity
  8
0
  6
Continuous
 62
     7
370
    25
100
AcDbLine
 10
250.283994391
 20
191.6153180271
 30
0.0
 11
252.0160451986
 21
192.6153180271
 31
0.0
  0
LINE
  5
847
330
1F
100
AcDbEntity
  8
0
  6
Continuous
 62
     7
370
    25
100
AcDbLine
 10
250.283994391
 20
189.6153180271
 30
0.0
 11
250.283994391
 21
191.6153180271
 31
0.0
  0
LINE
  5
848
330
1F
100
AcDbEntity
  8
0
  6
Continuous
 62
     7
370
    25
100
AcDbLine
 10
252.0160451986
 20
188.6153180271
 30
0.0
 11
250.283994391
 21
189.6153180271
 31
0.0
  0
LINE
  5
849
330
1F
100
AcDbEntity
  8
0
  6
Continuous
 62
     7
370
    25
100
AcDbLine
 10
253.7480960061
 20
189.6153180271
 30
0.0
 11
252.0160451986
 21
188.6153180271
 31
0.0
  0
LINE
  5
84A
330
1F
100
AcDbEntity
  8
0
  6
Continuous
 62
     7
370
    25
100
AcDbLine
 10
253.7480960061
 20
191.6153180271
 30
0.0
 11
253.7480960061
 21
189.6153180271
 31
0.0
  0
LINE
  5
84B
330
1F
100
AcDbEntity
  8
0
  6
Continuous
 62
     7
370
    25
100
AcDbLine
 10
252.0160451986
 20
192.6153180271
 30
0.0
 11
253.7480960061
 21
191.6153180271
 31
0.0
  0
LINE
  5
84C
330
1F
100
AcDbEntity
  8
0
  6
Continuous
 62
     7
370
    25
100
AcDbLine
 10
247.5519435834
 20
196.3473688347
 30
0.0
 11
249.283994391
 21
197.3473688347
 31
0.0
  0
LINE
  5
84D
330
1F
100
AcDbEntity
  8
0
  6
Continuous
 62
     7
370
    25
100
AcDbLine
 10
247.5519435834
 20
194.3473688347
 30
0.0
 11
247.5519435834
 21
196.3473688347
 31
0.0
  0
LINE
  5
84E
330
1F
100
AcDbEntity
  8
0
  6
Continuous
 62
     7
370
    25
100
AcDbLine
 10
249.283994391
 20
193.3473688347
 30
0.0
 11
247.5519435834
 21
194.3473688347
 31
0.0
  0
LINE
  5
84F
330
1F
100
AcDbEntity
  8
0
  6
Continuous
 62
     7
370
    25
100
AcDbLine
 10
251.0160451986
 20
194.3473688347
 30
0.0
 11
249.283994391
 21
193.3473688347
 31
0.0
  0
LINE
  5
850
330
1F
100
AcDbEntity
  8
0
  6
Continuous
 62
     7
370
    25
100
AcDbLine
 10
251.0160451986
 20
196.3473688347
 30
0.0
 11
251.0160451986
 21
194.3473688347
 31
0.0
  0
LINE
  5
851
330
1F
100
AcDbEntity
  8
0
  6
Continuous
 62
     7
370
    25
100
AcDbLine
 10
249.283994391
 20
197.3473688347
 30
0.0
 11
251.0160451986
 21
196.3473688347
 31
0.0
  0
LINE
  5
852
330
1F
100
AcDbEntity
  8
0
  6
Continuous
 62
     7
370
    25
100
AcDbLine
 10
253.0160451986
 20
196.3473688347
 30
0.0
 11
254.7480960061
 21
197.3473688347
 31
0.0
  0
LINE
  5
853
330
1F
100
AcDbEntity
  8
0
  6
Continuous
 62
     7
370
    25
100
AcDbLine
 10
253.0160451986
 20
194.3473688347
 30
0.0
 11
253.0160451986
 21
196.3473688347
 31
0.0
  0
LINE
  5
854
330
1F
100
AcDbEntity
  8
0
  6
Continuous
 62
     7
370
    25
100
AcDbLine
 10
254.7480960061
 20
193.3473688347
 30
0.0
 11
253.0160451986
 21
194.3473688347
 31
0.0
  0
LINE
  5
855
330
1F
100
AcDbEntity
  8
0
  6
Continuous
 62
     7
370
    25
100
AcDbLine
 10
255.9275879304
 20
194.0283488147
 30
0.0
 11
254.7480960061
 21
193.3473688347
 31
0.0
  0
LINE
  5
856
330
1F
100
AcDbEntity
  8
0
  6
Continuous
 62
     7
370
    25
100
AcDbLine
 10
255.9275879304
 20
196.6663888546
 30
0.0
 11
255.9275879304
 21
194.0283488147
 31
0.0
  0
LINE
  5
857
330
1F
100
AcDbEntity
  8
0
  6
Continuous
 62
     7
370
    25
100
AcDbLine
 10
254.7480960061
 20
197.3473688347
 30
0.0
 11
255.9275879304
 21
196.6663888546
 31
0.0
  0
LINE
  5
858
330
1F
100
AcDbEntity
  8
0
  6
Continuous
 62
     7
370
    25
100
AcDbLine
 10
242.0878419683
 20
196.3473688347
 30
0.0
 11
243.8198927759
 21
197.3473688347
 31
0.0
  0
LINE
  5
859
330
1F
100
AcDbEntity
  8
0
  6
Continuous
 62
     7
370
    25
100
AcDbLine
 10
242.0878419683
 20
194.3473688347
 30
0.0
 11
242.0878419683
 21
196.3473688347
 31
0.0
  0
LINE
  5
85A
330
1F
100
AcDbEntity
  8
0
  6
Continuous
 62
     7
370
    25
100
AcDbLine
 10
243.8198927759
 20
193.3473688347
 30
0.0
 11
242.0878419683
 21
194.3473688347
 31
0.0
  0
LINE
  5
85B
330
1F
100
AcDbEntity
  8
0
  6
Continuous
 62
     7
370
    25
100
AcDbLine
 10
245.5519435834
 20
194.3473688347
 30
0.0
 11
243.8198927759
 21
193.3473688347
 31
0.0
  0
LINE
  5
85C
330
1F
100
AcDbEntity
  8
0
  6
Continuous
 62
     7
370
    25
100
AcDbLine
 10
245.5519435834
 20
196.3473688347
 30
0.0
 11
245.5519435834
 21
194.3473688347
 31
0.0
  0
LINE
  5
85D
330
1F
100
AcDbEntity
  8
0
  6
Continuous
 62
     7
370
    25
100
AcDbLine
 10
243.8198927759
 20
197.3473688347
 30
0.0
 11
245.5519435834
 21
196.3473688347
 31
0.0
  0
LINE
  5
85E
330
1F
100
AcDbEntity
  8
0
  6
Continuous
 62
     7
370
    25
100
AcDbLine
 10
236.6237403531
 20
196.3473688347
 30
0.0
 11
238.3557911607
 21
197.3473688347
 31
0.0
  0
LINE
  5
85F
330
1F
100
AcDbEntity
  8
0
  6
Continuous
 62
     7
370
    25
100
AcDbLine
 10
236.6237403531
 20
194.3473688347
 30
0.0
 11
236.6237403531
 21
196.3473688347
 31
0.0
  0
LINE
  5
860
330
1F
100
AcDbEntity
  8
0
  6
Continuous
 62
     7
370
    25
100
AcDbLine
 10
238.3557911607
 20
193.3473688347
 30
0.0
 11
236.6237403531
 21
194.3473688347
 31
0.0
  0
LINE
  5
861
330
1F
100
AcDbEntity
  8
0
  6
Continuous
 62
     7
370
    25
100
AcDbLine
 10
240.0878419683
 20
194.3473688347
 30
0.0
 11
238.3557911607
 21
193.3473688347
 31
0.0
  0
LINE
  5
862
330
1F
100
AcDbEntity
  8
0
  6
Continuous
 62
     7
370
    25
100
AcDbLine
 10
240.0878419683
 20
196.3473688347
 30
0.0
 11
240.0878419683
 21
194.3473688347
 31
0.0
  0
LINE
  5
863
330
1F
100
AcDbEntity
  8
0
  6
Continuous
 62
     7
370
    25
100
AcDbLine
 10
238.3557911607
 20
197.3473688347
 30
0.0
 11
240.0878419683
 21
196.3473688347
 31
0.0
  0
LINE
  5
864
330
1F
100
AcDbEntity
  8
0
  6
Continuous
 62
     7
370
    25
100
AcDbLine
 10
218.2314355077
 20
184.8832672195
 30
0.0
 11
216.4993847002
 21
183.8832672195
 31
0.0
  0
ENDSEC
  0
SECTION
  2
OBJECTS
  0
DICTIONARY
  5
C
330
0
100
AcDbDictionary
281
     1
  3
ACAD_GROUP
350
D
  3
ACAD_LAYOUT
350
1A
  3
ACAD_MLINESTYLE
350
17
  3
ACAD_PLOTSETTINGS
350
19
  3
ACAD_PLOTSTYLENAME
350
E
  3
ACAD_SCALELIST
350
47
  3
DWGPROPS
350
865
  0
DICTIONARY
  5
D
102
{ACAD_REACTORS
330
C
102
}
330
C
100
AcDbDictionary
281
     1
  0
DICTIONARY
  5
1A
102
{ACAD_REACTORS
330
C
102
}
330
C
100
AcDbDictionary
281
     1
  3
Layout1
350
1E
  3
Layout2
350
26
  3
Model
350
22
  0
DICTIONARY
  5
17
102
{ACAD_REACTORS
330
C
102
}
330
C
100
AcDbDictionary
281
     1
  3
Standard
350
18
  0
DICTIONARY
  5
19
102
{ACAD_REACTORS
330
C
102
}
330
C
100
AcDbDictionary
281
     1
  0
ACDBDICTIONARYWDFLT
  5
E
102
{ACAD_REACTORS
330
C
102
}
330
C
100
AcDbDictionary
281
     1
  3
Normal
350
F
100
AcDbDictionaryWithDefault
340
F
  0
DICTIONARY
  5
47
102
{ACAD_REACTORS
330
C
102
}
330
C
100
AcDbDictionary
281
     1
  3
A0
350
48
  3
A1
350
49
  3
A2
350
4A
  3
A3
350
4B
  3
A4
350
4C
  3
A5
350
4D
  3
A6
350
4E
  3
A7
350
4F
  3
A8
350
50
  3
A9
350
51
  3
B0
350
52
  3
B1
350
53
  3
B2
350
54
  3
B3
350
55
  3
B4
350
56
  3
B5
350
57
  3
B6
350
58
  0
XRECORD
  5
865
102
{ACAD_REACTORS
330
C
102
}
330
C
100
AcDbXrecord
280
     1
  1
DWGPROPS COOKIE
  2

  3

  4

  6

  7

  8
LenovoPro5
  9

300
=
301
=
302
=
303
=
304
=
305
=
306
=
307
=
308
=
309
=
 40
0.0
 41
2460291.937349838
 42
2460291.937350857
  1

 90
        0
  0
LAYOUT
  5
1E
102
{ACAD_REACTORS
330
1A
102
}
330
1A
100
AcDbPlotSettings
  1

  2
none_device
  4

  6

 40
0.0
 41
0.0
 42
0.0
 43
0.0
 44
0.0
 45
0.0
 46
0.0
 47
0.0
 48
0.0
 49
0.0
140
0.0
141
0.0
142
1.0
143
1.0
 70
   688
 72
     1
 73
     0
 74
     5
  7

 75
    16
147
1.0
148
0.0
149
0.0
100
AcDbLayout
  1
Layout1
 70
     1
 71
     1
 10
0.0
 20
0.0
 11
420.0
 21
297.0
 12
0.0
 22
0.0
 32
0.0
 14
1.0000000000E+20
 24
1.0000000000E+20
 34
1.0000000000E+20
 15
-1.0000000000E+20
 25
-1.0000000000E+20
 35
-1.0000000000E+20
146
0.0
 13
0.0
 23
0.0
 33
0.0
 16
1.0
 26
0.0
 36
0.0
 17
0.0
 27
1.0
 37
0.0
 76
     0
330
1B
  0
LAYOUT
  5
26
102
{ACAD_REACTORS
330
1A
102
}
330
1A
100
AcDbPlotSettings
  1

  2
none_device
  4

  6

 40
0.0
 41
0.0
 42
0.0
 43
0.0
 44
0.0
 45
0.0
 46
0.0
 47
0.0
 48
0.0
 49
0.0
140
0.0
141
0.0
142
1.0
143
1.0
 70
   688
 72
     1
 73
     0
 74
     5
  7

 75
    16
147
1.0
148
0.0
149
0.0
100
AcDbLayout
  1
Layout2
 70
     1
 71
     2
 10
0.0
 20
0.0
 11
0.0
 21
0.0
 12
0.0
 22
0.0
 32
0.0
 14
0.0
 24
0.0
 34
0.0
 15
0.0
 25
0.0
 35
0.0
146
0.0
 13
0.0
 23
0.0
 33
0.0
 16
1.0
 26
0.0
 36
0.0
 17
0.0
 27
1.0
 37
0.0
 76
     0
330
23
  0
LAYOUT
  5
22
102
{ACAD_REACTORS
330
1A
102
}
330
1A
100
AcDbPlotSettings
  1

  2
none_device
  4
Letter_(8.50_x_11.00_Inches)
  6

 40
6.35
 41
6.35
 42
6.35000508
 43
6.35000508
 44
215.9
 45
279.4
 46
0.0
 47
0.0
 48
0.0
 49
0.0
140
0.0
141
0.0
142
1.0
143
1.0
 70
  1712
 72
     1
 73
     0
 74
     0
  7

 75
     0
147
1.0
148
0.0
149
0.0
100
AcDbLayout
  1
Model
 70
     1
 71
     0
 10
0.0
 20
0.0
 11
420.0
 21
297.0
 12
0.0
 22
0.0
 32
0.0
 14
0.0
 24
0.0
 34
0.0
 15
420.0
 25
297.0
 35
0.0
146
0.0
 13
0.0
 23
0.0
 33
0.0
 16
1.0
 26
0.0
 36
0.0
 17
0.0
 27
1.0
 37
0.0
 76
     0
330
1F
331
29
  0
MLINESTYLE
  5
18
102
{ACAD_REACTORS
330
17
102
}
330
17
100
AcDbMlineStyle
  2
Standard
 70
     0
  3

 62
   256
 51
90.0
 52
90.0
 71
     2
 49
0.5
 62
   256
  6
BYLAYER
 49
-0.5
 62
   256
  6
BYLAYER
  0
ACDBPLACEHOLDER
  5
F
102
{ACAD_REACTORS
330
E
102
}
330
E
  0
SCALE
  5
48
102
{ACAD_REACTORS
330
47
102
}
330
47
100
AcDbScale
 70
     0
300
1:1
140
1.0
141
1.0
290
     1
  0
SCALE
  5
49
102
{ACAD_REACTORS
330
47
102
}
330
47
100
AcDbScale
 70
     0
300
1:2
140
1.0
141
2.0
290
     0
  0
SCALE
  5
4A
102
{ACAD_REACTORS
330
47
102
}
330
47
100
AcDbScale
 70
     0
300
1:4
140
1.0
141
4.0
290
     0
  0
SCALE
  5
4B
102
{ACAD_REACTORS
330
47
102
}
330
47
100
AcDbScale
 70
     0
300
1:5
140
1.0
141
5.0
290
     0
  0
SCALE
  5
4C
102
{ACAD_REACTORS
330
47
102
}
330
47
100
AcDbScale
 70
     0
300
1:8
140
1.0
141
8.0
290
     0
  0
SCALE
  5
4D
102
{ACAD_REACTORS
330
47
102
}
330
47
100
AcDbScale
 70
     0
300
1:10
140
1.0
141
10.0
290
     0
  0
SCALE
  5
4E
102
{ACAD_REACTORS
330
47
102
}
330
47
100
AcDbScale
 70
     0
300
1:16
140
1.0
141
16.0
290
     0
  0
SCALE
  5
4F
102
{ACAD_REACTORS
330
47
102
}
330
47
100
AcDbScale
 70
     0
300
1:20
140
1.0
141
20.0
290
     0
  0
SCALE
  5
50
102
{ACAD_REACTORS
330
47
102
}
330
47
100
AcDbScale
 70
     0
300
1:30
140
1.0
141
30.0
290
     0
  0
SCALE
  5
51
102
{ACAD_REACTORS
330
47
102
}
330
47
100
AcDbScale
 70
     0
300
1:40
140
1.0
141
40.0
290
     0
  0
SCALE
  5
52
102
{ACAD_REACTORS
330
47
102
}
330
47
100
AcDbScale
 70
     0
300
1:50
140
1.0
141
50.0
290
     0
  0
SCALE
  5
53
102
{ACAD_REACTORS
330
47
102
}
330
47
100
AcDbScale
 70
     0
300
1:100
140
1.0
141
100.0
290
     0
  0
SCALE
  5
54
102
{ACAD_REACTORS
330
47
102
}
330
47
100
AcDbScale
 70
     0
300
2:1
140
2.0
141
1.0
290
     0
  0
SCALE
  5
55
102
{ACAD_REACTORS
330
47
102
}
330
47
100
AcDbScale
 70
     0
300
4:1
140
4.0
141
1.0
290
     0
  0
SCALE
  5
56
102
{ACAD_REACTORS
330
47
102
}
330
47
100
AcDbScale
 70
     0
300
8:1
140
8.0
141
1.0
290
     0
  0
SCALE
  5
57
102
{ACAD_REACTORS
330
47
102
}
330
47
100
AcDbScale
 70
     0
300
10:1
140
10.0
141
1.0
290
     0
  0
SCALE
  5
58
102
{ACAD_REACTORS
330
47
102
}
330
47
100
AcDbScale
 70
     0
300
100:1
140
100.0
141
1.0
290
     0
  0
ENDSEC
  0
EOF
